id,mesa,numero,cor,paridade,horario_brasilia,iniciado_utc,finalizado_utc,numeros_sorte
6ab50d83b8c045d9c3132437,Red Door Roulette,9,Vermelho,Impar,2026-09-24 08:46:11,2026-09-24T11:44:12.093Z,2026-09-24T11:46:11.436Z,4x1 7x1 9x1 12x1 16x1 17x1 26x1
6ab50dc1b8c045d9c313243b,Red Door Roulette,12,Vermelho,Par,2026-09-24 08:47:12,2026-09-24T11:46:12.543Z,2026-09-24T11:47:12.746Z,0x1 1x1 4x2 10x1 13x1 15x1 18x1 19x1 21x3 31x1
6ab50dfeb8c045d9c3132440,Red Door Roulette,7,Vermelho,Impar,2026-09-24 08:48:14,2026-09-24T11:47:15.850Z,2026-09-24T11:48:14.244Z,3x1 12x1 19x4 26x1 27x1 32x1 35x1
6ab50e3bb8c045d9c3132446,Red Door Roulette,18,Vermelho,Par,2026-09-24 08:49:15,2026-09-24T11:48:17.343Z,2026-09-24T11:49:15.295Z,13x1 19x1 22x1 25x1 29x1 33x1 35x1 36x1
6ab50eb0168778662ac419a9,Red Door Roulette,25,Vermelho,Impar,2026-09-24 08:51:08,2026-09-24T11:49:18.374Z,2026-09-24T11:51:08.966Z,15x1 22x1 5x1 25x1 20x1 18x1 3x1
6ab50f36168778662ac419b4,Red Door Roulette,8,Preto,Par,2026-09-24 08:53:23,2026-09-24T11:51:16.237Z,2026-09-24T11:53:23.231Z,8x3 22x1 28x1 17x1 25x1 14x1
6ab50fb6685dfe1d37e9dffe,Red Door Roulette,11,Preto,Impar,2026-09-24 08:55:21,2026-09-24T11:53:31.435Z,2026-09-24T11:55:21.378Z,11x1 25x1 31x1 18x1 30x2 3x1
6ab50feb0cc1e997df97e513,Red Door Roulette,28,Preto,Par,2026-09-24 08:56:27,2026-09-24T11:55:29.577Z,2026-09-24T11:56:27.279Z,1x1 5x1 8x1 11x2 17x1 18x1 23x1 25x1
6ab510270cc1e997df97e51c,Red Door Roulette,28,Preto,Par,2026-09-24 08:57:26,2026-09-24T11:56:30.357Z,2026-09-24T11:57:26.765Z,0x1 1x1 2x1 5x1 6x1 26x1 32x1 35x1
6ab510620cc1e997df97e522,Red Door Roulette,21,Vermelho,Impar,2026-09-24 08:58:26,2026-09-24T11:57:29.848Z,2026-09-24T11:58:26.272Z,1x1 2x1 3x1 6x1 8x1 13x3 15x1 19x1 20x1 24x1 26x1 27x1 28x1 29x1 30x1
6ab510b1685dfe1d37e9e021,Red Door Roulette,31,Preto,Impar,2026-09-24 08:59:26,2026-09-24T11:58:29.371Z,2026-09-24T11:59:26.267Z,33x1 6x2 14x1 18x1 29x1 30x1 7x7
6ab510d8c1e7dd1092735ee8,Red Door Roulette,13,Preto,Impar,2026-09-24 09:00:23,2026-09-24T11:59:29.369Z,2026-09-24T12:00:23.777Z,7x1 11x1 25x1 28x10 32x1 34x1 36x4
6ab51110c1e7dd1092735eec,Red Door Roulette,15,Preto,Impar,2026-09-24 09:01:20,2026-09-24T12:00:26.906Z,2026-09-24T12:01:20.274Z,7x1 11x1 12x1 25x1 28x1 29x1 30x1 32x1 34x1 36x1
6ab51149c1e7dd1092735eef,Red Door Roulette,25,Vermelho,Impar,2026-09-24 09:02:17,2026-09-24T12:01:23.381Z,2026-09-24T12:02:17.269Z,3x1 6x1 7x1
6ab51185c1e7dd1092735ef2,Red Door Roulette,24,Preto,Par,2026-09-24 09:03:17,2026-09-24T12:02:20.392Z,2026-09-24T12:03:17.283Z,3x1 5x2 6x1 14x1 15x1 22x1 29x1 30x1 34x1
6ab511fa685dfe1d37e9e058,Red Door Roulette,13,Preto,Impar,2026-09-24 09:05:11,2026-09-24T12:03:20.387Z,2026-09-24T12:05:11.434Z,15x2 13x1 24x1 10x1 21x1 32x1 14x1 27x1
6ab5123bc1e7dd1092735efb,Red Door Roulette,35,Preto,Impar,2026-09-24 09:06:18,2026-09-24T12:05:18.661Z,2026-09-24T12:06:18.767Z,1x1 7x1 9x1 18x1 20x1 22x1 29x1 36x1
6ab51273c1e7dd1092735eff,Red Door Roulette,33,Preto,Impar,2026-09-24 09:07:14,2026-09-24T12:06:21.873Z,2026-09-24T12:07:14.774Z,0x1 5x1 10x15 12x5 18x1 19x1 20x1 25x1 27x1 29x1 32x4 36x1
6ab5130c685dfe1d37e9e086,Red Door Roulette,33,Preto,Impar,2026-09-24 09:09:45,2026-09-24T12:07:17.858Z,2026-09-24T12:09:45.715Z,34x1 4x1 9x1 33x1 22x1 5x3 2x1 28x1
6ab5134ac1e7dd1092735f0d,Red Door Roulette,36,Vermelho,Par,2026-09-24 09:10:50,2026-09-24T12:09:52.943Z,2026-09-24T12:10:50.284Z,3x1 4x1 5x1 6x1 10x4 12x1 14x1 17x1 35x1
6ab513dd685dfe1d37e9e0a8,Red Door Roulette,23,Vermelho,Impar,2026-09-24 09:13:15,2026-09-24T12:10:53.345Z,2026-09-24T12:13:15.060Z,23x1 9x1 33x7 22x1 26x1 5x1 29x1 3x1 20x1 27x1
6ab5141bc1e7dd1092735f16,Red Door Roulette,0,Verde,None,2026-09-24 09:14:19,2026-09-24T12:13:22.285Z,2026-09-24T12:14:19.301Z,2x1 11x1 17x1 18x1 20x1 26x1 28x1 29x1
6ab51456c1e7dd1092735f1a,Red Door Roulette,23,Vermelho,Impar,2026-09-24 09:15:18,2026-09-24T12:14:22.393Z,2026-09-24T12:15:18.282Z,0x1 2x1 7x1 13x1 21x4 26x1 27x2 28x1 32x1 33x1
6ab5148fc1e7dd1092735f1e,Red Door Roulette,16,Vermelho,Par,2026-09-24 09:16:14,2026-09-24T12:15:21.363Z,2026-09-24T12:16:14.787Z,1x1 15x1 24x1 28x1 32x1
6ab514cdc1e7dd1092735f23,Red Door Roulette,18,Vermelho,Par,2026-09-24 09:17:17,2026-09-24T12:16:17.873Z,2026-09-24T12:17:17.365Z,2x1 19x1 21x1 25x1 27x1 31x1 32x1 33x1 34x1
6ab5150cc1e7dd1092735f27,Red Door Roulette,31,Preto,Impar,2026-09-24 09:18:20,2026-09-24T12:17:20.461Z,2026-09-24T12:18:20.291Z,0x1 2x1 5x1 7x1 10x1 11x1 14x1 15x1 16x7 25x1 26x2 28x1 32x1
6ab51548c1e7dd1092735f2a,Red Door Roulette,10,Preto,Par,2026-09-24 09:19:20,2026-09-24T12:18:23.435Z,2026-09-24T12:19:20.296Z,4x2 11x2 13x1 14x1 17x1 27x1 30x1 34x10
6ab51583c1e7dd1092735f2e,Red Door Roulette,15,Preto,Impar,2026-09-24 09:20:18,2026-09-24T12:19:23.431Z,2026-09-24T12:20:18.786Z,1x1 2x1 12x1 17x1 21x1 24x1 31x1 33x1
6ab515bbc1e7dd1092735f31,Red Door Roulette,14,Vermelho,Par,2026-09-24 09:21:14,2026-09-24T12:20:21.886Z,2026-09-24T12:21:14.794Z,1x1 10x3 15x1 17x1 22x1 23x2 24x1 29x1 30x1 31x3 35x1
6ab515f5c1e7dd1092735f34,Red Door Roulette,23,Vermelho,Impar,2026-09-24 09:22:13,2026-09-24T12:21:17.909Z,2026-09-24T12:22:13.302Z,7x1 8x1 14x1 20x1 22x2 25x1 30x1
6ab51630685dfe1d37e9e0ed,Red Door Roulette,21,Vermelho,Impar,2026-09-24 09:23:10,2026-09-24T12:22:16.354Z,2026-09-24T12:23:10.276Z,34x1 35x1 36x1 0x3 30x2
6ab51668c1e7dd1092735f39,Red Door Roulette,22,Preto,Par,2026-09-24 09:24:07,2026-09-24T12:23:13.395Z,2026-09-24T12:24:07.785Z,4x1 6x1 15x1 17x1 21x1 28x1 34x1 35x1
6ab516a4c1e7dd1092735f3d,Red Door Roulette,5,Vermelho,Impar,2026-09-24 09:25:08,2026-09-24T12:24:10.888Z,2026-09-24T12:25:08.287Z,4x1 6x1 13x1 16x1 20x2 24x1 26x1 30x1 34x1
6ab516dcc1e7dd1092735f41,Red Door Roulette,34,Vermelho,Par,2026-09-24 09:26:04,2026-09-24T12:25:11.401Z,2026-09-24T12:26:04.299Z,13x1 15x1 19x7 22x1 30x1
6ab51718c1e7dd1092735f44,Red Door Roulette,23,Vermelho,Impar,2026-09-24 09:27:03,2026-09-24T12:26:07.412Z,2026-09-24T12:27:03.796Z,8x1 9x1 20x1 30x1 34x1
6ab51750c1e7dd1092735f49,Red Door Roulette,20,Preto,Par,2026-09-24 09:28:00,2026-09-24T12:27:06.900Z,2026-09-24T12:28:00.308Z,9x1 10x1 12x3 14x1 17x4 18x1 25x5 32x10 33x5 35x2
6ab517c6685dfe1d37e9e12a,Red Door Roulette,19,Vermelho,Impar,2026-09-24 09:29:56,2026-09-24T12:28:03.414Z,2026-09-24T12:29:56.366Z,12x1 19x1 33x1 26x1 13x1 35x1 5x1 10x1 21x4 30x1 6x1 1x1 0x1 27x5
6ab51805c1e7dd1092735f53,Red Door Roulette,4,Preto,Par,2026-09-24 09:31:00,2026-09-24T12:30:03.594Z,2026-09-24T12:31:00.802Z,5x1 11x1 21x1 25x1 35x1
6ab5183fc1e7dd1092735f58,Red Door Roulette,14,Vermelho,Par,2026-09-24 09:31:59,2026-09-24T12:31:03.895Z,2026-09-24T12:31:59.293Z,8x1 9x1 13x1 17x1 19x1 29x1
6ab5187bc1e7dd1092735f5c,Red Door Roulette,5,Vermelho,Impar,2026-09-24 09:32:58,2026-09-24T12:32:02.399Z,2026-09-24T12:32:58.797Z,3x1 10x1 15x1 21x1 25x1 28x1 31x1 34x1 35x1
6ab518b7c1e7dd1092735f60,Red Door Roulette,7,Vermelho,Impar,2026-09-24 09:33:59,2026-09-24T12:33:01.907Z,2026-09-24T12:33:59.302Z,0x1 1x1 3x1 12x1 29x1 35x1
6ab518f5c1e7dd1092735f65,Red Door Roulette,31,Preto,Impar,2026-09-24 09:35:01,2026-09-24T12:34:02.400Z,2026-09-24T12:35:01.308Z,8x1 13x1 15x1 18x1 27x1 29x1 33x1
6ab51934c1e7dd1092735f69,Red Door Roulette,14,Vermelho,Par,2026-09-24 09:36:03,2026-09-24T12:35:04.447Z,2026-09-24T12:36:03.801Z,0x1 1x1 3x1 5x1 7x1 9x1 21x1 23x1 29x5 31x1
6ab51970c1e7dd1092735f6d,Red Door Roulette,35,Preto,Impar,2026-09-24 09:37:04,2026-09-24T12:36:06.917Z,2026-09-24T12:37:04.302Z,3x1 9x1 12x1 14x1 26x1 28x4 30x1 31x1
6ab519aec1e7dd1092735f71,Red Door Roulette,17,Preto,Impar,2026-09-24 09:38:06,2026-09-24T12:37:07.389Z,2026-09-24T12:38:06.293Z,0x1 8x1 10x1 11x1 13x1 29x2 30x5 35x2
6ab519e8c1e7dd1092735f73,Red Door Roulette,7,Vermelho,Impar,2026-09-24 09:39:03,2026-09-24T12:38:09.396Z,2026-09-24T12:39:03.809Z,0x1 1x1 6x1 11x1 17x1 26x1 28x1 36x1
6ab51a21c1e7dd1092735f76,Red Door Roulette,34,Vermelho,Par,2026-09-24 09:40:01,2026-09-24T12:39:06.935Z,2026-09-24T12:40:01.314Z,0x1 1x1 2x3 6x1 14x1 20x1
6ab51a5ec1e7dd1092735f7a,Red Door Roulette,7,Vermelho,Impar,2026-09-24 09:41:01,2026-09-24T12:40:04.447Z,2026-09-24T12:41:01.810Z,4x1 15x1 20x1 22x1 32x1
6ab51a9bc1e7dd1092735f7e,Red Door Roulette,26,Preto,Par,2026-09-24 09:42:02,2026-09-24T12:41:04.910Z,2026-09-24T12:42:02.813Z,6x1 15x1 20x1 31x10 36x1
6ab51ad3c1e7dd1092735f82,Red Door Roulette,25,Vermelho,Impar,2026-09-24 09:42:58,2026-09-24T12:42:05.938Z,2026-09-24T12:42:58.802Z,0x1 1x1 9x1 16x1 19x1 21x1 23x5 27x1 31x1 32x2
6ab51b0fc1e7dd1092735f85,Red Door Roulette,4,Preto,Par,2026-09-24 09:43:59,2026-09-24T12:43:01.933Z,2026-09-24T12:43:59.334Z,5x1 6x1 8x5 20x1 21x1 24x1 26x1 28x1 30x2 31x1
6ab51b4dc1e7dd1092735f89,Red Door Roulette,33,Preto,Impar,2026-09-24 09:45:00,2026-09-24T12:44:02.466Z,2026-09-24T12:45:00.798Z,1x1 4x1 9x1 14x1 20x3
6ab51b85c1e7dd1092735f8e,Red Door Roulette,2,Preto,Par,2026-09-24 09:45:56,2026-09-24T12:45:03.930Z,2026-09-24T12:45:56.815Z,11x1 14x1 21x1 27x1 28x1 31x3 36x1
6ab51bc0c1e7dd1092735f92,Red Door Roulette,16,Vermelho,Par,2026-09-24 09:46:55,2026-09-24T12:45:59.905Z,2026-09-24T12:46:55.805Z,5x3 6x1 14x1 29x1 36x15
6ab51bfbc1e7dd1092735f94,Red Door Roulette,24,Preto,Par,2026-09-24 09:47:54,2026-09-24T12:46:58.898Z,2026-09-24T12:47:54.808Z,3x1 15x1 25x1 36x1
6ab51c37c1e7dd1092735f97,Red Door Roulette,1,Vermelho,Impar,2026-09-24 09:48:54,2026-09-24T12:47:57.923Z,2026-09-24T12:48:54.814Z,12x1 14x1 20x1 27x1 31x1 34x3 35x1
6ab51cba685dfe1d37e9e1e8,Red Door Roulette,6,Preto,Par,2026-09-24 09:51:02,2026-09-24T12:48:57.887Z,2026-09-24T12:51:02.910Z,12x3 8x1 11x1 26x1 13x1 24x1 5x3 6x7 7x1 0x1 20x1
6ab51d3d685dfe1d37e9e1f7,Red Door Roulette,12,Vermelho,Par,2026-09-24 09:53:14,2026-09-24T12:51:11.129Z,2026-09-24T12:53:14.745Z,12x5 8x1 4x1 5x1 21x1 31x1 0x1 2x1 18x1 7x1 29x1 24x1 35x1 6x1 36x1
6ab51d7dc1e7dd1092735fa8,Red Door Roulette,8,Preto,Par,2026-09-24 09:54:20,2026-09-24T12:53:22.985Z,2026-09-24T12:54:20.820Z,5x1 6x2 14x3 17x1 23x1 25x2 34x1
6ab51dbac1e7dd1092735fab,Red Door Roulette,21,Vermelho,Impar,2026-09-24 09:55:21,2026-09-24T12:54:23.927Z,2026-09-24T12:55:21.833Z,0x1 3x1 6x2 8x1 13x1 14x1 18x1 27x1 29x1 30x4 31x1 33x1
6ab51df7c1e7dd1092735fb0,Red Door Roulette,18,Vermelho,Par,2026-09-24 09:56:22,2026-09-24T12:55:24.957Z,2026-09-24T12:56:22.811Z,0x7 5x1 7x1 8x1 16x1 19x1 26x1 29x1 30x1 32x1 35x1 36x1
6ab51e32c1e7dd1092735fb2,Red Door Roulette,34,Vermelho,Par,2026-09-24 09:57:22,2026-09-24T12:56:25.926Z,2026-09-24T12:57:22.321Z,8x1 14x2 19x1 24x3 26x1 27x5 28x1
6ab51e6ebc2e7a7125e4706b,Red Door Roulette,29,Preto,Impar,2026-09-24 09:58:21,2026-09-24T12:57:25.418Z,2026-09-24T12:58:21.329Z,0x1 5x1 6x1 7x20 11x1 16x1 21x1 27x1 28x1
6ab51ea9bc2e7a7125e47073,Red Door Roulette,35,Preto,Impar,2026-09-24 09:59:20,2026-09-24T12:58:24.432Z,2026-09-24T12:59:20.828Z,8x1 10x1 13x1 15x1 25x1 26x2 31x1 32x1
6ab51ee3bc2e7a7125e47079,Red Door Roulette,18,Vermelho,Par,2026-09-24 10:00:19,2026-09-24T12:59:23.954Z,2026-09-24T13:00:19.338Z,3x1 9x1 19x1 23x1 27x1
6ab51f1ebc2e7a7125e4707e,Red Door Roulette,21,Vermelho,Impar,2026-09-24 10:01:17,2026-09-24T13:00:22.469Z,2026-09-24T13:01:17.827Z,3x1 26x5 34x7
6ab51f58bc2e7a7125e47084,Red Door Roulette,26,Preto,Par,2026-09-24 10:02:16,2026-09-24T13:01:20.941Z,2026-09-24T13:02:16.368Z,1x1 4x1 8x1 15x1 16x1 19x1 30x1
6ab51f92bc2e7a7125e4708b,Red Door Roulette,17,Preto,Impar,2026-09-24 10:03:13,2026-09-24T13:02:19.490Z,2026-09-24T13:03:13.839Z,6x1 10x1 11x1 14x1 34x1
6ab51fcdbc2e7a7125e47091,Red Door Roulette,9,Vermelho,Impar,2026-09-24 10:04:12,2026-09-24T13:03:16.932Z,2026-09-24T13:04:12.834Z,1x1 5x2 12x1 18x1 23x1 25x1 26x5 27x1 32x1 34x1
6ab52041bc2e7a7125e4709b,Red Door Roulette,12,Vermelho,Par,2026-09-24 10:06:08,2026-09-24T13:04:15.945Z,2026-09-24T13:06:08.998Z,0x1 2x1 7x1 8x1 12x1 13x1 16x1 17x1 27x1 32x1
6ab5207cbc2e7a7125e470a1,Red Door Roulette,13,Preto,Impar,2026-09-24 10:07:08,2026-09-24T13:06:10.120Z,2026-09-24T13:07:08.322Z,3x1 7x1 12x1 16x1 17x1 21x1 36x1
6ab520eebc2e7a7125e470ad,Red Door Roulette,19,Vermelho,Impar,2026-09-24 10:09:02,2026-09-24T13:07:11.437Z,2026-09-24T13:09:02.556Z,1x1 3x1 9x3 10x1 19x1 25x1 26x1
6ab52129bc2e7a7125e470b4,Red Door Roulette,7,Vermelho,Impar,2026-09-24 10:10:00,2026-09-24T13:09:03.654Z,2026-09-24T13:10:00.849Z,0x1 4x1 5x1 10x1 14x5 15x1 17x1 18x1 19x1 21x3 23x1 26x1 29x1 31x2 32x1
6ab52164bc2e7a7125e470bb,Red Door Roulette,9,Vermelho,Impar,2026-09-24 10:11:00,2026-09-24T13:10:03.991Z,2026-09-24T13:11:00.379Z,7x7 11x2 16x1 25x1 27x1 28x2 30x2
6ab521a1bc2e7a7125e470c0,Red Door Roulette,29,Preto,Impar,2026-09-24 10:12:01,2026-09-24T13:11:03.487Z,2026-09-24T13:12:01.337Z,5x5 7x1 9x3 10x1 13x1 14x1 15x1 18x2 20x1 24x1 26x1 27x1 33x1 34x1 35x1
6ab521dcbc2e7a7125e470c8,Red Door Roulette,29,Preto,Impar,2026-09-24 10:12:59,2026-09-24T13:12:04.453Z,2026-09-24T13:12:59.846Z,2x1 4x1 14x1 16x1 18x10 25x4 28x1 32x1
6ab5221dbc2e7a7125e470cf,Red Door Roulette,5,Vermelho,Impar,2026-09-24 10:13:58,2026-09-24T13:13:02.991Z,2026-09-24T13:13:58.353Z,9x1 10x1 12x3 16x1 27x1 30x5 32x1 34x1 35x1
6ab52252d4b7aee9f69b1711,Red Door Roulette,4,Preto,Par,2026-09-24 10:14:58,2026-09-24T13:14:01.474Z,2026-09-24T13:14:58.360Z,1x1 3x1 9x1 10x2 13x1 15x1 28x1 29x1 32x1
6ab5228ed4b7aee9f69b1717,Red Door Roulette,24,Preto,Par,2026-09-24 10:15:57,2026-09-24T13:15:01.460Z,2026-09-24T13:15:57.849Z,3x1 4x1 14x1 19x1 26x1 27x3 28x1
6ab52321d4b7aee9f69b1726,Red Door Roulette,2,Preto,Par,2026-09-24 10:18:23,2026-09-24T13:16:00.920Z,2026-09-24T13:18:23.029Z,12x1 4x1 15x1 5x1 32x1 20x1 2x1 3x1 35x1 16x5 6x1 36x1
6ab523a4d4b7aee9f69b1732,Red Door Roulette,35,Preto,Impar,2026-09-24 10:20:35,2026-09-24T13:18:30.238Z,2026-09-24T13:20:35.942Z,2x1 11x1 17x1 18x1 27x1 28x1 35x2
6ab524b0d4b7aee9f69b1744,Red Door Roulette,20,Preto,Par,2026-09-24 10:25:04,2026-09-24T13:22:38.073Z,2026-09-24T13:25:04.620Z,12x1 20x1 30x1 32x1 33x1
6ab52533d4b7aee9f69b1750,Red Door Roulette,19,Vermelho,Impar,2026-09-24 10:27:11,2026-09-24T13:25:05.730Z,2026-09-24T13:27:11.536Z,8x1 13x1 32x1 2x1 18x1 19x4 23x1
6ab52574d4b7aee9f69b1756,Red Door Roulette,30,Vermelho,Par,2026-09-24 10:28:19,2026-09-24T13:27:19.791Z,2026-09-24T13:28:19.391Z,2x1 6x1 9x1 11x1 20x4 33x1
6ab525aed4b7aee9f69b175a,Red Door Roulette,22,Preto,Par,2026-09-24 10:29:17,2026-09-24T13:28:22.517Z,2026-09-24T13:29:17.864Z,16x1 20x1 21x1 28x1 29x5 34x1
6ab525e5d4b7aee9f69b175f,Red Door Roulette,6,Preto,Par,2026-09-24 10:30:12,2026-09-24T13:29:20.980Z,2026-09-24T13:30:12.869Z,3x1 7x3 9x1 18x1 31x3 33x3 34x1 36x1
6ab5261cd4b7aee9f69b1762,Red Door Roulette,21,Vermelho,Impar,2026-09-24 10:31:08,2026-09-24T13:30:16.005Z,2026-09-24T13:31:08.373Z,1x1 11x1 12x1 13x1 20x1 22x2 27x1 33x1 34x1 35x1 36x1
6ab5268f168778662ac41a86,Red Door Roulette,24,Preto,Par,2026-09-24 10:33:00,2026-09-24T13:31:11.446Z,2026-09-24T13:33:00.727Z,9x3 24x1 21x1 32x1 31x1 0x1 27x1
6ab526cbd4b7aee9f69b1769,Red Door Roulette,0,Verde,None,2026-09-24 10:34:03,2026-09-24T13:33:07.956Z,2026-09-24T13:34:03.381Z,2x1 4x1 9x1 19x1 21x1 22x1 31x1 33x1 36x1
6ab52708d4b7aee9f69b176c,Red Door Roulette,31,Preto,Impar,2026-09-24 10:35:03,2026-09-24T13:34:06.475Z,2026-09-24T13:35:03.871Z,14x1 18x1 34x1
6ab52776168778662ac41a9a,Red Door Roulette,15,Preto,Impar,2026-09-24 10:36:51,2026-09-24T13:35:06.957Z,2026-09-24T13:36:51.334Z,19x1 15x1 22x3 26x1 13x1 17x1 31x1
6ab52816d4b7aee9f69b177a,Red Door Roulette,13,Preto,Impar,2026-09-24 10:39:34,2026-09-24T13:36:58.534Z,2026-09-24T13:39:34.875Z,4x1 5x1 10x1 13x1 14x1 22x1 29x1 30x1 31x1 35x1
6ab52852d4b7aee9f69b177d,Red Door Roulette,3,Vermelho,Impar,2026-09-24 10:40:34,2026-09-24T13:39:35.986Z,2026-09-24T13:40:34.376Z,5x1 9x1 12x3 13x1 25x3
6ab5288ad4b7aee9f69b1780,Red Door Roulette,19,Vermelho,Impar,2026-09-24 10:41:29,2026-09-24T13:40:37.471Z,2026-09-24T13:41:29.365Z,3x1 6x1 7x1 10x1 25x1 27x1 28x1
6ab528c3d4b7aee9f69b1782,Red Door Roulette,21,Vermelho,Impar,2026-09-24 10:42:26,2026-09-24T13:41:32.487Z,2026-09-24T13:42:26.869Z,3x1 4x1 14x1 28x2 34x1 36x1
6ab52935d4b7aee9f69b1789,Red Door Roulette,12,Vermelho,Par,2026-09-24 10:44:21,2026-09-24T13:42:30.005Z,2026-09-24T13:44:21.656Z,3x5 5x1 8x1 11x1 12x1 19x1 20x1 21x1 23x1 24x1 26x2 34x1
6ab529cc168778662ac41acb,Red Door Roulette,14,Vermelho,Par,2026-09-24 10:46:49,2026-09-24T13:44:22.764Z,2026-09-24T13:46:49.199Z,8x1 5x1 2x1 24x1 35x1 16x1 25x1 14x1 20x1 27x1
6ab52a0dd4b7aee9f69b1794,Red Door Roulette,34,Vermelho,Par,2026-09-24 10:47:56,2026-09-24T13:46:56.423Z,2026-09-24T13:47:56.879Z,8x1 9x1 17x1 18x1 21x1 28x1 36x1
6ab52a48d4b7aee9f69b1797,Red Door Roulette,7,Vermelho,Impar,2026-09-24 10:48:55,2026-09-24T13:47:59.993Z,2026-09-24T13:48:55.877Z,11x1 14x1 19x1 22x1 23x1 28x1 29x1 30x1 34x1 35x1
6ab52ac7d4b7aee9f69b179d,Red Door Roulette,14,Vermelho,Par,2026-09-24 10:51:03,2026-09-24T13:48:59.003Z,2026-09-24T13:51:03.119Z,4x1 9x1 10x1 14x2 28x1 34x1
6ab52b07d4b7aee9f69b179e,Red Door Roulette,12,Vermelho,Par,2026-09-24 10:52:06,2026-09-24T13:51:04.216Z,2026-09-24T13:52:06.390Z,0x1 1x1 3x1 7x1 9x1 15x1 16x1 26x1 29x1 32x1 34x1
6ab52b43d4b7aee9f69b17a2,Red Door Roulette,10,Preto,Par,2026-09-24 10:53:06,2026-09-24T13:52:09.476Z,2026-09-24T13:53:06.391Z,3x1 4x1 7x1 8x1 11x1 14x1 15x1 18x1 19x1 20x1 24x1 25x1 28x1
6ab52b7ed4b7aee9f69b17a6,Red Door Roulette,22,Preto,Par,2026-09-24 10:54:05,2026-09-24T13:53:09.486Z,2026-09-24T13:54:05.898Z,0x1 18x1 24x1 25x1 26x1 34x2
6ab52bf1168778662ac41afc,Red Door Roulette,24,Preto,Par,2026-09-24 10:55:58,2026-09-24T13:54:08.981Z,2026-09-24T13:55:58.849Z,1x1 17x1 2x1 3x5 24x1 16x4
6ab52c32d4b7aee9f69b17af,Red Door Roulette,7,Vermelho,Impar,2026-09-24 10:57:05,2026-09-24T13:56:06.055Z,2026-09-24T13:57:05.397Z,3x1 9x1 16x1 20x1 24x1 31x1
6ab52cadd4b7aee9f69b17b7,Red Door Roulette,11,Preto,Impar,2026-09-24 10:59:09,2026-09-24T13:57:08.508Z,2026-09-24T13:59:09.754Z,1x1 3x1 4x1 11x1 15x1 16x1 25x1 33x1 34x1 36x1
6ab52d28168778662ac41b15,Red Door Roulette,8,Preto,Par,2026-09-24 11:01:08,2026-09-24T13:59:10.794Z,2026-09-24T14:01:08.474Z,12x1 8x1 14x1 31x1 27x1 28x1 6x2 36x1
6ab52da1168778662ac41b1f,Red Door Roulette,34,Vermelho,Par,2026-09-24 11:03:09,2026-09-24T14:01:15.684Z,2026-09-24T14:03:09.969Z,34x1 26x1 10x1 1x1 7x1 3x1 0x1 20x1
6ab53058168778662ac41b51,Red Door Roulette,5,Vermelho,Impar,2026-09-24 11:14:44,2026-09-24T14:03:17.181Z,2026-09-24T14:14:44.084Z,19x1 11x1 5x1 18x1 30x1 3x1 36x1 1x1
6ab53095d4b7aee9f69b17e2,Red Door Roulette,0,Verde,None,2026-09-24 11:15:48,2026-09-24T14:14:51.297Z,2026-09-24T14:15:48.922Z,1x1 2x1 3x2 5x2 10x1 25x1 26x1 29x1 32x1 33x1
6ab53130168778662ac41b60,Red Door Roulette,2,Preto,Par,2026-09-24 11:18:21,2026-09-24T14:15:52.017Z,2026-09-24T14:18:21.641Z,33x1 22x1 26x1 35x1 20x1 2x1 7x1 28x1
6ab531ab168778662ac41b6d,Red Door Roulette,28,Preto,Par,2026-09-24 11:20:24,2026-09-24T14:18:27.850Z,2026-09-24T14:20:24.354Z,26x1 35x1 28x1 19x1 23x1 25x1 14x3
6ab531e8d4b7aee9f69b17f0,Red Door Roulette,22,Preto,Par,2026-09-24 11:21:26,2026-09-24T14:20:31.568Z,2026-09-24T14:21:26.955Z,1x1 6x1 7x1 10x1 20x1 29x2 30x1 32x1 36x1
6ab53222d4b7aee9f69b17f3,Red Door Roulette,13,Preto,Impar,2026-09-24 11:22:25,2026-09-24T14:21:30.023Z,2026-09-24T14:22:25.930Z,2x1 5x1 17x1 20x1 28x1 29x1 32x1 35x1 36x1
6ab53262d4b7aee9f69b17f8,Red Door Roulette,1,Vermelho,Impar,2026-09-24 11:23:29,2026-09-24T14:22:29.046Z,2026-09-24T14:23:29.431Z,0x2 2x3 4x1 13x1 17x1 19x1 20x1 24x1 25x1 31x1 32x1 35x1
6ab5329fd4b7aee9f69b17fa,Red Door Roulette,18,Vermelho,Par,2026-09-24 11:24:30,2026-09-24T14:23:32.538Z,2026-09-24T14:24:30.415Z,0x2 12x1 19x1 21x1 23x1 24x1 26x1 35x1
6ab533125b8899b97c3b1918,Red Door Roulette,27,Vermelho,Impar,2026-09-24 11:26:23,2026-09-24T14:24:33.509Z,2026-09-24T14:26:23.259Z,8x1 9x1 22x1 10x5 1x1 0x1 27x1
6ab533565b8899b97c3b191f,Red Door Roulette,21,Vermelho,Impar,2026-09-24 11:27:31,2026-09-24T14:26:31.482Z,2026-09-24T14:27:31.442Z,10x1 17x1 36x1 9x1
6ab53390d4b7aee9f69b1805,Red Door Roulette,3,Vermelho,Impar,2026-09-24 11:28:31,2026-09-24T14:27:34.590Z,2026-09-24T14:28:31.933Z,1x1 2x1 4x1 6x1 10x1 11x1 24x1 31x15
6ab533e18531284fe458ccd0,Gold Vault Roulette,10,Preto,Par,2026-09-24 11:29:52,2026-09-24T14:29:06.267Z,2026-09-24T14:29:52.871Z,5x50 6x50 13x50 14x100 16x50 29x50 31x50
6ab534055b8899b97c3b1937,Red Door Roulette,15,Preto,Impar,2026-09-24 11:30:26,2026-09-24T14:28:35.042Z,2026-09-24T14:30:26.965Z,15x1 35x1 5x1 36x1 17x1
6ab534158531284fe458ccdb,Gold Vault Roulette,10,Preto,Par,2026-09-24 11:30:44,2026-09-24T14:29:55.977Z,2026-09-24T14:30:44.993Z,2x50 3x50 19x50 26x50 32x50
6ab53446d4b7aee9f69b180f,Red Door Roulette,29,Preto,Impar,2026-09-24 11:31:33,2026-09-24T14:30:35.214Z,2026-09-24T14:31:33.946Z,10x1 19x1 26x1 28x1 34x1
6ab5344a8531284fe458cce6,Gold Vault Roulette,19,Vermelho,Impar,2026-09-24 11:31:37,2026-09-24T14:30:48.087Z,2026-09-24T14:31:37.941Z,7x50 9x50 11x150 20x100 29x50 32x150 34x50
6ab53483d4b7aee9f69b1812,Red Door Roulette,11,Preto,Impar,2026-09-24 11:32:34,2026-09-24T14:31:37.052Z,2026-09-24T14:32:34.942Z,10x1 15x1 19x1 20x1 23x1 36x1
6ab534b88531284fe458ccf8,Gold Vault Roulette,15,Preto,Impar,2026-09-24 11:33:27,2026-09-24T14:32:39.945Z,2026-09-24T14:33:27.715Z,5x50 11x50 17x100 23x50 34x150 36x150
6ab534bdd4b7aee9f69b1815,Red Door Roulette,15,Preto,Impar,2026-09-24 11:33:32,2026-09-24T14:32:38.069Z,2026-09-24T14:33:32.429Z,0x1 9x3 12x1 20x1 26x2 31x1
6ab534e88531284fe458cd00,Gold Vault Roulette,20,Preto,Par,2026-09-24 11:34:16,2026-09-24T14:33:30.844Z,2026-09-24T14:34:16.583Z,3x50 6x50 14x50 19x50 22x100 32x50 34x50 36x150
6ab534fad4b7aee9f69b181a,Red Door Roulette,27,Vermelho,Impar,2026-09-24 11:34:33,2026-09-24T14:33:35.533Z,2026-09-24T14:34:33.943Z,0x1 6x1 7x1 9x1 10x1 17x1 26x1 31x2
6ab5351e8531284fe458cd09,Gold Vault Roulette,6,Preto,Par,2026-09-24 11:35:09,2026-09-24T14:34:19.700Z,2026-09-24T14:35:09.868Z,6x50 9x50 10x50 12x150 25x150
6ab53534d4b7aee9f69b181e,Red Door Roulette,6,Preto,Par,2026-09-24 11:35:31,2026-09-24T14:34:37.026Z,2026-09-24T14:35:31.934Z,1x1 5x1 21x1 24x1 26x1 27x7 34x1 35x2
6ab535528531284fe458cd16,Gold Vault Roulette,15,Preto,Impar,2026-09-24 11:36:02,2026-09-24T14:35:12.959Z,2026-09-24T14:36:02.399Z,8x50 9x100 15x50 16x50 20x50 22x150 24x50 32x100
6ab5356ed4b7aee9f69b1821,Red Door Roulette,13,Preto,Impar,2026-09-24 11:36:29,2026-09-24T14:35:35.015Z,2026-09-24T14:36:29.937Z,20x1 23x1 30x1
6ab535acd4b7aee9f69b1823,Red Door Roulette,20,Preto,Par,2026-09-24 11:37:31,2026-09-24T14:36:33.058Z,2026-09-24T14:37:31.438Z,0x1 6x1 14x1 18x5 29x1
6ab535e8dd0805d445343bb0,Gold Vault Roulette,5,Vermelho,Impar,2026-09-24 11:38:31,2026-09-24T14:37:48.494Z,2026-09-24T14:38:31.854Z,8x50 11x50 12x50 22x100 26x50 27x100 28x50 30x50 34x50
6ab535e9d4b7aee9f69b1827,Red Door Roulette,10,Preto,Par,2026-09-24 11:38:32,2026-09-24T14:37:34.589Z,2026-09-24T14:38:32.452Z,0x1 2x1 4x1 5x3 11x1 20x1 33x1
6ab53619dd0805d445343bb6,Gold Vault Roulette,31,Preto,Impar,2026-09-24 11:39:21,2026-09-24T14:38:34.958Z,2026-09-24T14:39:21.577Z,6x50 10x100 12x50 14x50 23x50 24x50 31x50 33x100 34x50 35x50 36x100
6ab53627d4b7aee9f69b182c,Red Door Roulette,31,Preto,Impar,2026-09-24 11:39:34,2026-09-24T14:38:35.566Z,2026-09-24T14:39:34.439Z,0x1 2x1 8x1 9x1 11x1 14x1 18x1 19x1 22x3 26x1 29x1 36x1
6ab53648dd0805d445343bbf,Gold Vault Roulette,15,Preto,Impar,2026-09-24 11:40:07,2026-09-24T14:39:24.671Z,2026-09-24T14:40:07.664Z,6x50 13x50 15x50 17x150 25x50 33x50 35x100
6ab53660d4b7aee9f69b1830,Red Door Roulette,22,Preto,Par,2026-09-24 11:40:31,2026-09-24T14:39:37.517Z,2026-09-24T14:40:31.940Z,0x1 2x1 27x1 30x1
6ab5367edd0805d445343bca,Gold Vault Roulette,28,Preto,Par,2026-09-24 11:41:02,2026-09-24T14:40:10.728Z,2026-09-24T14:41:02.153Z,5x50 8x50 12x100 18x50 19x50 20x100 26x500 31x50
6ab5369ad4b7aee9f69b1833,Red Door Roulette,0,Verde,None,2026-09-24 11:41:29,2026-09-24T14:40:35.026Z,2026-09-24T14:41:29.932Z,1x1 2x1 4x1 8x1 15x1 20x1 27x1 32x1 33x1 35x1
6ab536afdd0805d445343bd5,Gold Vault Roulette,26,Preto,Par,2026-09-24 11:41:51,2026-09-24T14:41:05.234Z,2026-09-24T14:41:51.427Z,0x50 1x50 2x100 5x50 6x100 8x50 12x50 14x100 15x50 26x100 29x100 30x50 36x50
6ab536d6d4b7aee9f69b1837,Red Door Roulette,0,Verde,None,2026-09-24 11:42:29,2026-09-24T14:41:33.023Z,2026-09-24T14:42:29.447Z,7x1 19x1 27x1 29x2 33x1
6ab536e1dd0805d445343bdd,Gold Vault Roulette,31,Preto,Impar,2026-09-24 11:42:41,2026-09-24T14:41:54.521Z,2026-09-24T14:42:41.531Z,1x50 2x50 4x50 9x50 12x100 27x100 28x50
6ab53716dd0805d445343be6,Gold Vault Roulette,8,Preto,Par,2026-09-24 11:43:34,2026-09-24T14:42:44.656Z,2026-09-24T14:43:34.487Z,5x50 10x50 11x50 15x50 18x100 20x100 28x150 33x150 35x100 36x50
6ab537425b8899b97c3b19ae,Red Door Roulette,23,Vermelho,Impar,2026-09-24 11:44:15,2026-09-24T14:42:32.507Z,2026-09-24T14:44:15Z,34x1 23x1 11x1 33x1 5x1 32x1 31x1 18x1 3x1 24x1 16x3 0x1 20x1
6ab53780d4b7aee9f69b1841,Red Door Roulette,2,Preto,Par,2026-09-24 11:45:19,2026-09-24T14:44:23.285Z,2026-09-24T14:45:19.445Z,4x1 12x1 19x1 21x3
6ab537acdd0805d445343c01,Gold Vault Roulette,20,Preto,Par,2026-09-24 11:46:03,2026-09-24T14:45:20.520Z,2026-09-24T14:46:03.925Z,1x50 3x50 6x50 8x50 14x100 20x50 32x50 33x50
6ab537b9d4b7aee9f69b1843,Red Door Roulette,11,Preto,Impar,2026-09-24 11:46:16,2026-09-24T14:45:22.554Z,2026-09-24T14:46:16.948Z,0x1 7x7 12x4 14x1 16x1 17x1 18x1 21x2 22x1 23x2 24x1 28x1 31x1 34x1 36x1
6ab537dfdd0805d445343c0b,Gold Vault Roulette,34,Vermelho,Par,2026-09-24 11:46:55,2026-09-24T14:46:07.007Z,2026-09-24T14:46:55.591Z,3x50 6x50 12x50 24x150 35x50
6ab537f4d4b7aee9f69b1846,Red Door Roulette,15,Preto,Impar,2026-09-24 11:47:15,2026-09-24T14:46:20.048Z,2026-09-24T14:47:15.939Z,3x7 12x1 13x1 22x1 35x1
6ab53814dd0805d445343c16,Gold Vault Roulette,0,Verde,None,2026-09-24 11:47:48,2026-09-24T14:46:58.688Z,2026-09-24T14:47:48.112Z,1x50 2x50 7x50 11x50 22x50 24x50 28x100 29x150 36x50
6ab53846dd0805d445343c1d,Gold Vault Roulette,30,Vermelho,Par,2026-09-24 11:48:37,2026-09-24T14:47:51.213Z,2026-09-24T14:48:37.844Z,5x50 7x50 17x50 18x50 27x50 29x50 32x50 34x150
6ab5385ddd0805d445343c22,Immersive Roulette,14,Vermelho,Par,2026-09-24 11:49:00,2026-09-24T14:48:13.139Z,2026-09-24T14:49:00.924Z,
6ab53878dd0805d445343c28,Gold Vault Roulette,4,Preto,Par,2026-09-24 11:49:28,2026-09-24T14:48:40.995Z,2026-09-24T14:49:28.688Z,14x50 16x50 20x50 21x50 22x100 26x50 33x50 35x100
6ab53893dd0805d445343c2e,Immersive Roulette,3,Vermelho,Impar,2026-09-24 11:49:54,2026-09-24T14:49:03.982Z,2026-09-24T14:49:54.584Z,
6ab538aadd0805d445343c30,Gold Vault Roulette,36,Vermelho,Par,2026-09-24 11:50:18,2026-09-24T14:49:31.775Z,2026-09-24T14:50:18.772Z,0x100 4x50 8x150 10x50 16x50 20x50 22x50 26x50 29x100 36x50
6ab538c6dd0805d445343c36,Immersive Roulette,24,Preto,Par,2026-09-24 11:50:45,2026-09-24T14:49:57.659Z,2026-09-24T14:50:45.860Z,
6ab538dcdd0805d445343c3a,Gold Vault Roulette,9,Vermelho,Impar,2026-09-24 11:51:08,2026-09-24T14:50:21.875Z,2026-09-24T14:51:08.476Z,3x50 18x50 19x50 21x50 25x100 27x50 29x50
6ab538fadd0805d445343c40,Immersive Roulette,26,Preto,Par,2026-09-24 11:51:37,2026-09-24T14:50:48.946Z,2026-09-24T14:51:37.945Z,
6ab53911dd0805d445343c44,Gold Vault Roulette,22,Preto,Par,2026-09-24 11:52:01,2026-09-24T14:51:11.591Z,2026-09-24T14:52:01.792Z,0x50 1x50 14x50 16x150 22x50 23x150 25x500 28x50 30x50
6ab5392edd0805d445343c4b,Immersive Roulette,32,Vermelho,Par,2026-09-24 11:52:30,2026-09-24T14:51:41.023Z,2026-09-24T14:52:30.481Z,
6ab5393fd4b7aee9f69b1854,Red Door Roulette,27,Vermelho,Impar,2026-09-24 11:52:47,2026-09-24T14:49:14.049Z,2026-09-24T14:52:47.125Z,0x1 3x1 6x1 8x1 11x1 23x1 27x1
6ab53942dd0805d445343c4e,Gold Vault Roulette,12,Vermelho,Par,2026-09-24 11:52:50,2026-09-24T14:52:05.066Z,2026-09-24T14:52:50.278Z,0x50 6x100 12x50 14x150 16x50 21x50
6ab5395fdd0805d445343c56,Immersive Roulette,4,Preto,Par,2026-09-24 11:53:19,2026-09-24T14:52:33.571Z,2026-09-24T14:53:19.287Z,
6ab53975dd0805d445343c59,Gold Vault Roulette,20,Preto,Par,2026-09-24 11:53:41,2026-09-24T14:52:53.416Z,2026-09-24T14:53:41.210Z,0x100 7x150 20x50 24x50 27x50 34x50
6ab53990dd0805d445343c5f,Immersive Roulette,13,Preto,Impar,2026-09-24 11:54:08,2026-09-24T14:53:22.352Z,2026-09-24T14:54:08.576Z,
6ab539a5dd0805d445343c61,Gold Vault Roulette,7,Vermelho,Impar,2026-09-24 11:54:28,2026-09-24T14:53:44.305Z,2026-09-24T14:54:28.882Z,2x100 4x50 8x50 13x50 18x100 24x50 27x50 33x100
6ab539c7dd0805d445343c69,Immersive Roulette,22,Preto,Par,2026-09-24 11:55:02,2026-09-24T14:54:11.649Z,2026-09-24T14:55:02.660Z,
6ab539d6dd0805d445343c6d,Gold Vault Roulette,33,Preto,Impar,2026-09-24 11:55:18,2026-09-24T14:54:32.004Z,2026-09-24T14:55:18.183Z,4x100 7x50 17x50 21x50 24x50 25x50 35x50
6ab539d6d4b7aee9f69b185a,Red Door Roulette,17,Preto,Impar,2026-09-24 11:55:18,2026-09-24T14:52:48.242Z,2026-09-24T14:55:18.550Z,4x1 8x1 10x1 11x1 13x1 15x1 16x1 17x1 25x1 35x1
6ab539f7dd0805d445343c73,Immersive Roulette,11,Preto,Impar,2026-09-24 11:55:51,2026-09-24T14:55:05.742Z,2026-09-24T14:55:51.688Z,
6ab53a07dd0805d445343c79,Gold Vault Roulette,4,Preto,Par,2026-09-24 11:56:07,2026-09-24T14:55:21.288Z,2026-09-24T14:56:07.492Z,2x50 14x150 20x50 34x50 35x50
6ab53a11d4b7aee9f69b185d,Red Door Roulette,27,Vermelho,Impar,2026-09-24 11:56:16,2026-09-24T14:55:19.692Z,2026-09-24T14:56:16.964Z,2x1 3x1 6x1 9x1 13x1 18x1 20x2 29x5 30x1 31x1
6ab53a28dd0805d445343c7d,Immersive Roulette,11,Preto,Impar,2026-09-24 11:56:40,2026-09-24T14:55:54.753Z,2026-09-24T14:56:40.461Z,
6ab53a3bdd0805d445343c82,Gold Vault Roulette,10,Preto,Par,2026-09-24 11:56:59,2026-09-24T14:56:10.612Z,2026-09-24T14:56:59.170Z,5x50 7x150 10x50 12x50 15x50 18x50 19x50 22x50 30x50 35x50 36x50
6ab53a4cd4b7aee9f69b1861,Red Door Roulette,18,Vermelho,Par,2026-09-24 11:57:15,2026-09-24T14:56:20.052Z,2026-09-24T14:57:15.468Z,2x2 26x1 28x1
6ab53a5fdd0805d445343c89,Immersive Roulette,3,Vermelho,Impar,2026-09-24 11:57:34,2026-09-24T14:56:43.508Z,2026-09-24T14:57:34.898Z,
6ab53a6cdd0805d445343c8b,Gold Vault Roulette,22,Preto,Par,2026-09-24 11:57:48,2026-09-24T14:57:02.249Z,2026-09-24T14:57:48.044Z,3x50 4x50 5x50 7x50 19x100 20x100
6ab53a89d4b7aee9f69b1866,Red Door Roulette,14,Vermelho,Par,2026-09-24 11:58:16,2026-09-24T14:57:18.560Z,2026-09-24T14:58:16.467Z,0x1 2x1 5x1 7x1 10x1 11x1 23x1 27x1 33x3 36x1
6ab53a94dd0805d445343c92,Immersive Roulette,14,Vermelho,Par,2026-09-24 11:58:28,2026-09-24T14:57:37.961Z,2026-09-24T14:58:28.581Z,
6ab53a9cdd0805d445343c93,Gold Vault Roulette,8,Preto,Par,2026-09-24 11:58:36,2026-09-24T14:57:51.126Z,2026-09-24T14:58:36.120Z,1x150 16x50 19x50 23x100 29x50 36x50
6ab53ac6dd0805d445343c9b,Immersive Roulette,10,Preto,Par,2026-09-24 11:59:17,2026-09-24T14:58:31.681Z,2026-09-24T14:59:17.965Z,
6ab53af7dd0805d445343ca5,Immersive Roulette,10,Preto,Par,2026-09-24 12:00:07,2026-09-24T14:59:21.041Z,2026-09-24T15:00:07.653Z,
6ab53b01d4b7aee9f69b186c,Red Door Roulette,32,Vermelho,Par,2026-09-24 12:00:16,2026-09-24T14:58:19.572Z,2026-09-24T15:00:16.867Z,2x1 5x2 8x1 11x1 12x1 14x1 15x1 18x1 20x1 23x1 24x1 28x5 32x1 34x1
6ab53b02dd0805d445343ca8,Gold Vault Roulette,22,Preto,Par,2026-09-24 12:00:17,2026-09-24T14:59:30.454Z,2026-09-24T15:00:17.861Z,0x50 5x50 21x50 23x50 30x50 31x50
6ab53b29dd0805d445343caf,Immersive Roulette,13,Preto,Impar,2026-09-24 12:00:57,2026-09-24T15:00:10.761Z,2026-09-24T15:00:57.693Z,
6ab53b33dd0805d445343cb0,Gold Vault Roulette,18,Vermelho,Par,2026-09-24 12:01:06,2026-09-24T15:00:20.961Z,2026-09-24T15:01:06.757Z,0x50 6x50 15x50 19x100 20x100 26x50 28x50 30x50
6ab53b5fdd0805d445343cb9,Immersive Roulette,34,Vermelho,Par,2026-09-24 12:01:51,2026-09-24T15:01:00.776Z,2026-09-24T15:01:51.004Z,
6ab53b64dd0805d445343cbb,Gold Vault Roulette,22,Preto,Par,2026-09-24 12:01:56,2026-09-24T15:01:09.871Z,2026-09-24T15:01:56.053Z,4x50 17x50 19x50 22x100 25x500 28x150 29x50 35x50
6ab53b77d4b7aee9f69b1872,Red Door Roulette,15,Preto,Impar,2026-09-24 12:02:15,2026-09-24T15:00:18Z,2026-09-24T15:02:15.495Z,5x1 6x1 8x1 11x10 15x1 27x1 36x1
6ab53b8edd0805d445343cc3,Immersive Roulette,4,Preto,Par,2026-09-24 12:02:38,2026-09-24T15:01:54.117Z,2026-09-24T15:02:38.687Z,
6ab53b96dd0805d445343cc5,Gold Vault Roulette,13,Preto,Impar,2026-09-24 12:02:45,2026-09-24T15:01:59.147Z,2026-09-24T15:02:45.745Z,1x500 7x100 8x50 9x50 10x150 12x50 17x100 19x50
6ab53bb1d4b7aee9f69b1877,Red Door Roulette,27,Vermelho,Impar,2026-09-24 12:03:12,2026-09-24T15:02:16.595Z,2026-09-24T15:03:12.457Z,4x1 7x1 8x1 21x2 23x1 25x1 26x1 30x5 34x1
6ab53bc3dd0805d445343cce,Immersive Roulette,21,Vermelho,Impar,2026-09-24 12:03:31,2026-09-24T15:02:41.740Z,2026-09-24T15:03:31.558Z,
6ab53bc9dd0805d445343ccf,Gold Vault Roulette,4,Preto,Par,2026-09-24 12:03:37,2026-09-24T15:02:48.849Z,2026-09-24T15:03:37.448Z,0x50 5x100 17x50 20x100 23x50
6ab53bedd4b7aee9f69b1879,Red Door Roulette,27,Vermelho,Impar,2026-09-24 12:04:12,2026-09-24T15:03:15.581Z,2026-09-24T15:04:12.457Z,0x1 1x1 2x1 6x1 9x1 11x1 12x1 13x1 26x1 28x3 31x1 32x1 35x1
6ab53bfadd0805d445343cd8,Gold Vault Roulette,16,Vermelho,Par,2026-09-24 12:04:25,2026-09-24T15:03:40.552Z,2026-09-24T15:04:25.521Z,6x50 8x100 22x50 26x100 27x50 29x50 36x50
6ab53c25d4b7aee9f69b187b,Red Door Roulette,30,Vermelho,Par,2026-09-24 12:05:08,2026-09-24T15:04:15.602Z,2026-09-24T15:05:08.538Z,3x1 11x1 21x1 23x3 33x1 36x1
6ab53c2cdd0805d445343ce3,Gold Vault Roulette,6,Preto,Par,2026-09-24 12:05:16,2026-09-24T15:04:28.603Z,2026-09-24T15:05:16.008Z,3x50 10x150 11x50 12x50 15x50 16x100 23x50 32x50 36x50
6ab53c5add0805d445343ceb,Gold Vault Roulette,19,Vermelho,Impar,2026-09-24 12:06:02,2026-09-24T15:05:19.103Z,2026-09-24T15:06:02.102Z,10x50 12x50 15x50 17x50 21x100 23x100 24x50 26x50
6ab53c60d4b7aee9f69b187d,Red Door Roulette,3,Vermelho,Impar,2026-09-24 12:06:07,2026-09-24T15:05:11.609Z,2026-09-24T15:06:07.977Z,7x1 10x1 20x1 21x1 28x1
6ab53c8cdd0805d445343cf4,Gold Vault Roulette,14,Vermelho,Par,2026-09-24 12:06:52,2026-09-24T15:06:05.221Z,2026-09-24T15:06:52.599Z,2x150 7x500 17x50 31x50 33x150 34x50
6ab53c90dd0805d445343cf5,Immersive Roulette,22,Preto,Par,2026-09-24 12:06:56,2026-09-24T15:06:06.058Z,2026-09-24T15:06:56.265Z,
6ab53c9bd4b7aee9f69b1881,Red Door Roulette,19,Vermelho,Impar,2026-09-24 12:07:06,2026-09-24T15:06:11.066Z,2026-09-24T15:07:06.470Z,11x3 15x1 23x4 27x5 33x1 36x1
6ab53cc0dd0805d445343cfe,Gold Vault Roulette,13,Preto,Impar,2026-09-24 12:07:43,2026-09-24T15:06:55.706Z,2026-09-24T15:07:43.891Z,6x50 7x50 17x100 23x50 25x100 27x50 28x50 29x50 35x100
6ab53cc2dd0805d445343cff,Immersive Roulette,13,Preto,Impar,2026-09-24 12:07:46,2026-09-24T15:06:59.345Z,2026-09-24T15:07:46.351Z,
6ab53cd4d4b7aee9f69b1885,Red Door Roulette,2,Preto,Par,2026-09-24 12:08:03,2026-09-24T15:07:09.579Z,2026-09-24T15:08:03.488Z,5x1 10x1 11x3 15x1 16x3 31x1 32x1 33x1 34x1 36x1
6ab53cf0dd0805d445343d06,Gold Vault Roulette,14,Vermelho,Par,2026-09-24 12:08:32,2026-09-24T15:07:46.953Z,2026-09-24T15:08:32.357Z,3x500 4x150 18x50 24x50 31x50
6ab53cf7dd0805d445343d07,Immersive Roulette,29,Preto,Impar,2026-09-24 12:08:38,2026-09-24T15:07:49.409Z,2026-09-24T15:08:38.831Z,
6ab53d0ed4b7aee9f69b1888,Red Door Roulette,12,Vermelho,Par,2026-09-24 12:09:01,2026-09-24T15:08:06.595Z,2026-09-24T15:09:01.989Z,0x1 4x1 10x1 15x1 20x1 22x5 24x1 25x1 29x1 35x1
6ab53d23dd0805d445343d10,Gold Vault Roulette,15,Preto,Impar,2026-09-24 12:09:23,2026-09-24T15:08:35.478Z,2026-09-24T15:09:23.657Z,8x100 12x50 13x50 22x100 24x50 26x100 33x50 35x50
6ab53d28dd0805d445343d11,Immersive Roulette,25,Vermelho,Impar,2026-09-24 12:09:28,2026-09-24T15:08:41.908Z,2026-09-24T15:09:28.485Z,
6ab53d49d4b7aee9f69b188c,Red Door Roulette,28,Preto,Par,2026-09-24 12:10:00,2026-09-24T15:09:05.093Z,2026-09-24T15:10:00.985Z,2x1 5x1 11x1 12x1 14x1 16x1
6ab53d5add0805d445343d19,Immersive Roulette,29,Preto,Impar,2026-09-24 12:10:18,2026-09-24T15:09:31.560Z,2026-09-24T15:10:18.546Z,
6ab53d82d4b7aee9f69b188f,Red Door Roulette,15,Preto,Impar,2026-09-24 12:10:58,2026-09-24T15:10:04.077Z,2026-09-24T15:10:58.001Z,6x1 13x1 16x1 23x1 26x1 36x1
6ab53d8edd0805d445343d22,Immersive Roulette,4,Preto,Par,2026-09-24 12:11:10,2026-09-24T15:10:21.613Z,2026-09-24T15:11:10.605Z,
6ab53db7dd0805d445343d29,Gold Vault Roulette,9,Vermelho,Impar,2026-09-24 12:11:50,2026-09-24T15:11:05.824Z,2026-09-24T15:11:50.827Z,4x50 6x50 9x50 10x50 17x50 18x50 19x50 20x50 21x150 22x50 23x100 26x100 27x50 34x100 35x50
6ab53dbfd4b7aee9f69b1893,Red Door Roulette,22,Preto,Par,2026-09-24 12:11:58,2026-09-24T15:11:01.083Z,2026-09-24T15:11:58.472Z,4x1 7x1 8x1 10x1 11x1 36x2
6ab53dc1dd0805d445343d2a,Immersive Roulette,25,Vermelho,Impar,2026-09-24 12:12:01,2026-09-24T15:11:13.700Z,2026-09-24T15:12:01.501Z,
6ab53debdd0805d445343d32,Gold Vault Roulette,29,Preto,Impar,2026-09-24 12:12:42,2026-09-24T15:11:53.954Z,2026-09-24T15:12:42.900Z,10x50 12x50 19x50 25x50 33x100
6ab53df2dd0805d445343d34,Immersive Roulette,3,Vermelho,Impar,2026-09-24 12:12:50,2026-09-24T15:12:04.579Z,2026-09-24T15:12:50.014Z,
6ab53e26dd0805d445343d3c,Immersive Roulette,7,Vermelho,Impar,2026-09-24 12:13:41,2026-09-24T15:12:53.106Z,2026-09-24T15:13:41.715Z,
6ab53e56dd0805d445343d45,Immersive Roulette,26,Preto,Par,2026-09-24 12:14:30,2026-09-24T15:13:44.801Z,2026-09-24T15:14:30.200Z,
6ab53e5bd4b7aee9f69b1898,Red Door Roulette,1,Vermelho,Impar,2026-09-24 12:14:35,2026-09-24T15:12:01.625Z,2026-09-24T15:14:35.550Z,1x1 4x1 13x1 19x2 28x1 31x1 32x1 34x1 36x1
6ab53e80dd0805d445343d4b,Gold Vault Roulette,31,Preto,Impar,2026-09-24 12:15:11,2026-09-24T15:14:24.575Z,2026-09-24T15:15:11.935Z,2x100 4x150 6x100 9x150 12x50 15x50 19x50 22x50 29x50 33x50 34x50
6ab53e89dd0805d445343d4f,Immersive Roulette,32,Vermelho,Par,2026-09-24 12:15:20,2026-09-24T15:14:33.275Z,2026-09-24T15:15:20.708Z,
6ab53e95d4b7aee9f69b189b,Red Door Roulette,30,Vermelho,Par,2026-09-24 12:15:32,2026-09-24T15:14:36.659Z,2026-09-24T15:15:32.482Z,0x1 2x5 4x1 5x1 6x2 7x15 19x1 21x1 22x1 23x1 24x1 28x1 34x3
6ab53eb8dd0805d445343d56,Immersive Roulette,8,Preto,Par,2026-09-24 12:16:08,2026-09-24T15:15:23.796Z,2026-09-24T15:16:08.767Z,
6ab53ecfd4b7aee9f69b189f,Red Door Roulette,12,Vermelho,Par,2026-09-24 12:16:30,2026-09-24T15:15:35.596Z,2026-09-24T15:16:30.472Z,0x1 21x1 26x1
6ab53ee1dd0805d445343d5c,Gold Vault Roulette,16,Vermelho,Par,2026-09-24 12:16:49,2026-09-24T15:16:02.353Z,2026-09-24T15:16:49.715Z,6x50 8x50 9x50 11x100 12x100 18x50 19x50 26x50 32x50 35x50
6ab53eeadd0805d445343d5f,Immersive Roulette,0,Verde,None,2026-09-24 12:16:58,2026-09-24T15:16:11.829Z,2026-09-24T15:16:58.412Z,
6ab53f16dd0805d445343d66,Gold Vault Roulette,9,Vermelho,Impar,2026-09-24 12:17:41,2026-09-24T15:16:52.837Z,2026-09-24T15:17:41.792Z,6x50 17x100 25x150 30x50 34x50
6ab53f23dd0805d445343d69,Immersive Roulette,28,Preto,Par,2026-09-24 12:17:55,2026-09-24T15:17:01.472Z,2026-09-24T15:17:55.710Z,
6ab53f46dd0805d445343d6f,Gold Vault Roulette,26,Preto,Par,2026-09-24 12:18:29,2026-09-24T15:17:44.917Z,2026-09-24T15:18:29.893Z,1x50 5x50 7x100 9x50 11x100 12x50 19x50 27x50 29x50 30x100 31x50 34x50 35x50 36x50
6ab53f59dd0805d445343d73,Immersive Roulette,28,Preto,Par,2026-09-24 12:18:49,2026-09-24T15:17:58.817Z,2026-09-24T15:18:49.400Z,
6ab53f7fd4b7aee9f69b18a6,Red Door Roulette,34,Vermelho,Par,2026-09-24 12:19:26,2026-09-24T15:18:32.632Z,2026-09-24T15:19:26.963Z,5x1 8x1 11x1 14x1 31x1
6ab53f8fdd0805d445343d79,Immersive Roulette,11,Preto,Impar,2026-09-24 12:19:43,2026-09-24T15:18:52.500Z,2026-09-24T15:19:43.086Z,
6ab53fa8dd0805d445343d7f,Gold Vault Roulette,16,Vermelho,Par,2026-09-24 12:20:08,2026-09-24T15:19:19.991Z,2026-09-24T15:20:08.239Z,1x50 5x50 6x100 9x50 12x50 15x50 16x50 17x50 20x100 21x100 23x100 29x100 33x50
6ab53fb9d4b7aee9f69b18a9,Red Door Roulette,35,Preto,Impar,2026-09-24 12:20:25,2026-09-24T15:19:30.074Z,2026-09-24T15:20:25.485Z,8x1 10x1 12x1 13x1 15x1 17x4 24x1 29x1 31x1 33x1
6ab53fc3dd0805d445343d84,Immersive Roulette,34,Vermelho,Par,2026-09-24 12:20:35,2026-09-24T15:19:46.184Z,2026-09-24T15:20:35.183Z,
6ab53fdedd0805d445343d88,Gold Vault Roulette,21,Vermelho,Impar,2026-09-24 12:21:01,2026-09-24T15:20:11.316Z,2026-09-24T15:21:01.930Z,5x50 6x50 7x50 8x50 10x50 21x50 25x50
6ab53ff5dd0805d445343d8e,Immersive Roulette,3,Vermelho,Impar,2026-09-24 12:21:25,2026-09-24T15:20:38.243Z,2026-09-24T15:21:25.231Z,
6ab53ff7d4b7aee9f69b18ad,Red Door Roulette,22,Preto,Par,2026-09-24 12:21:27,2026-09-24T15:20:28.609Z,2026-09-24T15:21:27.007Z,11x1 14x1 19x1 24x1 31x1 33x1
6ab54011dd0805d445343d92,Gold Vault Roulette,1,Vermelho,Impar,2026-09-24 12:21:52,2026-09-24T15:21:05.045Z,2026-09-24T15:21:52.819Z,10x50 11x50 22x50 28x50 36x50
6ab54025dd0805d445343d98,Immersive Roulette,17,Preto,Impar,2026-09-24 12:22:12,2026-09-24T15:21:28.324Z,2026-09-24T15:22:12.913Z,
6ab54035d4b7aee9f69b18b0,Red Door Roulette,15,Preto,Impar,2026-09-24 12:22:28,2026-09-24T15:21:30.100Z,2026-09-24T15:22:28.984Z,6x1 11x1 18x1 22x1 31x1 35x1
6ab54042dd0805d445343d9f,Gold Vault Roulette,20,Preto,Par,2026-09-24 12:22:41,2026-09-24T15:21:55.930Z,2026-09-24T15:22:41.714Z,0x100 1x100 7x50 12x50 13x50 16x50 18x50 19x50 20x50 27x50 30x50 31x50 33x50 35x50 36x50
6ab54073d4b7aee9f69b18b3,Red Door Roulette,7,Vermelho,Impar,2026-09-24 12:23:30,2026-09-24T15:22:32.180Z,2026-09-24T15:23:30.477Z,0x1 2x1 4x3 5x7 11x4 14x1 15x1 18x10 20x4 23x1 30x1 31x1 35x1
6ab54099dd0805d445343daa,Gold Vault Roulette,14,Vermelho,Par,2026-09-24 12:24:09,2026-09-24T15:23:27.702Z,2026-09-24T15:24:09.512Z,0x100 1x150 14x50 17x50 28x50 30x50 31x50
6ab540acd4b7aee9f69b18b7,Red Door Roulette,19,Vermelho,Impar,2026-09-24 12:24:28,2026-09-24T15:23:33.600Z,2026-09-24T15:24:28.481Z,3x1 5x1 15x2 24x1 33x1
6ab540c7dd0805d445343db2,Gold Vault Roulette,28,Preto,Par,2026-09-24 12:24:55,2026-09-24T15:24:12.631Z,2026-09-24T15:24:55.575Z,15x50 18x50 19x50 22x50 30x150
6ab540d0dd0805d445343db3,Immersive Roulette,35,Preto,Impar,2026-09-24 12:25:03,2026-09-24T15:22:16.005Z,2026-09-24T15:25:03.964Z,
6ab540e7d4b7aee9f69b18ba,Red Door Roulette,21,Vermelho,Impar,2026-09-24 12:25:26,2026-09-24T15:24:31.586Z,2026-09-24T15:25:26.997Z,1x1 5x1 6x1 7x1 8x20 13x1 17x1 20x1 26x2 34x1
6ab540f7dd0805d445343db9,Gold Vault Roulette,13,Preto,Impar,2026-09-24 12:25:43,2026-09-24T15:24:58.685Z,2026-09-24T15:25:43.283Z,3x50 6x50 7x100 16x50 19x100 24x50 27x100 30x50 32x50
6ab54106dd0805d445343dba,Immersive Roulette,11,Preto,Impar,2026-09-24 12:25:58,2026-09-24T15:25:07.035Z,2026-09-24T15:25:58.430Z,
6ab54123dd0805d445343dc0,Gold Vault Roulette,25,Vermelho,Impar,2026-09-24 12:26:27,2026-09-24T15:25:46.434Z,2026-09-24T15:26:27.362Z,8x50 12x50 19x50 21x100 22x50
6ab54125d4b7aee9f69b18bf,Red Door Roulette,24,Preto,Par,2026-09-24 12:26:28,2026-09-24T15:25:30.120Z,2026-09-24T15:26:28.991Z,5x1 13x1 21x5 22x1 25x1 29x1
6ab54136dd0805d445343dc3,Immersive Roulette,29,Preto,Impar,2026-09-24 12:26:46,2026-09-24T15:26:01.507Z,2026-09-24T15:26:46.522Z,
6ab54150dd0805d445343dc5,Gold Vault Roulette,8,Preto,Par,2026-09-24 12:27:12,2026-09-24T15:26:30.474Z,2026-09-24T15:27:12.674Z,6x50 11x50 13x50 31x100 32x50
6ab5416bdd0805d445343dcb,Immersive Roulette,0,Verde,None,2026-09-24 12:27:39,2026-09-24T15:26:49.594Z,2026-09-24T15:27:39.415Z,
6ab5417ddd0805d445343dcd,Gold Vault Roulette,23,Vermelho,Impar,2026-09-24 12:27:57,2026-09-24T15:27:15.782Z,2026-09-24T15:27:57.148Z,6x100 9x100 10x50 17x50 23x50 31x50
6ab5418add0805d445343dcf,XXXtreme Lightning Roulette,34,Vermelho,Par,2026-09-24 12:28:10,2026-09-24T15:27:22.437Z,2026-09-24T15:28:10.352Z,21x100 22x100 26x100
6ab5419fdd0805d445343dd4,Immersive Roulette,22,Preto,Par,2026-09-24 12:28:31,2026-09-24T15:27:42.505Z,2026-09-24T15:28:31.547Z,
6ab541a7dd0805d445343dd6,Gold Vault Roulette,25,Vermelho,Impar,2026-09-24 12:28:39,2026-09-24T15:28:00.252Z,2026-09-24T15:28:39.632Z,8x50 19x50 23x150 24x50 26x100 29x50 31x50 35x50
6ab541bdd4b7aee9f69b18c8,Red Door Roulette,30,Vermelho,Par,2026-09-24 12:29:01,2026-09-24T15:26:32.110Z,2026-09-24T15:29:01.438Z,6x1 10x1 11x1 14x1 21x1 24x3 30x1 32x1
6ab541bedd0805d445343dd9,XXXtreme Lightning Roulette,2,Preto,Par,2026-09-24 12:29:01,2026-09-24T15:28:13.453Z,2026-09-24T15:29:01.870Z,2x100 10x200 13x50 15x100 16x100 18x1000 21x50 23x100 28x50 33x100
6ab541d5dd0805d445343ddd,Gold Vault Roulette,12,Vermelho,Par,2026-09-24 12:29:25,2026-09-24T15:28:42.705Z,2026-09-24T15:29:25.338Z,2x50 4x50 19x50 20x50 32x150
6ab541d6dd0805d445343dde,Immersive Roulette,13,Preto,Impar,2026-09-24 12:29:25,2026-09-24T15:28:34.604Z,2026-09-24T15:29:25.996Z,
6ab541f2dd0805d445343de3,XXXtreme Lightning Roulette,28,Preto,Par,2026-09-24 12:29:54,2026-09-24T15:29:04.963Z,2026-09-24T15:29:54.372Z,0x100 1x1000 12x100 14x50 22x100 23x100
6ab541f9d4b7aee9f69b18cb,Red Door Roulette,32,Vermelho,Par,2026-09-24 12:30:01,2026-09-24T15:29:02.552Z,2026-09-24T15:30:01.006Z,14x1 23x1 28x1 29x1 34x1
6ab54208dd0805d445343de5,Immersive Roulette,26,Preto,Par,2026-09-24 12:30:16,2026-09-24T15:29:29.097Z,2026-09-24T15:30:16.149Z,
6ab54227dd0805d445343dec,XXXtreme Lightning Roulette,25,Vermelho,Impar,2026-09-24 12:30:46,2026-09-24T15:29:57.468Z,2026-09-24T15:30:46.869Z,29x150 32x100
6ab5422bdd0805d445343ded,Gold Vault Roulette,36,Vermelho,Par,2026-09-24 12:30:51,2026-09-24T15:30:12.101Z,2026-09-24T15:30:51.456Z,4x100 11x50 19x50 30x100 32x150
6ab54231d4b7aee9f69b18cf,Red Door Roulette,29,Preto,Impar,2026-09-24 12:30:56,2026-09-24T15:30:04.101Z,2026-09-24T15:30:56.991Z,20x1 27x5 31x1 33x1 35x1
6ab5423edd0805d445343df2,Immersive Roulette,10,Preto,Par,2026-09-24 12:31:09,2026-09-24T15:30:19.251Z,2026-09-24T15:31:09.765Z,
6ab5425cdd0805d445343df7,XXXtreme Lightning Roulette,14,Vermelho,Par,2026-09-24 12:31:39,2026-09-24T15:30:49.919Z,2026-09-24T15:31:39.875Z,18x600 22x50 36x50
6ab5426dd4b7aee9f69b18d1,Red Door Roulette,11,Preto,Impar,2026-09-24 12:31:56,2026-09-24T15:31:00.091Z,2026-09-24T15:31:56.978Z,7x3 9x1 13x1 14x1 22x2 24x1 25x1 27x1 35x1 36x1
6ab54270dd0805d445343dfb,Immersive Roulette,3,Vermelho,Impar,2026-09-24 12:32:00,2026-09-24T15:31:12.850Z,2026-09-24T15:32:00.277Z,
6ab54286dd0805d445343dfe,Gold Vault Roulette,27,Vermelho,Impar,2026-09-24 12:32:22,2026-09-24T15:31:40.649Z,2026-09-24T15:32:22.016Z,0x100 8x50 14x50 16x50 18x50 25x100 32x100
6ab54291dd0805d445343e03,XXXtreme Lightning Roulette,24,Preto,Par,2026-09-24 12:32:33,2026-09-24T15:31:42.972Z,2026-09-24T15:32:33.393Z,17x50 29x100 35x100
6ab5429edd0805d445343e06,Immersive Roulette,8,Preto,Par,2026-09-24 12:32:46,2026-09-24T15:32:03.350Z,2026-09-24T15:32:46.354Z,
6ab542a8d4b7aee9f69b18d6,Red Door Roulette,10,Preto,Par,2026-09-24 12:32:55,2026-09-24T15:32:00.066Z,2026-09-24T15:32:55.512Z,2x1 8x1 9x1 12x1 14x1 18x1 25x15 30x1 32x1
6ab542b3dd0805d445343e09,Gold Vault Roulette,11,Preto,Impar,2026-09-24 12:33:07,2026-09-24T15:32:25.125Z,2026-09-24T15:33:07.287Z,0x500 4x50 8x150 9x50 10x100 14x50 15x50 17x50 18x50 29x150
6ab542c4dd0805d445343e0d,XXXtreme Lightning Roulette,31,Preto,Impar,2026-09-24 12:33:24,2026-09-24T15:32:36.478Z,2026-09-24T15:33:24.394Z,3x50 12x100 17x100 26x100 28x100 29x100 36x100
6ab542d1dd0805d445343e0f,Immersive Roulette,11,Preto,Impar,2026-09-24 12:33:36,2026-09-24T15:32:49.410Z,2026-09-24T15:33:36.839Z,
6ab542e0dd0805d445343e13,Gold Vault Roulette,24,Preto,Par,2026-09-24 12:33:52,2026-09-24T15:33:10.401Z,2026-09-24T15:33:52.182Z,0x50 3x50 20x150 28x50 31x50 32x50 36x50
6ab542e1d4b7aee9f69b18d9,Red Door Roulette,11,Preto,Impar,2026-09-24 12:33:52,2026-09-24T15:32:58.578Z,2026-09-24T15:33:52.505Z,4x1 7x1 13x1 19x1 21x4 23x1 32x1 35x1
6ab542f8dd0805d445343e18,XXXtreme Lightning Roulette,8,Preto,Par,2026-09-24 12:34:16,2026-09-24T15:33:27.485Z,2026-09-24T15:34:16.412Z,5x100 6x100 28x50
6ab5430add0805d445343e1a,Gold Vault Roulette,7,Vermelho,Impar,2026-09-24 12:34:34,2026-09-24T15:33:55.286Z,2026-09-24T15:34:34.254Z,0x50 2x50 4x500 13x50 18x50 22x50 24x50 26x50 27x150 28x50 30x100 31x100 32x50 33x50 34x50
6ab5431dd4b7aee9f69b18dc,Red Door Roulette,19,Vermelho,Impar,2026-09-24 12:34:52,2026-09-24T15:33:55.626Z,2026-09-24T15:34:52.499Z,0x1 10x1 14x1 29x1
6ab5432cdd0805d445343e1d,XXXtreme Lightning Roulette,20,Preto,Par,2026-09-24 12:35:08,2026-09-24T15:34:19.495Z,2026-09-24T15:35:08.418Z,10x100
6ab54338dd0805d445343e20,Gold Vault Roulette,29,Preto,Impar,2026-09-24 12:35:20,2026-09-24T15:34:37.368Z,2026-09-24T15:35:20.746Z,0x50 5x50 8x100 11x100 12x100 15x50 17x150 19x50 21x50 23x50
6ab5433cdd0805d445343e21,Immersive Roulette,12,Vermelho,Par,2026-09-24 12:35:23,2026-09-24T15:34:31.179Z,2026-09-24T15:35:23.776Z,
6ab54358d4b7aee9f69b18e0,Red Door Roulette,13,Preto,Impar,2026-09-24 12:35:51,2026-09-24T15:34:55.590Z,2026-09-24T15:35:51.987Z,0x1 1x1 8x1 9x1 35x1
6ab5435fdd0805d445343e29,XXXtreme Lightning Roulette,1,Vermelho,Impar,2026-09-24 12:35:58,2026-09-24T15:35:11.503Z,2026-09-24T15:35:58.906Z,13x50 18x100 19x50 23x100 32x50
6ab54370dd0805d445343e2b,Immersive Roulette,9,Vermelho,Impar,2026-09-24 12:36:16,2026-09-24T15:35:26.831Z,2026-09-24T15:36:16.647Z,
6ab5438fdd0805d445343e30,Gold Vault Roulette,34,Vermelho,Par,2026-09-24 12:36:47,2026-09-24T15:36:06.346Z,2026-09-24T15:36:47.734Z,2x50 6x50 8x50 11x50 22x150 24x50 34x50
6ab54390dd0805d445343e31,XXXtreme Lightning Roulette,19,Vermelho,Impar,2026-09-24 12:36:47,2026-09-24T15:36:01.987Z,2026-09-24T15:36:47.912Z,18x100 21x100 23x50 27x100 31x150 34x50 35x100
6ab54396d4b7aee9f69b18e5,Red Door Roulette,6,Preto,Par,2026-09-24 12:36:53,2026-09-24T15:35:55.091Z,2026-09-24T15:36:53.995Z,0x1 11x2 19x1 21x1 22x1 30x1 31x1
6ab543a4dd0805d445343e34,Immersive Roulette,9,Vermelho,Impar,2026-09-24 12:37:08,2026-09-24T15:36:19.718Z,2026-09-24T15:37:08.699Z,
6ab543b8dd0805d445343e39,Gold Vault Roulette,33,Preto,Impar,2026-09-24 12:37:28,2026-09-24T15:36:50.839Z,2026-09-24T15:37:28.233Z,2x50 9x50 16x50 22x100 34x500
6ab543c2dd0805d445343e3c,XXXtreme Lightning Roulette,8,Preto,Par,2026-09-24 12:37:38,2026-09-24T15:36:51.020Z,2026-09-24T15:37:38.439Z,22x200 25x100 32x100
6ab543d1d4b7aee9f69b18e9,Red Door Roulette,1,Vermelho,Impar,2026-09-24 12:37:53,2026-09-24T15:36:57.099Z,2026-09-24T15:37:53.491Z,6x1 8x1 13x2 19x1 25x2
6ab543d5dd0805d445343e40,Immersive Roulette,2,Preto,Par,2026-09-24 12:37:56,2026-09-24T15:37:11.808Z,2026-09-24T15:37:56.760Z,
6ab543e4dd0805d445343e42,Gold Vault Roulette,13,Preto,Impar,2026-09-24 12:38:12,2026-09-24T15:37:31.389Z,2026-09-24T15:38:12.712Z,0x50 8x50 11x50 12x50 16x50 20x50 29x50 30x50 32x150 36x50
6ab543f5dd0805d445343e46,XXXtreme Lightning Roulette,4,Preto,Par,2026-09-24 12:38:28,2026-09-24T15:37:41.505Z,2026-09-24T15:38:28.929Z,18x100 28x100
6ab54408dd0805d445343e4b,Immersive Roulette,14,Vermelho,Par,2026-09-24 12:38:48,2026-09-24T15:37:59.859Z,2026-09-24T15:38:48.076Z,
6ab5440cd4b7aee9f69b18eb,Red Door Roulette,32,Vermelho,Par,2026-09-24 12:38:51,2026-09-24T15:37:56.603Z,2026-09-24T15:38:51.492Z,0x1 1x1 5x1 10x1 17x1 21x2 25x1 29x1
6ab54410dd0805d445343e4c,Gold Vault Roulette,13,Preto,Impar,2026-09-24 12:38:56,2026-09-24T15:38:15.780Z,2026-09-24T15:38:56.340Z,2x150 5x50 7x50 10x50 11x150 12x50
6ab54424dd0805d445343e51,XXXtreme Lightning Roulette,28,Preto,Par,2026-09-24 12:39:16,2026-09-24T15:38:32.014Z,2026-09-24T15:39:16.519Z,4x100 10x50 11x50 16x50 18x100 20x600 23x600 27x200 32x100 35x100
6ab5443bdd0805d445343e54,Immersive Roulette,29,Preto,Impar,2026-09-24 12:39:38,2026-09-24T15:38:51.150Z,2026-09-24T15:39:38.962Z,
6ab5443cdd0805d445343e56,Gold Vault Roulette,4,Preto,Par,2026-09-24 12:39:40,2026-09-24T15:38:59.428Z,2026-09-24T15:39:40.408Z,4x100 22x50 23x50 26x150 34x50 36x50
6ab5444bd4b7aee9f69b18f0,Red Door Roulette,4,Preto,Par,2026-09-24 12:39:55,2026-09-24T15:38:54.589Z,2026-09-24T15:39:55.499Z,0x1 1x1 2x1 5x1 6x1 22x1 29x1
6ab54459dd0805d445343e5b,XXXtreme Lightning Roulette,18,Vermelho,Par,2026-09-24 12:40:08,2026-09-24T15:39:19.680Z,2026-09-24T15:40:08.945Z,14x100 16x100 33x50 36x100
6ab54469dd0805d445343e5e,Gold Vault Roulette,17,Preto,Impar,2026-09-24 12:40:25,2026-09-24T15:39:43.524Z,2026-09-24T15:40:25.685Z,0x100 3x50 17x50 18x50 19x50
6ab5446fdd0805d445343e5f,Immersive Roulette,18,Vermelho,Par,2026-09-24 12:40:31,2026-09-24T15:39:42.056Z,2026-09-24T15:40:31.429Z,
6ab5448cdd0805d445343e66,XXXtreme Lightning Roulette,12,Vermelho,Par,2026-09-24 12:41:00,2026-09-24T15:40:12.024Z,2026-09-24T15:41:00.429Z,19x600 30x100
6ab54493dd0805d445343e68,Gold Vault Roulette,24,Preto,Par,2026-09-24 12:41:06,2026-09-24T15:40:28.791Z,2026-09-24T15:41:06.974Z,4x150 24x100 26x50 27x50 30x50 35x100 36x100
6ab544a1dd0805d445343e6b,Immersive Roulette,7,Vermelho,Impar,2026-09-24 12:41:21,2026-09-24T15:40:34.488Z,2026-09-24T15:41:21.480Z,
6ab544bddd0805d445343e70,Gold Vault Roulette,20,Preto,Par,2026-09-24 12:41:49,2026-09-24T15:41:10.059Z,2026-09-24T15:41:49.463Z,1x50 5x50 7x50 8x50 14x150 20x50 23x50 27x50 29x100 30x50 32x50 36x50
6ab544bed4b7aee9f69b18f3,Red Door Roulette,31,Preto,Impar,2026-09-24 12:41:49,2026-09-24T15:39:58.602Z,2026-09-24T15:41:49.888Z,1x3 3x1 8x1 17x1 22x1 25x1 31x1 32x1 34x1 35x1
6ab544bfdd0805d445343e71,XXXtreme Lightning Roulette,24,Preto,Par,2026-09-24 12:41:50,2026-09-24T15:41:03.529Z,2026-09-24T15:41:50.944Z,5x100 13x100 20x100 28x100 30x50
6ab544d2dd0805d445343e76,Immersive Roulette,33,Preto,Impar,2026-09-24 12:42:09,2026-09-24T15:41:24.534Z,2026-09-24T15:42:09.971Z,
6ab544f7dd0805d445343e7b,XXXtreme Lightning Roulette,7,Vermelho,Impar,2026-09-24 12:42:42,2026-09-24T15:41:54.042Z,2026-09-24T15:42:42.450Z,9x1000 12x200
6ab54507dd0805d445343e7d,Immersive Roulette,9,Vermelho,Impar,2026-09-24 12:43:02,2026-09-24T15:42:13.027Z,2026-09-24T15:43:02.823Z,
6ab54526dd0805d445343e84,XXXtreme Lightning Roulette,25,Vermelho,Impar,2026-09-24 12:43:33,2026-09-24T15:42:45.530Z,2026-09-24T15:43:33.960Z,2x100 4x50 10x50 11x100 29x300 34x100
6ab54532d4b7aee9f69b18fa,Red Door Roulette,25,Vermelho,Impar,2026-09-24 12:43:46,2026-09-24T15:41:51.005Z,2026-09-24T15:43:46.433Z,4x1 6x1 8x2 9x1 11x1 12x1 16x1 20x1 22x1 25x1 26x1 27x1 29x1
6ab5453add0805d445343e87,Immersive Roulette,16,Vermelho,Par,2026-09-24 12:43:54,2026-09-24T15:43:05.890Z,2026-09-24T15:43:54.119Z,
6ab54543dd0805d445343e89,Gold Vault Roulette,25,Vermelho,Impar,2026-09-24 12:44:02,2026-09-24T15:43:20.309Z,2026-09-24T15:44:02.874Z,0x50 3x50 7x50 12x50 30x100 31x50 35x50 36x50
6ab54557dd0805d445343e8d,XXXtreme Lightning Roulette,17,Preto,Impar,2026-09-24 12:44:22,2026-09-24T15:43:37.046Z,2026-09-24T15:44:22.954Z,0x50 13x50 27x100
6ab5456bd4b7aee9f69b18fd,Red Door Roulette,2,Preto,Par,2026-09-24 12:44:42,2026-09-24T15:43:47.539Z,2026-09-24T15:44:42.994Z,1x1 5x3 9x1 10x1 14x1 16x1 19x1 25x1 26x1 27x1 28x1 29x1 34x1 35x1 36x1
6ab5456ddd0805d445343e91,Immersive Roulette,29,Preto,Impar,2026-09-24 12:44:44,2026-09-24T15:43:57.201Z,2026-09-24T15:44:44.991Z,
6ab5456edd0805d445343e92,Gold Vault Roulette,11,Preto,Impar,2026-09-24 12:44:46,2026-09-24T15:44:05.974Z,2026-09-24T15:44:46.145Z,1x50 5x150 9x50 14x100 30x50 33x50 36x100
6ab5458ddd0805d445343e95,XXXtreme Lightning Roulette,13,Preto,Impar,2026-09-24 12:45:16,2026-09-24T15:44:26.050Z,2026-09-24T15:45:16.958Z,3x50 6x100 13x100 14x100 15x100 35x100
6ab5459cdd0805d445343e99,Gold Vault Roulette,9,Vermelho,Impar,2026-09-24 12:45:31,2026-09-24T15:44:49.273Z,2026-09-24T15:45:31.838Z,6x50 9x50 10x50 25x50 28x100 30x50 31x100 32x50
6ab5459cdd0805d445343e9a,Immersive Roulette,25,Vermelho,Impar,2026-09-24 12:45:32,2026-09-24T15:44:48.069Z,2026-09-24T15:45:32.641Z,
6ab545a3d4b7aee9f69b1901,Red Door Roulette,17,Preto,Impar,2026-09-24 12:45:39,2026-09-24T15:44:46.069Z,2026-09-24T15:45:39.001Z,13x1 21x1 28x1 29x1 32x1
6ab545c4dd0805d445343e9f,XXXtreme Lightning Roulette,3,Vermelho,Impar,2026-09-24 12:46:12,2026-09-24T15:45:20.042Z,2026-09-24T15:46:12.463Z,5x200 6x100 9x50 20x100
6ab545c8dd0805d445343ea2,Gold Vault Roulette,22,Preto,Par,2026-09-24 12:46:16,2026-09-24T15:45:34.943Z,2026-09-24T15:46:16.333Z,4x50 6x100 7x150 8x50 9x50 10x50 15x50 19x50 20x50 21x100 25x50 30x50
6ab545f8dd0805d445343ea8,XXXtreme Lightning Roulette,7,Vermelho,Impar,2026-09-24 12:47:03,2026-09-24T15:46:15.546Z,2026-09-24T15:47:03.977Z,7x100 23x600 28x100
6ab545f9dd0805d445343ea9,Gold Vault Roulette,34,Vermelho,Par,2026-09-24 12:47:05,2026-09-24T15:46:19.442Z,2026-09-24T15:47:05.616Z,7x50 12x50 19x50 24x50 25x50 26x50 29x50 33x50
6ab545fedd0805d445343eaa,Immersive Roulette,12,Vermelho,Par,2026-09-24 12:47:10,2026-09-24T15:46:23.737Z,2026-09-24T15:47:10.338Z,
6ab54627dd0805d445343eae,Gold Vault Roulette,30,Vermelho,Par,2026-09-24 12:47:51,2026-09-24T15:47:08.679Z,2026-09-24T15:47:51.238Z,11x150 14x50 15x100 18x50 28x50
6ab5462bdd0805d445343eb0,XXXtreme Lightning Roulette,16,Vermelho,Par,2026-09-24 12:47:55,2026-09-24T15:47:07.056Z,2026-09-24T15:47:55.471Z,2x50 8x100 14x50 19x200 24x50 36x100
6ab54633dd0805d445343eb1,Immersive Roulette,1,Vermelho,Impar,2026-09-24 12:48:02,2026-09-24T15:47:13.393Z,2026-09-24T15:48:02.816Z,
6ab54653dd0805d445343eb4,Gold Vault Roulette,28,Preto,Par,2026-09-24 12:48:34,2026-09-24T15:47:54.332Z,2026-09-24T15:48:34.912Z,19x150 23x50 25x150 26x50 32x50 36x50
6ab546625b8899b97c3b1c11,XXXtreme Lightning Roulette,23,Vermelho,Impar,2026-09-24 12:48:48,2026-09-24T15:47:58.577Z,2026-09-24T15:48:48.468Z,20x100 7x100 9x50
6ab54664dd0805d445343eb7,Immersive Roulette,23,Vermelho,Impar,2026-09-24 12:48:52,2026-09-24T15:48:05.883Z,2026-09-24T15:48:52.493Z,
6ab54680dd0805d445343eba,Gold Vault Roulette,3,Vermelho,Impar,2026-09-24 12:49:19,2026-09-24T15:48:38.022Z,2026-09-24T15:49:19.771Z,13x50 20x100 27x50 29x50 35x50
6ab5468ad4b7aee9f69b1907,Red Door Roulette,4,Preto,Par,2026-09-24 12:49:30,2026-09-24T15:48:30.115Z,2026-09-24T15:49:30.008Z,16x1 17x1 18x1 19x1 22x1 24x2 26x5 32x1 34x1 35x1
6ab54692dd0805d445343ebf,XXXtreme Lightning Roulette,28,Preto,Par,2026-09-24 12:49:37,2026-09-24T15:48:51.584Z,2026-09-24T15:49:37.981Z,1x100 10x100 14x700
6ab54697dd0805d445343ec0,Immersive Roulette,34,Vermelho,Par,2026-09-24 12:49:43,2026-09-24T15:48:55.569Z,2026-09-24T15:49:43.362Z,
6ab546addd0805d445343ec3,Gold Vault Roulette,22,Preto,Par,2026-09-24 12:50:05,2026-09-24T15:49:22.879Z,2026-09-24T15:50:05.042Z,0x50 2x50 4x50 12x100 15x50 18x50 34x50
6ab546c2dd0805d445343ec7,XXXtreme Lightning Roulette,12,Vermelho,Par,2026-09-24 12:50:25,2026-09-24T15:49:41.083Z,2026-09-24T15:50:25.989Z,6x600 32x200 33x100
6ab546c6d4b7aee9f69b190a,Red Door Roulette,0,Verde,None,2026-09-24 12:50:30,2026-09-24T15:49:33.103Z,2026-09-24T15:50:30.026Z,3x1 9x1 10x1 11x1 13x1 14x1 20x1 28x1 32x1 33x1
6ab546cbdd0805d445343eca,Immersive Roulette,3,Vermelho,Impar,2026-09-24 12:50:35,2026-09-24T15:49:46.436Z,2026-09-24T15:50:35.469Z,
6ab546f5dd0805d445343ecf,XXXtreme Lightning Roulette,28,Preto,Par,2026-09-24 12:51:16,2026-09-24T15:50:29.087Z,2026-09-24T15:51:16.999Z,0x50 24x700
6ab546ffdd0805d445343ed1,Immersive Roulette,1,Vermelho,Impar,2026-09-24 12:51:27,2026-09-24T15:50:38.592Z,2026-09-24T15:51:27.139Z,
6ab54701d4b7aee9f69b190e,Red Door Roulette,7,Vermelho,Impar,2026-09-24 12:51:29,2026-09-24T15:50:33.141Z,2026-09-24T15:51:29.517Z,0x1 10x1 12x1 15x1 17x1 18x1 19x1 20x1 21x1 22x1 24x2 29x1 31x1 33x3 35x1
6ab54707dd0805d445343ed3,Gold Vault Roulette,14,Vermelho,Par,2026-09-24 12:51:34,2026-09-24T15:50:53.042Z,2026-09-24T15:51:34.852Z,3x50 9x50 14x50 30x50 32x50
6ab54724dd0805d445343ed9,XXXtreme Lightning Roulette,13,Preto,Impar,2026-09-24 12:52:04,2026-09-24T15:51:20.101Z,2026-09-24T15:52:04.507Z,1x200 7x100
6ab54733dd0805d445343edc,Gold Vault Roulette,34,Vermelho,Par,2026-09-24 12:52:19,2026-09-24T15:51:37.980Z,2026-09-24T15:52:19.667Z,2x50 3x50 5x150 8x50 15x50 16x50 21x50 29x50
6ab54736dd0805d445343edd,Immersive Roulette,23,Vermelho,Impar,2026-09-24 12:52:21,2026-09-24T15:51:30.194Z,2026-09-24T15:52:21.956Z,
6ab5473fd4b7aee9f69b1911,Red Door Roulette,36,Vermelho,Par,2026-09-24 12:52:30,2026-09-24T15:51:32.653Z,2026-09-24T15:52:30.515Z,4x1 17x4 18x1 19x1 24x1 25x4 28x1 31x1
6ab54758dd0805d445343ee1,XXXtreme Lightning Roulette,5,Vermelho,Impar,2026-09-24 12:52:56,2026-09-24T15:52:07.577Z,2026-09-24T15:52:56.506Z,5x200 9x50 10x200 13x100 23x100 32x100
6ab54766dd0805d445343ee3,Gold Vault Roulette,7,Vermelho,Impar,2026-09-24 12:53:10,2026-09-24T15:52:22.757Z,2026-09-24T15:53:10.546Z,1x50 2x50 18x50 26x50 29x50 31x50 32x50
6ab54769dd0805d445343ee4,Immersive Roulette,17,Preto,Impar,2026-09-24 12:53:13,2026-09-24T15:52:25.008Z,2026-09-24T15:53:13.232Z,
6ab5477bd4b7aee9f69b1916,Red Door Roulette,10,Preto,Par,2026-09-24 12:53:31,2026-09-24T15:52:33.610Z,2026-09-24T15:53:31.511Z,1x5 2x1 9x1 13x1 29x1 30x1 31x1 34x10
6ab5478edd0805d445343ee8,XXXtreme Lightning Roulette,29,Preto,Impar,2026-09-24 12:53:50,2026-09-24T15:52:59.600Z,2026-09-24T15:53:50.023Z,0x50 32x100 33x100
6ab5479ddd0805d445343eea,Immersive Roulette,28,Preto,Par,2026-09-24 12:54:05,2026-09-24T15:53:16.315Z,2026-09-24T15:54:05.312Z,
6ab547aedd0805d445343eee,Lightning Roulette,6,Preto,Par,2026-09-24 12:54:22,2026-09-24T15:53:39.681Z,2026-09-24T15:54:22.101Z,35x50
6ab547b4d4b7aee9f69b191a,Red Door Roulette,25,Vermelho,Impar,2026-09-24 12:54:28,2026-09-24T15:53:34.634Z,2026-09-24T15:54:28.535Z,0x1 12x1 20x1 26x1 27x1 28x1 29x1 30x1
6ab547c1dd0805d445343ef0,XXXtreme Lightning Roulette,35,Preto,Impar,2026-09-24 12:54:41,2026-09-24T15:53:53.112Z,2026-09-24T15:54:41.039Z,1x50 5x700 27x100
6ab547dddd0805d445343ef4,Lightning Roulette,34,Vermelho,Par,2026-09-24 12:55:09,2026-09-24T15:54:25.179Z,2026-09-24T15:55:09.100Z,3x50 22x200 28x50
6ab547f5d4b7aee9f69b191c,Red Door Roulette,5,Vermelho,Impar,2026-09-24 12:55:33,2026-09-24T15:54:31.648Z,2026-09-24T15:55:33.027Z,7x1 9x1 10x1 11x1 24x1 26x1 36x1
6ab547f7dd0805d445343ef9,XXXtreme Lightning Roulette,9,Vermelho,Impar,2026-09-24 12:55:35,2026-09-24T15:54:44.130Z,2026-09-24T15:55:35.028Z,3x100 4x50 6x50 9x100 10x50 13x50 25x50
6ab547fddd0805d445343efa,Immersive Roulette,5,Vermelho,Impar,2026-09-24 12:55:41,2026-09-24T15:54:54.835Z,2026-09-24T15:55:41.437Z,
6ab547fedd0805d445343efb,Gold Vault Roulette,14,Vermelho,Par,2026-09-24 12:55:42,2026-09-24T15:54:53.407Z,2026-09-24T15:55:42.452Z,0x50 3x50 9x50 11x50 14x50 15x50 17x50 18x50 20x50 23x50 25x50 27x50 29x100 31x150 32x50 33x50 34x50
6ab548105b8899b97c3b1c4e,Lightning Roulette,35,Preto,Impar,2026-09-24 12:55:58,2026-09-24T15:55:12.195Z,2026-09-24T15:55:58.577Z,10x100 29x500 35x100
6ab5482cdd0805d445343f02,XXXtreme Lightning Roulette,24,Preto,Par,2026-09-24 12:56:28,2026-09-24T15:55:38.117Z,2026-09-24T15:56:28.043Z,0x100 1x200 3x600 8x200 15x100 19x100 25x100 31x50
6ab54830dd0805d445343f05,Immersive Roulette,36,Vermelho,Par,2026-09-24 12:56:32,2026-09-24T15:55:44.487Z,2026-09-24T15:56:32.290Z,
6ab54831d4b7aee9f69b1920,Red Door Roulette,16,Vermelho,Par,2026-09-24 12:56:32,2026-09-24T15:55:36.144Z,2026-09-24T15:56:32.529Z,5x1 9x1 15x1 17x1 20x4 23x1 24x1 27x1 35x1 36x1
6ab54832dd0805d445343f06,Gold Vault Roulette,21,Vermelho,Impar,2026-09-24 12:56:34,2026-09-24T15:55:45.552Z,2026-09-24T15:56:34.570Z,7x150 9x50 10x50 15x50 18x50 19x100 22x50 34x50
6ab548435b8899b97c3b1c57,Lightning Roulette,15,Preto,Impar,2026-09-24 12:56:49,2026-09-24T15:56:01.681Z,2026-09-24T15:56:49.587Z,19x50 21x50 28x100
6ab5486edd0805d445343f0c,XXXtreme Lightning Roulette,32,Vermelho,Par,2026-09-24 12:57:18,2026-09-24T15:56:31.142Z,2026-09-24T15:57:18.549Z,23x50 35x100
6ab5486edd0805d445343f0e,Immersive Roulette,0,Verde,None,2026-09-24 12:57:19,2026-09-24T15:56:35.357Z,2026-09-24T15:57:19.551Z,
6ab5486edd0805d445343f0f,Gold Vault Roulette,7,Vermelho,Impar,2026-09-24 12:57:28,2026-09-24T15:56:37.661Z,2026-09-24T15:57:28.269Z,8x50 19x50 20x50 22x100 32x50
6ab5486ed4b7aee9f69b1925,Red Door Roulette,30,Vermelho,Par,2026-09-24 12:57:29,2026-09-24T15:56:35.676Z,2026-09-24T15:57:29.028Z,5x1 8x1 10x1 11x1 12x3 13x1 24x2 28x7 29x1 35x1
6ab548755b8899b97c3b1c61,Lightning Roulette,16,Vermelho,Par,2026-09-24 12:57:39,2026-09-24T15:56:52.698Z,2026-09-24T15:57:39.086Z,1x200 17x100
6ab54892dd0805d445343f15,XXXtreme Lightning Roulette,2,Preto,Par,2026-09-24 12:58:10,2026-09-24T15:57:21.624Z,2026-09-24T15:58:10.541Z,5x100 19x100 26x100
6ab54894dd0805d445343f16,Immersive Roulette,5,Vermelho,Impar,2026-09-24 12:58:12,2026-09-24T15:57:22.630Z,2026-09-24T15:58:12.404Z,
6ab548b0d4b7aee9f69b1929,Gold Vault Roulette,14,Vermelho,Par,2026-09-24 12:58:15,2026-09-24T15:57:31.353Z,2026-09-24T15:58:15.930Z,1x50 6x50 13x50 14x50 15x50 25x50 34x50
6ab548b05b8899b97c3b1c65,Lightning Roulette,21,Vermelho,Impar,2026-09-24 12:58:22,2026-09-24T15:57:42.179Z,2026-09-24T15:58:22.579Z,23x200 3x100 33x50
6ab548b0d4b7aee9f69b192a,Red Door Roulette,9,Vermelho,Impar,2026-09-24 12:58:25,2026-09-24T15:57:32.126Z,2026-09-24T15:58:25.517Z,34x1 8x1 22x1 26x1 16x1 21x1 36x1 3x1
6ab548c3d4b7aee9f69b1930,Immersive Roulette,27,Vermelho,Impar,2026-09-24 12:58:59,2026-09-24T15:58:15.511Z,2026-09-24T15:58:59.681Z,
6ab548c6d4b7aee9f69b1931,XXXtreme Lightning Roulette,1,Vermelho,Impar,2026-09-24 12:59:02,2026-09-24T15:58:13.623Z,2026-09-24T15:59:02.033Z,14x100
6ab548cdd4b7aee9f69b1933,Gold Vault Roulette,32,Vermelho,Par,2026-09-24 12:59:09,2026-09-24T15:58:19.033Z,2026-09-24T15:59:09.592Z,3x50 11x50 20x50 21x100 22x500
6ab548d45b8899b97c3b1c66,Lightning Roulette,30,Vermelho,Par,2026-09-24 12:59:13,2026-09-24T15:58:25.723Z,2026-09-24T15:59:13.590Z,1x200 27x100 34x100
6ab548dcb966fa02520f1659,Red Door Roulette,18,Vermelho,Par,2026-09-24 12:59:23,2026-09-24T15:58:28.605Z,2026-09-24T15:59:23.511Z,1x1 3x1 21x1 26x1 30x1 33x1
6ab548f8d4b7aee9f69b1938,Immersive Roulette,25,Vermelho,Impar,2026-09-24 12:59:52,2026-09-24T15:59:02.781Z,2026-09-24T15:59:52.144Z,
6ab548fcd4b7aee9f69b1939,XXXtreme Lightning Roulette,0,Verde,None,2026-09-24 12:59:56,2026-09-24T15:59:05.128Z,2026-09-24T15:59:56.057Z,0x50 8x50 12x50
6ab5492cf7aacb6e9925106d,Lightning Roulette,30,Vermelho,Par,2026-09-24 13:00:00,2026-09-24T15:59:16.754Z,2026-09-24T16:00:00.084Z,28x100 32x50
6ab54900d4b7aee9f69b193a,Gold Vault Roulette,24,Preto,Par,2026-09-24 13:00:00,2026-09-24T15:59:12.692Z,2026-09-24T16:00:00.528Z,4x50 5x100 19x150 21x50 34x50
6ab5492bb966fa02520f165e,Red Door Roulette,23,Vermelho,Impar,2026-09-24 13:00:23,2026-09-24T15:59:26.602Z,2026-09-24T16:00:23.017Z,3x1 17x1 18x1 20x1 25x1 27x1 31x1 36x1
6ab5492bd4b7aee9f69b193d,Immersive Roulette,15,Preto,Impar,2026-09-24 13:00:39,2026-09-24T15:59:55.233Z,2026-09-24T16:00:39.413Z,
6ab54931d4b7aee9f69b1941,XXXtreme Lightning Roulette,33,Preto,Impar,2026-09-24 13:00:49,2026-09-24T15:59:59.141Z,2026-09-24T16:00:49.058Z,16x100 17x200
6ab54933f7aacb6e99251073,Lightning Roulette,7,Vermelho,Impar,2026-09-24 13:00:49,2026-09-24T16:00:03.242Z,2026-09-24T16:00:49.079Z,18x100 27x100 5x150
6ab54935d4b7aee9f69b1943,Gold Vault Roulette,13,Preto,Impar,2026-09-24 13:00:53,2026-09-24T16:00:03.640Z,2026-09-24T16:00:53.421Z,2x100 10x50 11x50 16x50 17x50 27x50 28x50 31x50 32x50 36x50
6ab54952b966fa02520f1666,Red Door Roulette,16,Vermelho,Par,2026-09-24 13:01:22,2026-09-24T16:00:26.105Z,2026-09-24T16:01:22.512Z,0x1 3x1 6x1 14x3 15x1 21x1 23x1 34x1
6ab54958d4b7aee9f69b1946,Immersive Roulette,15,Preto,Impar,2026-09-24 13:01:28,2026-09-24T16:00:42.467Z,2026-09-24T16:01:28.296Z,
6ab54960f7aacb6e9925107b,Lightning Roulette,8,Preto,Par,2026-09-24 13:01:34,2026-09-24T16:00:52.178Z,2026-09-24T16:01:34.084Z,19x50 6x50
6ab54962d4b7aee9f69b1947,XXXtreme Lightning Roulette,17,Preto,Impar,2026-09-24 13:01:38,2026-09-24T16:00:52.171Z,2026-09-24T16:01:38.550Z,5x100 6x100 16x50 23x50 25x100 28x100 36x100
6ab54968d4b7aee9f69b194a,Gold Vault Roulette,26,Preto,Par,2026-09-24 13:01:43,2026-09-24T16:00:56.502Z,2026-09-24T16:01:43.891Z,0x50 11x50 21x100 22x50 27x100 32x50 33x100 34x50 36x50
6ab5498cb966fa02520f166f,Red Door Roulette,8,Preto,Par,2026-09-24 13:02:20,2026-09-24T16:01:25.612Z,2026-09-24T16:02:20.528Z,3x1 16x1 17x2 28x2 34x1 35x1
6ab5498ef7aacb6e99251086,Lightning Roulette,12,Vermelho,Par,2026-09-24 13:02:20,2026-09-24T16:01:37.201Z,2026-09-24T16:02:20.594Z,0x50 20x100 21x150
6ab5498dd4b7aee9f69b194f,Immersive Roulette,22,Preto,Par,2026-09-24 13:02:20,2026-09-24T16:01:31.358Z,2026-09-24T16:02:20.744Z,
6ab54994d4b7aee9f69b1953,XXXtreme Lightning Roulette,2,Preto,Par,2026-09-24 13:02:28,2026-09-24T16:01:41.634Z,2026-09-24T16:02:28.060Z,4x100 20x100 28x150
6ab5499cd4b7aee9f69b1954,Gold Vault Roulette,30,Vermelho,Par,2026-09-24 13:02:35,2026-09-24T16:01:46.981Z,2026-09-24T16:02:35.981Z,0x100 3x50 5x150 6x50 9x50 11x50 12x50 13x50 17x50 19x50 21x50 25x50 26x100 33x100 36x50
6ab549c6f7aacb6e99251091,Lightning Roulette,5,Vermelho,Impar,2026-09-24 13:03:11,2026-09-24T16:02:23.727Z,2026-09-24T16:03:11.100Z,17x150 19x200 23x100
6ab549c8d4b7aee9f69b195c,XXXtreme Lightning Roulette,14,Vermelho,Par,2026-09-24 13:03:20,2026-09-24T16:02:31.154Z,2026-09-24T16:03:20.084Z,3x100 8x100 23x100
6ab549ccd4b7aee9f69b195d,Gold Vault Roulette,28,Preto,Par,2026-09-24 13:03:24,2026-09-24T16:02:39.070Z,2026-09-24T16:03:24.091Z,3x100 9x100 10x100 11x100 13x50 19x50 30x50 35x50 36x50
6ab549efd4b7aee9f69b1961,Lightning Roulette,0,Verde,None,2026-09-24 13:03:59,2026-09-24T16:03:14.205Z,2026-09-24T16:03:59.104Z,33x100
6ab549f9d4b7aee9f69b1962,XXXtreme Lightning Roulette,5,Vermelho,Impar,2026-09-24 13:04:09,2026-09-24T16:03:23.159Z,2026-09-24T16:04:09.081Z,0x100 9x700 12x100 21x100 24x200 33x150 34x200
6ab54a01d4b7aee9f69b1963,Gold Vault Roulette,16,Vermelho,Par,2026-09-24 13:04:17,2026-09-24T16:03:27.189Z,2026-09-24T16:04:17.020Z,3x50 4x100 13x50 23x150 26x50 29x50 30x50 36x100
6ab54a1cd4b7aee9f69b1965,Lightning Roulette,29,Preto,Impar,2026-09-24 13:04:44,2026-09-24T16:04:02.156Z,2026-09-24T16:04:44.093Z,0x50 10x50 24x100
6ab54a20d4b7aee9f69b1966,Immersive Roulette,6,Preto,Par,2026-09-24 13:04:47,2026-09-24T16:04:00.753Z,2026-09-24T16:04:47.738Z,
6ab54a21b966fa02520f1683,Red Door Roulette,31,Preto,Impar,2026-09-24 13:04:49,2026-09-24T16:02:23.659Z,2026-09-24T16:04:49.112Z,0x1 8x1 10x1 24x1 31x1
6ab54a2cd4b7aee9f69b1967,XXXtreme Lightning Roulette,13,Preto,Impar,2026-09-24 13:05:00,2026-09-24T16:04:12.155Z,2026-09-24T16:05:00.078Z,5x600 11x600 31x100
6ab54a4ad4b7aee9f69b196a,Lightning Roulette,8,Preto,Par,2026-09-24 13:05:30,2026-09-24T16:04:47.190Z,2026-09-24T16:05:30.601Z,6x150 27x100
6ab54a50d4b7aee9f69b196b,Immersive Roulette,5,Vermelho,Impar,2026-09-24 13:05:36,2026-09-24T16:04:50.805Z,2026-09-24T16:05:36.171Z,
6ab54a5db966fa02520f168c,Red Door Roulette,35,Preto,Impar,2026-09-24 13:05:49,2026-09-24T16:04:50.234Z,2026-09-24T16:05:49.023Z,0x1 6x1 12x1 13x1 14x1 16x1 17x1 25x1 29x1 33x1
6ab54a5dd4b7aee9f69b196d,XXXtreme Lightning Roulette,20,Preto,Par,2026-09-24 13:05:49,2026-09-24T16:05:03.170Z,2026-09-24T16:05:49.092Z,7x50 14x150
6ab54a67d4b7aee9f69b1970,Gold Vault Roulette,12,Vermelho,Par,2026-09-24 13:05:59,2026-09-24T16:05:10.973Z,2026-09-24T16:05:59.165Z,6x100 16x50 22x50 26x50 32x50 33x100 36x50
6ab54a7bd4b7aee9f69b1973,Lightning Roulette,23,Vermelho,Impar,2026-09-24 13:06:19,2026-09-24T16:05:33.716Z,2026-09-24T16:06:19.608Z,5x100 13x100 23x200
6ab54a87d4b7aee9f69b1975,Immersive Roulette,32,Vermelho,Par,2026-09-24 13:06:31,2026-09-24T16:05:39.240Z,2026-09-24T16:06:31.054Z,
6ab54a8fd4b7aee9f69b1977,XXXtreme Lightning Roulette,28,Preto,Par,2026-09-24 13:06:39,2026-09-24T16:05:52.183Z,2026-09-24T16:06:39.596Z,15x100 27x50 28x100 36x50
6ab54a9bd4b7aee9f69b1979,Gold Vault Roulette,13,Preto,Impar,2026-09-24 13:06:50,2026-09-24T16:06:02.269Z,2026-09-24T16:06:50.864Z,1x50 2x50 5x50 7x50 9x50 12x50 25x50 27x50 30x150
6ab54ab7d4b7aee9f69b197e,Lightning Roulette,0,Verde,None,2026-09-24 13:07:16,2026-09-24T16:06:22.747Z,2026-09-24T16:07:16.093Z,0x100 11x150 16x200 24x100 36x50
6ab54abbd4b7aee9f69b1980,Immersive Roulette,11,Preto,Impar,2026-09-24 13:07:22,2026-09-24T16:06:34.126Z,2026-09-24T16:07:22.708Z,
6ab54ac8d4b7aee9f69b1983,XXXtreme Lightning Roulette,26,Preto,Par,2026-09-24 13:07:36,2026-09-24T16:06:42.671Z,2026-09-24T16:07:36.098Z,19x100 29x150
6ab54acbd4b7aee9f69b1985,Gold Vault Roulette,2,Preto,Par,2026-09-24 13:07:39,2026-09-24T16:06:53.993Z,2026-09-24T16:07:39.787Z,0x50 12x50 21x100 22x100 23x50 36x500
6ab54ad3b966fa02520f169a,Red Door Roulette,1,Vermelho,Impar,2026-09-24 13:07:47,2026-09-24T16:05:52.144Z,2026-09-24T16:07:47.461Z,1x1 14x1 20x1 33x1 35x1
6ab54ae8d4b7aee9f69b1988,Lightning Roulette,30,Vermelho,Par,2026-09-24 13:08:08,2026-09-24T16:07:19.192Z,2026-09-24T16:08:08.122Z,7x100 17x100 18x50
6ab54af8d4b7aee9f69b198b,XXXtreme Lightning Roulette,35,Preto,Impar,2026-09-24 13:08:24,2026-09-24T16:07:39.191Z,2026-09-24T16:08:24.109Z,3x50 6x600 7x100 9x100 10x50 20x100
6ab54afed4b7aee9f69b198d,Gold Vault Roulette,22,Preto,Par,2026-09-24 13:08:30,2026-09-24T16:07:42.887Z,2026-09-24T16:08:30.668Z,2x100 4x100 6x150 8x50 10x50 13x100 17x50 25x50 33x150
6ab54b12b966fa02520f16a3,Red Door Roulette,20,Preto,Par,2026-09-24 13:08:49,2026-09-24T16:07:48.580Z,2026-09-24T16:08:49.551Z,5x1 17x1 26x1 29x1 34x1 36x4
6ab54b15d4b7aee9f69b1991,Lightning Roulette,32,Vermelho,Par,2026-09-24 13:08:53,2026-09-24T16:08:11.204Z,2026-09-24T16:08:53.592Z,6x100
6ab54b1fd4b7aee9f69b1994,Immersive Roulette,24,Preto,Par,2026-09-24 13:09:03,2026-09-24T16:08:15.406Z,2026-09-24T16:09:03.211Z,
6ab54b2bd4b7aee9f69b1997,XXXtreme Lightning Roulette,2,Preto,Par,2026-09-24 13:09:15,2026-09-24T16:08:27.185Z,2026-09-24T16:09:15.619Z,11x100 17x50 36x600
6ab54b30d4b7aee9f69b1999,Gold Vault Roulette,20,Preto,Par,2026-09-24 13:09:20,2026-09-24T16:08:33.760Z,2026-09-24T16:09:20.704Z,18x50 25x50 26x100 27x50 29x50 30x50 34x50
6ab54b48d4b7aee9f69b199d,Lightning Roulette,12,Vermelho,Par,2026-09-24 13:09:44,2026-09-24T16:08:56.694Z,2026-09-24T16:09:44.611Z,2x100 23x100
6ab54b4bb966fa02520f16a8,Red Door Roulette,1,Vermelho,Impar,2026-09-24 13:09:46,2026-09-24T16:08:52.677Z,2026-09-24T16:09:46.530Z,4x1 10x1 21x1 25x1 27x1 28x1 31x2 33x1
6ab54b4ed4b7aee9f69b199f,Immersive Roulette,32,Vermelho,Par,2026-09-24 13:09:50,2026-09-24T16:09:06.281Z,2026-09-24T16:09:50.066Z,
6ab54b5ed4b7aee9f69b19a2,XXXtreme Lightning Roulette,10,Preto,Par,2026-09-24 13:10:06,2026-09-24T16:09:18.701Z,2026-09-24T16:10:06.119Z,0x200 4x100 20x150
6ab54b77d4b7aee9f69b19a8,Lightning Roulette,33,Preto,Impar,2026-09-24 13:10:31,2026-09-24T16:09:47.710Z,2026-09-24T16:10:31.596Z,0x50 26x50
6ab54b82d4b7aee9f69b19ab,Immersive Roulette,20,Preto,Par,2026-09-24 13:10:42,2026-09-24T16:09:53.135Z,2026-09-24T16:10:42.124Z,
6ab54b88b966fa02520f16af,Red Door Roulette,7,Vermelho,Impar,2026-09-24 13:10:48,2026-09-24T16:09:49.680Z,2026-09-24T16:10:48.526Z,0x1 1x10 2x5 9x1 19x1 32x1 33x1
6ab54b93d4b7aee9f69b19ad,XXXtreme Lightning Roulette,34,Vermelho,Par,2026-09-24 13:10:59,2026-09-24T16:10:09.192Z,2026-09-24T16:10:59.111Z,9x100 17x100 18x50 19x50 29x50 34x150 35x100
6ab54ba3d4b7aee9f69b19b2,Lightning Roulette,24,Preto,Par,2026-09-24 13:11:15,2026-09-24T16:10:34.705Z,2026-09-24T16:11:15.105Z,26x100 29x50
6ab54bc7b966fa02520f16b4,Red Door Roulette,2,Preto,Par,2026-09-24 13:11:50,2026-09-24T16:10:51.653Z,2026-09-24T16:11:50.538Z,14x1 16x1 17x1 20x1 23x1 25x1 32x1 36x1
6ab54bc7d4b7aee9f69b19b7,XXXtreme Lightning Roulette,18,Vermelho,Par,2026-09-24 13:11:51,2026-09-24T16:11:02.199Z,2026-09-24T16:11:51.125Z,6x100 20x50 29x100
6ab54bd2d4b7aee9f69b19ba,Lightning Roulette,1,Vermelho,Impar,2026-09-24 13:12:02,2026-09-24T16:11:18.252Z,2026-09-24T16:12:02.096Z,0x100 12x150
6ab54bf8d4b7aee9f69b19be,XXXtreme Lightning Roulette,19,Vermelho,Impar,2026-09-24 13:12:40,2026-09-24T16:11:54.200Z,2026-09-24T16:12:40.132Z,3x50 7x100 17x1000 18x100 22x100 28x50 32x50
6ab54c05d4b7aee9f69b19c0,Lightning Roulette,33,Preto,Impar,2026-09-24 13:12:53,2026-09-24T16:12:05.175Z,2026-09-24T16:12:53.103Z,18x50 20x50
6ab54c29d4b7aee9f69b19c8,XXXtreme Lightning Roulette,8,Preto,Par,2026-09-24 13:13:29,2026-09-24T16:12:43.230Z,2026-09-24T16:13:29.148Z,5x100 15x200 25x50
6ab54c35d4b7aee9f69b19c9,Lightning Roulette,1,Vermelho,Impar,2026-09-24 13:13:41,2026-09-24T16:12:56.256Z,2026-09-24T16:13:41.597Z,3x50 4x100 10x50 12x100 22x100
6ab54c3ad4b7aee9f69b19cb,Red Door Roulette,14,Vermelho,Par,2026-09-24 13:13:43,2026-09-24T16:11:53.600Z,2026-09-24T16:13:43.580Z,12x1 14x1 21x1 24x1
6ab54c4ad4b7aee9f69b19cf,Immersive Roulette,5,Vermelho,Impar,2026-09-24 13:14:01,2026-09-24T16:13:12.303Z,2026-09-24T16:14:01.988Z,
6ab54c58d4b7aee9f69b19d1,XXXtreme Lightning Roulette,34,Vermelho,Par,2026-09-24 13:14:16,2026-09-24T16:13:32.209Z,2026-09-24T16:14:16.123Z,14x100 27x100 29x250
6ab54c60d4b7aee9f69b19d2,Gold Vault Roulette,18,Vermelho,Par,2026-09-24 13:14:24,2026-09-24T16:13:37.894Z,2026-09-24T16:14:24.483Z,2x50 4x100 6x50 9x50 14x50 15x50 32x50 34x50
6ab54c64d4b7aee9f69b19d3,Lightning Roulette,21,Vermelho,Impar,2026-09-24 13:14:28,2026-09-24T16:13:44.673Z,2026-09-24T16:14:28.097Z,7x100 16x100 27x50
6ab54c7dd4b7aee9f69b19d8,Immersive Roulette,15,Preto,Impar,2026-09-24 13:14:53,2026-09-24T16:14:05.053Z,2026-09-24T16:14:53.242Z,
6ab54c8ad4b7aee9f69b19d9,XXXtreme Lightning Roulette,6,Preto,Par,2026-09-24 13:15:06,2026-09-24T16:14:19.218Z,2026-09-24T16:15:06.142Z,2x1000 12x150 17x50
6ab54cbcf7aacb6e99251132,Gold Vault Roulette,24,Preto,Par,2026-09-24 13:15:12,2026-09-24T16:14:27.570Z,2026-09-24T16:15:12.211Z,3x50 4x50 5x50 10x50 11x150 12x50 15x50 17x50 18x50 19x50 20x50 21x50 24x50 26x100 27x50 33x100
6ab54c93f7aacb6e9925112d,Lightning Roulette,19,Vermelho,Impar,2026-09-24 13:15:13,2026-09-24T16:14:31.190Z,2026-09-24T16:15:13.588Z,11x200 18x100 19x100 20x200
6ab54cbcf7aacb6e99251135,Immersive Roulette,25,Vermelho,Impar,2026-09-24 13:15:44,2026-09-24T16:14:56.331Z,2026-09-24T16:15:44.105Z,
6ab54cbbb966fa02520f16ce,Red Door Roulette,20,Preto,Par,2026-09-24 13:15:50,2026-09-24T16:13:50.809Z,2026-09-24T16:15:50.104Z,1x1 2x1 3x1 6x1 9x1 10x2 13x1 17x1 19x5 20x1 21x1 25x1 26x1 28x1 33x1
6ab54cbff7aacb6e99251137,XXXtreme Lightning Roulette,21,Vermelho,Impar,2026-09-24 13:15:59,2026-09-24T16:15:09.232Z,2026-09-24T16:15:59.158Z,1x100 4x50 20x50 32x100 34x50 36x150
6ab54cc4f7aacb6e99251139,Gold Vault Roulette,34,Vermelho,Par,2026-09-24 13:16:03,2026-09-24T16:15:15.337Z,2026-09-24T16:16:03.880Z,1x50 23x50 28x50 30x50 34x50 36x50
6ab54cc4f7aacb6e9925113b,Lightning Roulette,24,Preto,Par,2026-09-24 13:16:04,2026-09-24T16:15:16.745Z,2026-09-24T16:16:04.617Z,3x50 23x50 27x100
6ab54ce7f7aacb6e9925113f,Immersive Roulette,17,Preto,Impar,2026-09-24 13:16:39,2026-09-24T16:15:47.165Z,2026-09-24T16:16:39.353Z,
6ab54cf2f7aacb6e99251141,Lightning Roulette,9,Vermelho,Impar,2026-09-24 13:16:50,2026-09-24T16:16:07.737Z,2026-09-24T16:16:50.102Z,24x50 32x50 34x50
6ab54cf2f7aacb6e99251142,XXXtreme Lightning Roulette,5,Vermelho,Impar,2026-09-24 13:16:50,2026-09-24T16:16:02.237Z,2026-09-24T16:16:50.649Z,13x100 14x100
6ab54cfaf7aacb6e99251146,Red Door Roulette,10,Preto,Par,2026-09-24 13:16:51,2026-09-24T16:15:51.188Z,2026-09-24T16:16:51.031Z,9x1 1x1 3x1 17x2 14x1
6ab54cf7f7aacb6e99251145,Gold Vault Roulette,35,Preto,Impar,2026-09-24 13:16:55,2026-09-24T16:16:06.981Z,2026-09-24T16:16:55.553Z,14x100 19x50 21x150 27x50 29x50
6ab54d1bf7aacb6e9925114a,Immersive Roulette,20,Preto,Par,2026-09-24 13:17:31,2026-09-24T16:16:42.411Z,2026-09-24T16:17:31.023Z,
6ab54d24f7aacb6e9925114c,Lightning Roulette,23,Vermelho,Impar,2026-09-24 13:17:40,2026-09-24T16:16:53.212Z,2026-09-24T16:17:40.602Z,6x100 16x50 31x100
6ab54d2a5f8961d564fe23d4,XXXtreme Lightning Roulette,32,Vermelho,Par,2026-09-24 13:17:45,2026-09-24T16:16:53.779Z,2026-09-24T16:17:45.139Z,18x600 20x100
6ab54d29f7aacb6e9925114e,Gold Vault Roulette,7,Vermelho,Impar,2026-09-24 13:17:45,2026-09-24T16:16:58.665Z,2026-09-24T16:17:45.637Z,7x150 9x50 18x50 24x100 34x100
6ab54d53f7aacb6e99251156,Immersive Roulette,18,Vermelho,Par,2026-09-24 13:18:26,2026-09-24T16:17:34.092Z,2026-09-24T16:18:26.727Z,
6ab54d55f7aacb6e99251157,Lightning Roulette,0,Verde,None,2026-09-24 13:18:29,2026-09-24T16:17:43.677Z,2026-09-24T16:18:29.127Z,13x200 26x100 33x100
6ab54d5af7aacb6e99251159,Gold Vault Roulette,34,Vermelho,Par,2026-09-24 13:18:34,2026-09-24T16:17:48.800Z,2026-09-24T16:18:34.180Z,5x50 6x100 13x50 15x50 16x150 35x50
6ab54d605f8961d564fe23dc,XXXtreme Lightning Roulette,1,Vermelho,Impar,2026-09-24 13:18:38,2026-09-24T16:17:48.243Z,2026-09-24T16:18:38.654Z,33x200 22x100 32x100 25x100 20x250 18x50 7x500 28x50
6ab54d82f7aacb6e99251162,Lightning Roulette,2,Preto,Par,2026-09-24 13:19:14,2026-09-24T16:18:32.249Z,2026-09-24T16:19:14.631Z,4x200 12x50 17x100
6ab54d88f7aacb6e99251163,Immersive Roulette,10,Preto,Par,2026-09-24 13:19:20,2026-09-24T16:18:29.842Z,2026-09-24T16:19:20.342Z,
6ab54d8df7aacb6e99251165,Red Door Roulette,18,Vermelho,Par,2026-09-24 13:19:22,2026-09-24T16:16:54.133Z,2026-09-24T16:19:22.055Z,8x1 19x3 24x3 5x1 10x1 1x1 18x1 7x1 3x1 17x1 25x1 14x1
6ab54d8bf7aacb6e99251164,Gold Vault Roulette,1,Vermelho,Impar,2026-09-24 13:19:23,2026-09-24T16:18:37.261Z,2026-09-24T16:19:23.846Z,2x50 6x100 9x50 17x50 27x50
6ab54d93f7aacb6e99251168,XXXtreme Lightning Roulette,36,Vermelho,Par,2026-09-24 13:19:31,2026-09-24T16:18:41.748Z,2026-09-24T16:19:31.163Z,8x1500 18x600
6ab54db3f7aacb6e9925116f,Lightning Roulette,36,Vermelho,Par,2026-09-24 13:20:03,2026-09-24T16:19:17.730Z,2026-09-24T16:20:03.124Z,7x50 22x100
6ab54dbef7aacb6e99251172,Gold Vault Roulette,23,Vermelho,Impar,2026-09-24 13:20:13,2026-09-24T16:19:26.925Z,2026-09-24T16:20:13.973Z,1x50 6x150 7x100 14x100 21x50 27x50 29x50 31x50 33x50 34x100 35x100
6ab54dbff7aacb6e99251173,Immersive Roulette,32,Vermelho,Par,2026-09-24 13:20:15,2026-09-24T16:19:23.431Z,2026-09-24T16:20:15.224Z,
6ab54dc6f7aacb6e99251175,XXXtreme Lightning Roulette,28,Preto,Par,2026-09-24 13:20:21,2026-09-24T16:19:34.256Z,2026-09-24T16:20:21.689Z,3x300 12x700 18x100 20x100
6ab54dceb966fa02520f16ea,Red Door Roulette,35,Preto,Impar,2026-09-24 13:20:30,2026-09-24T16:19:30.287Z,2026-09-24T16:20:30.033Z,0x1 3x1 5x1 9x1 17x1 22x1 29x1 31x1 32x1 33x1
6ab54de4f7aacb6e9925117c,Lightning Roulette,15,Preto,Impar,2026-09-24 13:20:52,2026-09-24T16:20:06.228Z,2026-09-24T16:20:52.115Z,2x50 15x50 20x100 29x50
6ab54df2f7aacb6e9925117f,Gold Vault Roulette,30,Vermelho,Par,2026-09-24 13:21:06,2026-09-24T16:20:17.138Z,2026-09-24T16:21:06.025Z,2x50 4x150 7x100 9x50 11x50 14x50 30x100 35x100
6ab54df5f7aacb6e99251181,Immersive Roulette,7,Vermelho,Impar,2026-09-24 13:21:09,2026-09-24T16:20:18.300Z,2026-09-24T16:21:09.664Z,
6ab54dfcf7aacb6e99251182,XXXtreme Lightning Roulette,33,Preto,Impar,2026-09-24 13:21:16,2026-09-24T16:20:24.776Z,2026-09-24T16:21:16.188Z,19x100 32x100 36x600
6ab54e0ab966fa02520f16ef,Red Door Roulette,3,Vermelho,Impar,2026-09-24 13:21:29,2026-09-24T16:20:33.169Z,2026-09-24T16:21:29.584Z,0x1 4x1 22x1 23x1 25x1 27x1 28x1
6ab54e0af7aacb6e99251184,Auto Roulette,1,Vermelho,Impar,2026-09-24 13:21:30,2026-09-24T16:20:54.296Z,2026-09-24T16:21:30.235Z,
6ab54e14f7aacb6e99251185,Lightning Roulette,15,Preto,Impar,2026-09-24 13:21:40,2026-09-24T16:20:55.304Z,2026-09-24T16:21:40.105Z,3x50 24x300 32x50
6ab54e26f7aacb6e99251189,Gold Vault Roulette,35,Preto,Impar,2026-09-24 13:21:58,2026-09-24T16:21:09.149Z,2026-09-24T16:21:58.555Z,5x50 10x50 14x100 22x50 27x50 29x100 32x150 34x50
6ab54e2bf7aacb6e9925118b,Immersive Roulette,30,Vermelho,Par,2026-09-24 13:22:03,2026-09-24T16:21:12.730Z,2026-09-24T16:22:03.370Z,
6ab54e33f7aacb6e9925118d,XXXtreme Lightning Roulette,26,Preto,Par,2026-09-24 13:22:11,2026-09-24T16:21:19.272Z,2026-09-24T16:22:11.200Z,7x50 13x400 17x100 18x50 25x100 26x150 33x100
6ab54e36f7aacb6e9925118e,Auto Roulette,18,Vermelho,Par,2026-09-24 13:22:13,2026-09-24T16:21:33.396Z,2026-09-24T16:22:13.743Z,
6ab54e45f7aacb6e99251191,Lightning Roulette,13,Preto,Impar,2026-09-24 13:22:28,2026-09-24T16:21:43.235Z,2026-09-24T16:22:28.616Z,7x50 17x50 27x50
6ab54e55f7aacb6e99251195,Gold Vault Roulette,7,Vermelho,Impar,2026-09-24 13:22:45,2026-09-24T16:22:01.662Z,2026-09-24T16:22:45.444Z,4x50 5x100 8x100 14x50 23x50 26x50 27x50 30x50 34x50 36x50
6ab54e5cf7aacb6e99251196,Immersive Roulette,11,Preto,Impar,2026-09-24 13:22:52,2026-09-24T16:22:06.464Z,2026-09-24T16:22:52.629Z,
6ab54e5df7aacb6e99251197,Auto Roulette,7,Vermelho,Impar,2026-09-24 13:22:53,2026-09-24T16:22:16.788Z,2026-09-24T16:22:53.205Z,
6ab54e67f7aacb6e99251199,XXXtreme Lightning Roulette,36,Vermelho,Par,2026-09-24 13:23:03,2026-09-24T16:22:14.286Z,2026-09-24T16:23:03.202Z,6x100 23x100 27x100
6ab54e75f7aacb6e9925119b,Lightning Roulette,34,Vermelho,Par,2026-09-24 13:23:17,2026-09-24T16:22:31.734Z,2026-09-24T16:23:17.626Z,9x100 15x100 30x50
6ab54e83f7aacb6e9925119f,Gold Vault Roulette,6,Preto,Par,2026-09-24 13:23:31,2026-09-24T16:22:48.533Z,2026-09-24T16:23:31.166Z,2x50 3x100 4x50 5x50 6x50 24x50 29x100 32x50 36x100
6ab54e86f7aacb6e992511a0,Auto Roulette,4,Preto,Par,2026-09-24 13:23:34,2026-09-24T16:22:56.300Z,2026-09-24T16:23:34.213Z,
6ab54e99f7aacb6e992511a3,XXXtreme Lightning Roulette,31,Preto,Impar,2026-09-24 13:23:53,2026-09-24T16:23:06.276Z,2026-09-24T16:23:53.697Z,4x100 18x100 26x100
6ab54e9cf7aacb6e992511a4,Immersive Roulette,11,Preto,Impar,2026-09-24 13:23:55,2026-09-24T16:22:55.719Z,2026-09-24T16:23:55.897Z,
6ab54ea3f7aacb6e992511a7,Lightning Roulette,22,Preto,Par,2026-09-24 13:24:03,2026-09-24T16:23:20.723Z,2026-09-24T16:24:03.616Z,1x100 19x50 24x400
6ab54eabb966fa02520f1701,Red Door Roulette,8,Preto,Par,2026-09-24 13:24:10,2026-09-24T16:21:32.655Z,2026-09-24T16:24:10.983Z,3x1 8x2 10x2 14x1 20x1 21x7 22x1 23x1 27x1 32x1 35x1 36x1
6ab54eb2f7aacb6e992511aa,Auto Roulette,24,Preto,Par,2026-09-24 13:24:18,2026-09-24T16:23:37.280Z,2026-09-24T16:24:18.233Z,
6ab54eb9f7aacb6e992511ac,Gold Vault Roulette,35,Preto,Impar,2026-09-24 13:24:24,2026-09-24T16:23:34.328Z,2026-09-24T16:24:24.845Z,2x100 12x50 17x100 19x150 26x50
6ab54ecff7aacb6e992511b0,XXXtreme Lightning Roulette,18,Vermelho,Par,2026-09-24 13:24:47,2026-09-24T16:23:56.773Z,2026-09-24T16:24:47.705Z,8x50 16x100 19x100 29x100
6ab54ed1f7aacb6e992511b1,Immersive Roulette,9,Vermelho,Impar,2026-09-24 13:24:49,2026-09-24T16:23:58.984Z,2026-09-24T16:24:49.176Z,
6ab54ed55f8961d564fe2424,Lightning Roulette,18,Vermelho,Par,2026-09-24 13:24:51,2026-09-24T16:24:06.694Z,2026-09-24T16:24:51.093Z,1x200 18x100 20x100
6ab54edbf7aacb6e992511b3,Auto Roulette,1,Vermelho,Impar,2026-09-24 13:24:59,2026-09-24T16:24:21.314Z,2026-09-24T16:24:59.223Z,
6ab54ee5b966fa02520f1707,Red Door Roulette,0,Verde,None,2026-09-24 13:25:09,2026-09-24T16:24:12.124Z,2026-09-24T16:25:09.054Z,1x1 10x1 13x1 16x1 19x1 23x1 29x1 30x1 36x1
6ab54eedf7aacb6e992511b5,Gold Vault Roulette,17,Preto,Impar,2026-09-24 13:25:16,2026-09-24T16:24:27.956Z,2026-09-24T16:25:16.932Z,15x50 20x50 25x50 31x50 33x50
6ab54f02f7aacb6e992511b8,Immersive Roulette,9,Vermelho,Impar,2026-09-24 13:25:38,2026-09-24T16:24:52.232Z,2026-09-24T16:25:38.027Z,
6ab54f03f7aacb6e992511b9,XXXtreme Lightning Roulette,4,Preto,Par,2026-09-24 13:25:39,2026-09-24T16:24:50.784Z,2026-09-24T16:25:39.714Z,26x700 35x400
6ab54f065f8961d564fe242d,Lightning Roulette,24,Preto,Par,2026-09-24 13:25:40,2026-09-24T16:24:54.199Z,2026-09-24T16:25:40.605Z,17x50 2x100
6ab54f05f7aacb6e992511ba,Auto Roulette,18,Vermelho,Par,2026-09-24 13:25:41,2026-09-24T16:25:02.278Z,2026-09-24T16:25:41.208Z,
6ab54f1eb966fa02520f170f,Red Door Roulette,12,Vermelho,Par,2026-09-24 13:26:05,2026-09-24T16:25:12.150Z,2026-09-24T16:26:05.551Z,1x1 3x2 8x1 9x1 13x1 15x2 16x2 30x1 31x1 34x1
6ab54f21f7aacb6e992511bf,Gold Vault Roulette,8,Preto,Par,2026-09-24 13:26:09,2026-09-24T16:25:20.013Z,2026-09-24T16:26:09.014Z,3x50 5x50 14x100 23x50 30x50
6ab54f30f7aacb6e992511c1,Auto Roulette,24,Preto,Par,2026-09-24 13:26:23,2026-09-24T16:25:44.289Z,2026-09-24T16:26:23.719Z,
6ab54f37f7aacb6e992511c5,XXXtreme Lightning Roulette,6,Preto,Par,2026-09-24 13:26:31,2026-09-24T16:25:42.797Z,2026-09-24T16:26:31.717Z,33x700 36x100
6ab54f38f7aacb6e992511c6,Immersive Roulette,11,Preto,Impar,2026-09-24 13:26:32,2026-09-24T16:25:41.102Z,2026-09-24T16:26:32.128Z,
6ab54f39f7aacb6e992511c7,Lightning Roulette,22,Preto,Par,2026-09-24 13:26:32,2026-09-24T16:25:43.719Z,2026-09-24T16:26:32.611Z,0x100 5x100 16x100 28x100
6ab54f57f7aacb6e992511cb,Gold Vault Roulette,28,Preto,Par,2026-09-24 13:27:03,2026-09-24T16:26:12.102Z,2026-09-24T16:27:03.110Z,9x100 16x50 18x50 19x50 26x50
6ab54f58b966fa02520f1716,Red Door Roulette,11,Preto,Impar,2026-09-24 13:27:03,2026-09-24T16:26:08.676Z,2026-09-24T16:27:03.560Z,6x1 8x1 12x1 16x7 19x1 33x1 35x1 36x2
6ab54f59f7aacb6e992511cc,Auto Roulette,13,Preto,Impar,2026-09-24 13:27:05,2026-09-24T16:26:26.793Z,2026-09-24T16:27:05.186Z,
6ab54f69f7aacb6e992511d0,Lightning Roulette,31,Preto,Impar,2026-09-24 13:27:21,2026-09-24T16:26:35.669Z,2026-09-24T16:27:21.120Z,9x200 10x50 23x100
6ab54f6df7aacb6e992511d1,XXXtreme Lightning Roulette,23,Vermelho,Impar,2026-09-24 13:27:25,2026-09-24T16:26:34.799Z,2026-09-24T16:27:25.696Z,18x50 33x100
6ab54f6ff7aacb6e992511d2,Immersive Roulette,31,Preto,Impar,2026-09-24 13:27:26,2026-09-24T16:26:35.208Z,2026-09-24T16:27:26.597Z,
6ab54f83f7aacb6e992511d6,Auto Roulette,25,Vermelho,Impar,2026-09-24 13:27:46,2026-09-24T16:27:08.275Z,2026-09-24T16:27:46.690Z,
6ab54f89f7aacb6e992511d8,Gold Vault Roulette,23,Vermelho,Impar,2026-09-24 13:27:52,2026-09-24T16:27:06.207Z,2026-09-24T16:27:52.819Z,9x50 13x50 19x50 27x100 29x50 32x50 33x50
6ab54f93b966fa02520f171c,Red Door Roulette,7,Vermelho,Impar,2026-09-24 13:28:02,2026-09-24T16:27:06.685Z,2026-09-24T16:28:02.572Z,3x5 4x1 9x1 10x5 19x1 32x1 34x1
6ab54f96f7aacb6e992511db,Lightning Roulette,1,Vermelho,Impar,2026-09-24 13:28:06,2026-09-24T16:27:24.197Z,2026-09-24T16:28:06.617Z,11x200 17x100 34x150
6ab54fa2f7aacb6e992511de,XXXtreme Lightning Roulette,20,Preto,Par,2026-09-24 13:28:18,2026-09-24T16:27:28.794Z,2026-09-24T16:28:18.714Z,6x150 8x50 21x100
6ab54fa5f7aacb6e992511e0,Immersive Roulette,1,Vermelho,Impar,2026-09-24 13:28:21,2026-09-24T16:27:29.643Z,2026-09-24T16:28:21.478Z,
6ab54faef7aacb6e992511e2,Auto Roulette,4,Preto,Par,2026-09-24 13:28:29,2026-09-24T16:27:49.809Z,2026-09-24T16:28:29.719Z,
6ab54fb9f7aacb6e992511e5,Gold Vault Roulette,24,Preto,Par,2026-09-24 13:28:41,2026-09-24T16:27:55.947Z,2026-09-24T16:28:41.282Z,5x50 12x100 15x50 16x100 19x150 26x50 29x50 30x50
6ab54fc3f7aacb6e992511e7,Lightning Roulette,27,Vermelho,Impar,2026-09-24 13:28:50,2026-09-24T16:28:09.705Z,2026-09-24T16:28:50.626Z,9x50 15x50 18x50
6ab54fd0b966fa02520f1725,Red Door Roulette,28,Preto,Par,2026-09-24 13:29:03,2026-09-24T16:28:05.680Z,2026-09-24T16:29:03.069Z,0x1 12x1 17x1 18x1 27x1 35x1
6ab54fd6f7aacb6e992511ea,XXXtreme Lightning Roulette,1,Vermelho,Impar,2026-09-24 13:29:10,2026-09-24T16:28:21.771Z,2026-09-24T16:29:10.224Z,13x50 16x100 19x100 24x50 26x600 27x50
6ab54fd7f7aacb6e992511ec,Immersive Roulette,0,Verde,None,2026-09-24 13:29:11,2026-09-24T16:28:24.579Z,2026-09-24T16:29:11.177Z,
6ab54fd8f7aacb6e992511ed,Auto Roulette,26,Preto,Par,2026-09-24 13:29:12,2026-09-24T16:28:32.816Z,2026-09-24T16:29:12.191Z,
6ab54feef7aacb6e992511f2,Gold Vault Roulette,35,Preto,Impar,2026-09-24 13:29:33,2026-09-24T16:28:44.378Z,2026-09-24T16:29:33.774Z,5x50 9x50 13x50 14x100 18x50 20x50 21x100 24x100 31x50 34x50
6ab54ff4f7aacb6e992511f4,Lightning Roulette,22,Preto,Par,2026-09-24 13:29:40,2026-09-24T16:28:53.731Z,2026-09-24T16:29:40.613Z,6x100 15x200 19x50
6ab55004f7aacb6e992511f7,Auto Roulette,5,Vermelho,Impar,2026-09-24 13:29:56,2026-09-24T16:29:15.271Z,2026-09-24T16:29:56.232Z,
6ab5500bf7aacb6e992511f8,XXXtreme Lightning Roulette,2,Preto,Par,2026-09-24 13:30:03,2026-09-24T16:29:13.318Z,2026-09-24T16:30:03.219Z,7x100 15x100
6ab5500df7aacb6e992511f9,Immersive Roulette,13,Preto,Impar,2026-09-24 13:30:04,2026-09-24T16:29:14.245Z,2026-09-24T16:30:04.453Z,
6ab5501ef7aacb6e992511fb,Gold Vault Roulette,21,Vermelho,Impar,2026-09-24 13:30:22,2026-09-24T16:29:36.877Z,2026-09-24T16:30:22.665Z,1x50 5x100 6x50 11x100 14x500 18x50 19x50 26x100
6ab55024f7aacb6e992511fd,Lightning Roulette,15,Preto,Impar,2026-09-24 13:30:28,2026-09-24T16:29:43.693Z,2026-09-24T16:30:28.122Z,3x50 7x50 12x100
6ab55036f7aacb6e99251201,Auto Roulette,36,Vermelho,Par,2026-09-24 13:30:45,2026-09-24T16:29:59.323Z,2026-09-24T16:30:45.707Z,
6ab5503ef7aacb6e99251203,XXXtreme Lightning Roulette,33,Preto,Impar,2026-09-24 13:30:54,2026-09-24T16:30:06.310Z,2026-09-24T16:30:54.239Z,14x100 25x100 28x100
6ab55041b966fa02520f172e,Red Door Roulette,25,Vermelho,Impar,2026-09-24 13:30:57,2026-09-24T16:29:06.169Z,2026-09-24T16:30:57.007Z,9x1 12x3 17x1 23x1 25x1 33x2 35x1
6ab55041f7aacb6e99251204,Immersive Roulette,36,Vermelho,Par,2026-09-24 13:30:57,2026-09-24T16:30:07.566Z,2026-09-24T16:30:57.389Z,
6ab55052f7aacb6e99251208,Lightning Roulette,24,Preto,Par,2026-09-24 13:31:14,2026-09-24T16:30:31.204Z,2026-09-24T16:31:14.112Z,5x100 28x50
6ab55056f7aacb6e99251209,Gold Vault Roulette,7,Vermelho,Impar,2026-09-24 13:31:18,2026-09-24T16:30:25.804Z,2026-09-24T16:31:18.373Z,4x50 9x50 10x50 24x50 28x50 36x50
6ab55062f7aacb6e9925120c,Auto Roulette,28,Preto,Par,2026-09-24 13:31:30,2026-09-24T16:30:48.777Z,2026-09-24T16:31:30.233Z,
6ab55074f7aacb6e9925120f,XXXtreme Lightning Roulette,17,Preto,Impar,2026-09-24 13:31:48,2026-09-24T16:30:57.325Z,2026-09-24T16:31:48.239Z,24x100 32x100
6ab55075f7aacb6e99251210,Immersive Roulette,31,Preto,Impar,2026-09-24 13:31:49,2026-09-24T16:31:00.463Z,2026-09-24T16:31:49.081Z,
6ab55083f7aacb6e99251214,Lightning Roulette,12,Vermelho,Par,2026-09-24 13:32:03,2026-09-24T16:31:17.239Z,2026-09-24T16:32:03.126Z,4x100 5x50 30x100
6ab55088f7aacb6e99251216,Gold Vault Roulette,0,Verde,None,2026-09-24 13:32:08,2026-09-24T16:31:21.485Z,2026-09-24T16:32:08.052Z,0x50 4x100 5x50 6x150 15x150 17x50 21x50 31x50
6ab5508cf7aacb6e99251217,Auto Roulette,29,Preto,Impar,2026-09-24 13:32:12,2026-09-24T16:31:33.374Z,2026-09-24T16:32:12.189Z,
6ab550a6f7aacb6e9925121b,XXXtreme Lightning Roulette,24,Preto,Par,2026-09-24 13:32:38,2026-09-24T16:31:51.356Z,2026-09-24T16:32:38.251Z,2x50 8x150 26x50 29x700
6ab550b4f7aacb6e9925121d,Lightning Roulette,0,Verde,None,2026-09-24 13:32:52,2026-09-24T16:32:06.207Z,2026-09-24T16:32:52.608Z,24x100 31x300 32x200
6ab550b6f7aacb6e9925121e,Auto Roulette,11,Preto,Impar,2026-09-24 13:32:54,2026-09-24T16:32:15.288Z,2026-09-24T16:32:54.184Z,
6ab550bcf7aacb6e9925121f,Gold Vault Roulette,27,Vermelho,Impar,2026-09-24 13:33:00,2026-09-24T16:32:11.189Z,2026-09-24T16:33:00.160Z,0x50 3x50 15x100 29x50 31x50
6ab550c1b966fa02520f1738,Red Door Roulette,22,Preto,Par,2026-09-24 13:33:05,2026-09-24T16:30:58.127Z,2026-09-24T16:33:05.004Z,6x1 9x1 13x1 22x2 25x1 26x1 27x1 29x1 31x1 33x1
6ab550dcf7aacb6e99251225,XXXtreme Lightning Roulette,26,Preto,Par,2026-09-24 13:33:32,2026-09-24T16:32:41.339Z,2026-09-24T16:33:32.258Z,9x50 13x100 28x100
6ab550def7aacb6e99251226,Immersive Roulette,29,Preto,Impar,2026-09-24 13:33:34,2026-09-24T16:32:46.218Z,2026-09-24T16:33:34.027Z,
6ab550e5f7aacb6e99251227,Auto Roulette,31,Preto,Impar,2026-09-24 13:33:40,2026-09-24T16:32:57.256Z,2026-09-24T16:33:40.727Z,
6ab550e7f7aacb6e99251228,Lightning Roulette,1,Vermelho,Impar,2026-09-24 13:33:43,2026-09-24T16:32:55.717Z,2026-09-24T16:33:43.129Z,1x100 24x100 29x100
6ab550f1f7aacb6e9925122a,Gold Vault Roulette,0,Verde,None,2026-09-24 13:33:53,2026-09-24T16:33:03.265Z,2026-09-24T16:33:53.038Z,2x50 8x100 9x50 15x50 19x50 33x50
6ab550f9b966fa02520f173f,Red Door Roulette,4,Preto,Par,2026-09-24 13:34:01,2026-09-24T16:33:06.130Z,2026-09-24T16:34:01.060Z,6x1 8x1 9x1 16x1 17x1 26x1 27x1 33x1 34x1
6ab5510ff7aacb6e9925122f,Auto Roulette,29,Preto,Impar,2026-09-24 13:34:22,2026-09-24T16:33:43.803Z,2026-09-24T16:34:22.695Z,
6ab5510ff7aacb6e9925122e,XXXtreme Lightning Roulette,1,Vermelho,Impar,2026-09-24 13:34:23,2026-09-24T16:33:35.336Z,2026-09-24T16:34:23.266Z,15x100
6ab55111f7aacb6e99251230,Immersive Roulette,22,Preto,Par,2026-09-24 13:34:24,2026-09-24T16:33:37.086Z,2026-09-24T16:34:24.871Z,
6ab5511df7aacb6e99251232,Lightning Roulette,20,Preto,Par,2026-09-24 13:34:36,2026-09-24T16:33:46.226Z,2026-09-24T16:34:36.634Z,19x50 30x100
6ab55127f7aacb6e99251235,Gold Vault Roulette,26,Preto,Par,2026-09-24 13:34:47,2026-09-24T16:33:56.109Z,2026-09-24T16:34:47.149Z,1x50 4x150 9x50 15x50 26x50 32x50
6ab55135b966fa02520f1746,Red Door Roulette,13,Preto,Impar,2026-09-24 13:35:01,2026-09-24T16:34:04.170Z,2026-09-24T16:35:01.074Z,1x1 10x1 12x1 18x1 24x1 28x7 29x1 32x1
6ab5513bf7aacb6e99251238,Auto Roulette,21,Vermelho,Impar,2026-09-24 13:35:07,2026-09-24T16:34:25.793Z,2026-09-24T16:35:07.221Z,
6ab55146f7aacb6e9925123a,XXXtreme Lightning Roulette,4,Preto,Par,2026-09-24 13:35:17,2026-09-24T16:34:26.346Z,2026-09-24T16:35:17.769Z,8x50 10x50 13x100 17x200 20x100 24x100
6ab55148f7aacb6e9925123b,Immersive Roulette,16,Vermelho,Par,2026-09-24 13:35:20,2026-09-24T16:34:27.923Z,2026-09-24T16:35:20.174Z,
6ab5514ff7aacb6e9925123d,Lightning Roulette,1,Vermelho,Impar,2026-09-24 13:35:27,2026-09-24T16:34:39.761Z,2026-09-24T16:35:27.628Z,0x100 5x150 32x100
6ab5515cf7aacb6e99251241,Gold Vault Roulette,27,Vermelho,Impar,2026-09-24 13:35:40,2026-09-24T16:34:50.236Z,2026-09-24T16:35:40.421Z,1x50 2x50 14x50 15x50 21x100 22x50 25x50 26x50 29x50 31x50
6ab5516af7aacb6e99251243,Auto Roulette,8,Preto,Par,2026-09-24 13:35:53,2026-09-24T16:35:10.281Z,2026-09-24T16:35:53.699Z,
6ab5517af7aacb6e99251245,XXXtreme Lightning Roulette,24,Preto,Par,2026-09-24 13:36:09,2026-09-24T16:35:20.851Z,2026-09-24T16:36:09.774Z,6x100 11x100 12x100 17x100 24x400 35x300
6ab5517df7aacb6e99251246,Immersive Roulette,2,Preto,Par,2026-09-24 13:36:12,2026-09-24T16:35:23.267Z,2026-09-24T16:36:12.667Z,
6ab55181f7aacb6e9925124a,Lightning Roulette,8,Preto,Par,2026-09-24 13:36:17,2026-09-24T16:35:30.735Z,2026-09-24T16:36:17.143Z,9x50 17x50 33x150
6ab55193f7aacb6e9925124c,Gold Vault Roulette,5,Vermelho,Impar,2026-09-24 13:36:34,2026-09-24T16:35:43.555Z,2026-09-24T16:36:34.931Z,12x50 14x50 32x50 34x50 35x100
6ab55195f7aacb6e9925124d,Auto Roulette,20,Preto,Par,2026-09-24 13:36:36,2026-09-24T16:35:56.776Z,2026-09-24T16:36:36.681Z,
6ab551abb966fa02520f1756,Red Door Roulette,35,Preto,Impar,2026-09-24 13:36:59,2026-09-24T16:35:04.192Z,2026-09-24T16:36:59.215Z,1x1 4x1 13x1 14x1 15x1 17x1 19x1 22x2 25x1 35x1
6ab551aff7aacb6e99251252,XXXtreme Lightning Roulette,26,Preto,Par,2026-09-24 13:37:03,2026-09-24T16:36:12.854Z,2026-09-24T16:37:03.265Z,2x150 13x150 14x100 21x100 24x100 26x100
6ab551b3f7aacb6e99251253,Lightning Roulette,16,Vermelho,Par,2026-09-24 13:37:06,2026-09-24T16:36:20.255Z,2026-09-24T16:37:06.612Z,3x500 22x500 35x300
6ab551b5f7aacb6e99251254,Immersive Roulette,10,Preto,Par,2026-09-24 13:37:08,2026-09-24T16:36:15.747Z,2026-09-24T16:37:08.774Z,
6ab551bcf7aacb6e99251255,Auto Roulette,28,Preto,Par,2026-09-24 13:37:15,2026-09-24T16:36:39.752Z,2026-09-24T16:37:15.704Z,
6ab551c7f7aacb6e99251258,Gold Vault Roulette,1,Vermelho,Impar,2026-09-24 13:37:27,2026-09-24T16:36:38.043Z,2026-09-24T16:37:27.064Z,2x100 9x100 15x50 16x50 26x50 31x100 33x50
6ab551e0f7aacb6e9925125d,XXXtreme Lightning Roulette,34,Vermelho,Par,2026-09-24 13:37:52,2026-09-24T16:37:06.350Z,2026-09-24T16:37:52.265Z,11x50 13x100 14x100 15x100 18x100 22x50 30x100
6ab551e0f7aacb6e9925125e,Lightning Roulette,12,Vermelho,Par,2026-09-24 13:37:52,2026-09-24T16:37:09.688Z,2026-09-24T16:37:52.615Z,4x100 18x100 34x200
6ab551e9f7aacb6e99251260,Auto Roulette,25,Vermelho,Impar,2026-09-24 13:38:00,2026-09-24T16:37:18.826Z,2026-09-24T16:38:00.697Z,
6ab551e9f7aacb6e99251261,Immersive Roulette,24,Preto,Par,2026-09-24 13:38:00,2026-09-24T16:37:11.863Z,2026-09-24T16:38:00.845Z,
6ab551eab966fa02520f175c,Red Door Roulette,8,Preto,Par,2026-09-24 13:38:01,2026-09-24T16:37:00.336Z,2026-09-24T16:38:01.573Z,3x1 17x1 22x1 25x1 26x1 29x1 32x1 36x1
6ab551fbf7aacb6e99251263,Gold Vault Roulette,14,Vermelho,Par,2026-09-24 13:38:19,2026-09-24T16:37:30.151Z,2026-09-24T16:38:19.132Z,1x50 3x100 4x150 6x50 9x50 18x150 22x50 23x50 24x50 28x50
6ab55211f7aacb6e99251268,XXXtreme Lightning Roulette,25,Vermelho,Impar,2026-09-24 13:38:41,2026-09-24T16:37:55.367Z,2026-09-24T16:38:41.272Z,12x700 16x100 21x50 29x200 30x150 32x100
6ab55213f7aacb6e99251269,Auto Roulette,1,Vermelho,Impar,2026-09-24 13:38:43,2026-09-24T16:38:03.818Z,2026-09-24T16:38:43.268Z,
6ab55218f7aacb6e9925126b,Lightning Roulette,24,Preto,Par,2026-09-24 13:38:48,2026-09-24T16:37:55.720Z,2026-09-24T16:38:48.140Z,10x100 29x100
6ab5521ef7aacb6e9925126d,Immersive Roulette,3,Vermelho,Impar,2026-09-24 13:38:54,2026-09-24T16:38:03.922Z,2026-09-24T16:38:54.542Z,
6ab5522ff7aacb6e9925126f,Gold Vault Roulette,10,Preto,Par,2026-09-24 13:39:11,2026-09-24T16:38:22.220Z,2026-09-24T16:39:11.629Z,4x50 5x100 10x500 11x100 12x50 15x50 16x50 17x100 20x50 28x50 31x50 35x150
6ab5523df7aacb6e99251272,Auto Roulette,14,Vermelho,Par,2026-09-24 13:39:25,2026-09-24T16:38:46.348Z,2026-09-24T16:39:25.221Z,
6ab55247f7aacb6e99251274,XXXtreme Lightning Roulette,15,Preto,Impar,2026-09-24 13:39:35,2026-09-24T16:38:44.361Z,2026-09-24T16:39:35.274Z,27x100
6ab55249f7aacb6e99251275,Lightning Roulette,6,Preto,Par,2026-09-24 13:39:36,2026-09-24T16:38:51.232Z,2026-09-24T16:39:36.621Z,8x50 32x150
6ab55252f7aacb6e99251277,Immersive Roulette,27,Vermelho,Impar,2026-09-24 13:39:46,2026-09-24T16:38:57.586Z,2026-09-24T16:39:46.219Z,
6ab5525cb966fa02520f1768,Red Door Roulette,7,Vermelho,Impar,2026-09-24 13:39:56,2026-09-24T16:38:04.660Z,2026-09-24T16:39:56.130Z,0x1 4x1 7x1 10x1 13x1 20x1 22x1 27x1 29x1 34x1
6ab55267f7aacb6e9925127d,Gold Vault Roulette,35,Preto,Impar,2026-09-24 13:40:07,2026-09-24T16:39:14.699Z,2026-09-24T16:40:07.697Z,3x100 8x50 15x150 16x50 18x50 19x50 23x50 25x150
6ab55269f7aacb6e9925127e,Auto Roulette,3,Vermelho,Impar,2026-09-24 13:40:09,2026-09-24T16:39:28.302Z,2026-09-24T16:40:09.191Z,
6ab5527af7aacb6e99251280,Lightning Roulette,19,Vermelho,Impar,2026-09-24 13:40:25,2026-09-24T16:39:39.749Z,2026-09-24T16:40:25.611Z,9x50 14x100 26x50 29x50 31x50
6ab5527ef7aacb6e99251281,XXXtreme Lightning Roulette,36,Vermelho,Par,2026-09-24 13:40:29,2026-09-24T16:39:38.363Z,2026-09-24T16:40:29.786Z,9x100 12x600 15x100
6ab5528af7aacb6e99251283,Immersive Roulette,22,Preto,Par,2026-09-24 13:40:41,2026-09-24T16:39:49.291Z,2026-09-24T16:40:41.888Z,
6ab55296f7aacb6e99251286,Auto Roulette,26,Preto,Par,2026-09-24 13:40:54,2026-09-24T16:40:12.317Z,2026-09-24T16:40:54.205Z,
6ab55298b966fa02520f176e,Red Door Roulette,4,Preto,Par,2026-09-24 13:40:56,2026-09-24T16:39:57.220Z,2026-09-24T16:40:56.080Z,0x1 1x1 8x1 9x3 25x1 29x1 32x1
6ab5529cf7aacb6e99251288,Gold Vault Roulette,36,Vermelho,Par,2026-09-24 13:41:00,2026-09-24T16:40:10.800Z,2026-09-24T16:41:00.179Z,1x50 5x50 6x50 7x50 33x100
6ab552a7f7aacb6e99251289,Lightning Roulette,26,Preto,Par,2026-09-24 13:41:11,2026-09-24T16:40:28.722Z,2026-09-24T16:41:11.114Z,7x500 18x100
6ab552b1f7aacb6e9925128b,XXXtreme Lightning Roulette,14,Vermelho,Par,2026-09-24 13:41:21,2026-09-24T16:40:32.888Z,2026-09-24T16:41:21.302Z,3x100 11x100 32x50
6ab552bdf7aacb6e9925128d,Immersive Roulette,31,Preto,Impar,2026-09-24 13:41:33,2026-09-24T16:40:44.938Z,2026-09-24T16:41:33.617Z,
6ab552c1f7aacb6e9925128f,Auto Roulette,29,Preto,Impar,2026-09-24 13:41:36,2026-09-24T16:40:57.274Z,2026-09-24T16:41:36.692Z,
6ab552d7b966fa02520f1777,Red Door Roulette,19,Vermelho,Impar,2026-09-24 13:41:58,2026-09-24T16:40:59.152Z,2026-09-24T16:41:58.555Z,4x1 9x4 11x1 24x1
6ab552d8f7aacb6e99251293,Lightning Roulette,13,Preto,Impar,2026-09-24 13:42:00,2026-09-24T16:41:14.214Z,2026-09-24T16:42:00.635Z,0x50 4x200 14x50
6ab552e5f7aacb6e99251295,XXXtreme Lightning Roulette,34,Vermelho,Par,2026-09-24 13:42:12,2026-09-24T16:41:24.382Z,2026-09-24T16:42:12.827Z,18x200 21x50 34x150
6ab552ecf7aacb6e99251299,Auto Roulette,6,Preto,Par,2026-09-24 13:42:20,2026-09-24T16:41:39.788Z,2026-09-24T16:42:20.197Z,
6ab552f1f7aacb6e9925129a,Immersive Roulette,31,Preto,Impar,2026-09-24 13:42:25,2026-09-24T16:41:36.710Z,2026-09-24T16:42:25.291Z,
6ab5530af7aacb6e9925129e,Lightning Roulette,36,Vermelho,Par,2026-09-24 13:42:50,2026-09-24T16:42:03.748Z,2026-09-24T16:42:50.655Z,2x100 13x50 19x50
6ab55312b966fa02520f177e,Red Door Roulette,7,Vermelho,Impar,2026-09-24 13:42:57,2026-09-24T16:42:01.659Z,2026-09-24T16:42:57.572Z,4x5 6x1 12x1 24x1 30x1 31x1
6ab5531bf7aacb6e992512a2,Auto Roulette,36,Vermelho,Par,2026-09-24 13:43:07,2026-09-24T16:42:23.252Z,2026-09-24T16:43:07.197Z,
6ab5531ef7aacb6e992512a3,XXXtreme Lightning Roulette,15,Preto,Impar,2026-09-24 13:43:09,2026-09-24T16:42:15.897Z,2026-09-24T16:43:09.810Z,18x50 26x100 35x50
6ab55324f7aacb6e992512a4,Immersive Roulette,11,Preto,Impar,2026-09-24 13:43:16,2026-09-24T16:42:28.343Z,2026-09-24T16:43:16.165Z,
6ab55336f7aacb6e992512a8,Lightning Roulette,32,Vermelho,Par,2026-09-24 13:43:34,2026-09-24T16:42:53.773Z,2026-09-24T16:43:34.616Z,3x100 4x50
6ab5534df7aacb6e992512ad,Auto Roulette,2,Preto,Par,2026-09-24 13:43:57,2026-09-24T16:43:10.290Z,2026-09-24T16:43:57.198Z,
6ab55350f7aacb6e992512ae,XXXtreme Lightning Roulette,3,Vermelho,Impar,2026-09-24 13:43:59,2026-09-24T16:43:12.902Z,2026-09-24T16:43:59.817Z,14x600 21x100 24x100 26x100
6ab55353b966fa02520f1785,Red Door Roulette,9,Vermelho,Impar,2026-09-24 13:44:02,2026-09-24T16:43:00.692Z,2026-09-24T16:44:02.075Z,4x1 5x1 7x1 11x1 13x1 14x5 24x1 27x1 28x1 29x1 33x1
6ab5536bf7aacb6e992512b3,Lightning Roulette,15,Preto,Impar,2026-09-24 13:44:27,2026-09-24T16:43:37.730Z,2026-09-24T16:44:27.133Z,11x50 13x100 14x100
6ab55373f7aacb6e992512b4,Gold Vault Roulette,24,Preto,Par,2026-09-24 13:44:35,2026-09-24T16:41:03.288Z,2026-09-24T16:44:35.455Z,5x50 6x50 9x50 13x50 15x50 25x50 26x50 27x500
6ab55379f7aacb6e992512b6,Auto Roulette,35,Preto,Impar,2026-09-24 13:44:40,2026-09-24T16:44:00.306Z,2026-09-24T16:44:40.688Z,
6ab55385f7aacb6e992512b8,XXXtreme Lightning Roulette,9,Vermelho,Impar,2026-09-24 13:44:53,2026-09-24T16:44:02.936Z,2026-09-24T16:44:53.333Z,3x100 11x50 12x100
6ab5538ef7aacb6e992512ba,Immersive Roulette,31,Preto,Impar,2026-09-24 13:45:01,2026-09-24T16:44:12.516Z,2026-09-24T16:45:01.936Z,
6ab55393b966fa02520f178d,Red Door Roulette,26,Preto,Par,2026-09-24 13:45:06,2026-09-24T16:44:05.165Z,2026-09-24T16:45:06.585Z,3x1 7x1 25x1 35x1
6ab5539cf7aacb6e992512bd,Lightning Roulette,3,Vermelho,Impar,2026-09-24 13:45:16,2026-09-24T16:44:30.264Z,2026-09-24T16:45:16.633Z,11x100 13x100 35x50
6ab553a4f7aacb6e992512be,Auto Roulette,6,Preto,Par,2026-09-24 13:45:23,2026-09-24T16:44:43.766Z,2026-09-24T16:45:23.711Z,
6ab553a4f7aacb6e992512bf,Gold Vault Roulette,30,Vermelho,Par,2026-09-24 13:45:24,2026-09-24T16:44:38.571Z,2026-09-24T16:45:24.758Z,8x100 19x50 22x50 25x50 34x50 36x100
6ab553b6f7aacb6e992512c3,XXXtreme Lightning Roulette,28,Preto,Par,2026-09-24 13:45:42,2026-09-24T16:44:56.417Z,2026-09-24T16:45:42.325Z,6x600 7x100 32x100 36x50
6ab553c2f7aacb6e992512c6,Immersive Roulette,23,Vermelho,Impar,2026-09-24 13:45:54,2026-09-24T16:45:05.028Z,2026-09-24T16:45:54.417Z,
6ab553cff7aacb6e992512c8,Lightning Roulette,15,Preto,Impar,2026-09-24 13:46:06,2026-09-24T16:45:19.747Z,2026-09-24T16:46:06.634Z,12x100 27x50
6ab553d1f7aacb6e992512ca,Gold Vault Roulette,29,Preto,Impar,2026-09-24 13:46:09,2026-09-24T16:45:27.857Z,2026-09-24T16:46:09.637Z,5x50 6x50 9x50 12x50 14x100 18x50 20x100 29x50
6ab553ec5f8961d564fe2505,XXXtreme Lightning Roulette,30,Vermelho,Par,2026-09-24 13:46:34,2026-09-24T16:45:45.440Z,2026-09-24T16:46:34.308Z,8x100 9x100 22x100 16x50 1x100 17x150
6ab553f5f7aacb6e992512cf,Immersive Roulette,1,Vermelho,Impar,2026-09-24 13:46:45,2026-09-24T16:45:57.506Z,2026-09-24T16:46:45.284Z,
6ab553fdf7aacb6e992512d2,Lightning Roulette,16,Vermelho,Par,2026-09-24 13:46:53,2026-09-24T16:46:09.781Z,2026-09-24T16:46:53.609Z,6x50 10x100 21x50
6ab5541f5f8961d564fe250c,XXXtreme Lightning Roulette,9,Vermelho,Impar,2026-09-24 13:47:25,2026-09-24T16:46:37.415Z,2026-09-24T16:47:25.310Z,13x600 17x100 30x100
6ab5542af7aacb6e992512d9,Lightning Roulette,13,Preto,Impar,2026-09-24 13:47:38,2026-09-24T16:46:56.692Z,2026-09-24T16:47:38.124Z,7x100 8x200 22x500
6ab5542df7aacb6e992512da,Immersive Roulette,15,Preto,Impar,2026-09-24 13:47:41,2026-09-24T16:46:48.365Z,2026-09-24T16:47:41.730Z,
6ab55452f7aacb6e992512df,XXXtreme Lightning Roulette,1,Vermelho,Impar,2026-09-24 13:48:17,2026-09-24T16:47:28.455Z,2026-09-24T16:48:17.836Z,10x50 33x100 35x100
6ab55458f7aacb6e992512e0,Lightning Roulette,29,Preto,Impar,2026-09-24 13:48:24,2026-09-24T16:47:41.231Z,2026-09-24T16:48:24.627Z,2x100 21x50 35x50
6ab55460f7aacb6e992512e2,Immersive Roulette,29,Preto,Impar,2026-09-24 13:48:32,2026-09-24T16:47:44.812Z,2026-09-24T16:48:32.196Z,
6ab5547fb966fa02520f17a2,Red Door Roulette,24,Preto,Par,2026-09-24 13:49:02,2026-09-24T16:48:18.513Z,2026-09-24T16:49:02.070Z,0x1 6x1 17x1 25x1 26x1
6ab55480f7aacb6e992512e8,Auto Roulette,15,Preto,Impar,2026-09-24 13:49:03,2026-09-24T16:48:21.304Z,2026-09-24T16:49:03.707Z,
6ab55481f7aacb6e992512e9,Gold Vault Roulette,0,Verde,None,2026-09-24 13:49:05,2026-09-24T16:46:12.764Z,2026-09-24T16:49:05.677Z,6x50 7x100 12x500 14x50 26x50 27x50 32x50 35x50
6ab55485f7aacb6e992512eb,XXXtreme Lightning Roulette,15,Preto,Impar,2026-09-24 13:49:08,2026-09-24T16:48:20.928Z,2026-09-24T16:49:08.846Z,0x600 4x50 8x700 21x100 29x150 32x50 36x100
6ab55489f7aacb6e992512ed,Lightning Roulette,31,Preto,Impar,2026-09-24 13:49:13,2026-09-24T16:48:27.731Z,2026-09-24T16:49:13.124Z,17x100 20x50
6ab55496f7aacb6e992512f0,Immersive Roulette,30,Vermelho,Par,2026-09-24 13:49:25,2026-09-24T16:48:35.264Z,2026-09-24T16:49:25.868Z,
6ab554aff7aacb6e992512f5,Auto Roulette,19,Vermelho,Impar,2026-09-24 13:49:50,2026-09-24T16:49:06.749Z,2026-09-24T16:49:50.721Z,
6ab554b1f7aacb6e992512f6,Gold Vault Roulette,5,Vermelho,Impar,2026-09-24 13:49:53,2026-09-24T16:49:08.765Z,2026-09-24T16:49:53.785Z,0x50 6x50 9x100 16x50 24x50 25x100 28x50 29x50 32x50 35x100
6ab554baf7aacb6e992512f8,Lightning Roulette,16,Vermelho,Par,2026-09-24 13:50:02,2026-09-24T16:49:16.258Z,2026-09-24T16:50:02.149Z,4x50 5x100 35x50
6ab554bcf7aacb6e992512f9,XXXtreme Lightning Roulette,22,Preto,Par,2026-09-24 13:50:03,2026-09-24T16:49:11.932Z,2026-09-24T16:50:03.840Z,1x50 6x100 15x100 19x100 25x100 28x50 36x50
6ab554bfb966fa02520f17a8,Red Door Roulette,13,Preto,Impar,2026-09-24 13:50:06,2026-09-24T16:49:05.199Z,2026-09-24T16:50:06.574Z,4x1 9x1 12x1 15x1 19x1 29x1
6ab554c8f7aacb6e992512fc,Immersive Roulette,30,Vermelho,Par,2026-09-24 13:50:16,2026-09-24T16:49:28.927Z,2026-09-24T16:50:16.318Z,
6ab554dff7aacb6e99251300,Auto Roulette,28,Preto,Par,2026-09-24 13:50:38,2026-09-24T16:49:53.800Z,2026-09-24T16:50:38.704Z,
6ab554e4f7aacb6e99251301,Gold Vault Roulette,16,Vermelho,Par,2026-09-24 13:50:43,2026-09-24T16:49:56.951Z,2026-09-24T16:50:43.874Z,7x50 9x500 10x50 11x50 12x50 14x50 17x100 27x50 32x50 34x100
6ab554e6f7aacb6e99251302,Lightning Roulette,19,Vermelho,Impar,2026-09-24 13:50:46,2026-09-24T16:50:05.267Z,2026-09-24T16:50:46.628Z,1x150 24x150 28x50
6ab554ebf7aacb6e99251303,XXXtreme Lightning Roulette,0,Verde,None,2026-09-24 13:50:51,2026-09-24T16:50:06.939Z,2026-09-24T16:50:51.345Z,0x100 3x100 9x350 16x700 17x100 19x50
6ab554fcb966fa02520f17af,Red Door Roulette,33,Preto,Impar,2026-09-24 13:51:08,2026-09-24T16:50:09.730Z,2026-09-24T16:51:08.081Z,10x1 12x1 13x1 19x1 24x1 26x1 32x1
6ab554fff7aacb6e99251309,Immersive Roulette,23,Vermelho,Impar,2026-09-24 13:51:11,2026-09-24T16:50:19.384Z,2026-09-24T16:51:11.243Z,
6ab5550df7aacb6e9925130b,Auto Roulette,2,Preto,Par,2026-09-24 13:51:25,2026-09-24T16:50:41.759Z,2026-09-24T16:51:25.240Z,
6ab55514f7aacb6e9925130c,Gold Vault Roulette,19,Vermelho,Impar,2026-09-24 13:51:32,2026-09-24T16:50:46.967Z,2026-09-24T16:51:32.388Z,0x100 5x50 9x50 15x100 16x50 21x150 22x50 31x500
6ab55516f7aacb6e9925130d,Lightning Roulette,10,Preto,Par,2026-09-24 13:51:34,2026-09-24T16:50:49.779Z,2026-09-24T16:51:34.136Z,5x200 12x100 18x50
6ab55522f7aacb6e9925130e,XXXtreme Lightning Roulette,13,Preto,Impar,2026-09-24 13:51:45,2026-09-24T16:50:54.455Z,2026-09-24T16:51:45.853Z,12x100 27x100
6ab55535f7aacb6e99251313,Immersive Roulette,2,Preto,Par,2026-09-24 13:52:04,2026-09-24T16:51:14.306Z,2026-09-24T16:52:04.932Z,
6ab55536b966fa02520f17b4,Red Door Roulette,21,Vermelho,Impar,2026-09-24 13:52:06,2026-09-24T16:51:11.215Z,2026-09-24T16:52:06.084Z,4x1 14x1 17x1 22x1 35x1 36x1
6ab5553af7aacb6e99251315,Auto Roulette,27,Vermelho,Impar,2026-09-24 13:52:09,2026-09-24T16:51:28.342Z,2026-09-24T16:52:09.680Z,
6ab55544f7aacb6e99251316,Lightning Roulette,23,Vermelho,Impar,2026-09-24 13:52:20,2026-09-24T16:51:37.240Z,2026-09-24T16:52:20.113Z,12x150 21x100
6ab55546f7aacb6e99251318,Gold Vault Roulette,28,Preto,Par,2026-09-24 13:52:22,2026-09-24T16:51:35.473Z,2026-09-24T16:52:22.074Z,11x50 23x50 26x100 28x100 30x50 34x100
6ab55554f7aacb6e9925131c,XXXtreme Lightning Roulette,17,Preto,Impar,2026-09-24 13:52:36,2026-09-24T16:51:48.944Z,2026-09-24T16:52:36.363Z,20x150 21x50
6ab55565f7aacb6e9925131e,Auto Roulette,12,Vermelho,Par,2026-09-24 13:52:53,2026-09-24T16:52:12.787Z,2026-09-24T16:52:53.194Z,
6ab55566f7aacb6e9925131f,Immersive Roulette,19,Vermelho,Impar,2026-09-24 13:52:53,2026-09-24T16:52:07.980Z,2026-09-24T16:52:53.825Z,
6ab55570f7aacb6e99251321,Lightning Roulette,24,Preto,Par,2026-09-24 13:53:04,2026-09-24T16:52:23.215Z,2026-09-24T16:53:04.621Z,3x100 7x50 12x150
6ab55571b966fa02520f17bc,Red Door Roulette,10,Preto,Par,2026-09-24 13:53:05,2026-09-24T16:52:09.150Z,2026-09-24T16:53:05.075Z,0x1 4x1 7x1 16x1 17x1 19x1 22x1 23x1 28x3 29x1
6ab5557af7aacb6e99251324,Gold Vault Roulette,34,Vermelho,Par,2026-09-24 13:53:14,2026-09-24T16:52:25.312Z,2026-09-24T16:53:14.242Z,8x50 9x100 22x50 29x50 34x50 36x50
6ab55589f7aacb6e99251329,XXXtreme Lightning Roulette,0,Verde,None,2026-09-24 13:53:29,2026-09-24T16:52:39.453Z,2026-09-24T16:53:29.369Z,1x250 9x500 18x50 27x150 34x100
6ab55590f7aacb6e9925132a,Auto Roulette,12,Vermelho,Par,2026-09-24 13:53:35,2026-09-24T16:52:56.267Z,2026-09-24T16:53:35.687Z,
6ab55597f7aacb6e9925132b,Immersive Roulette,14,Vermelho,Par,2026-09-24 13:53:42,2026-09-24T16:52:56.885Z,2026-09-24T16:53:42.680Z,
6ab555a45f8961d564fe254d,Lightning Roulette,8,Preto,Par,2026-09-24 13:53:54,2026-09-24T16:53:07.730Z,2026-09-24T16:53:54.112Z,24x50 32x100 6x100
6ab555a9b966fa02520f17c2,Red Door Roulette,11,Preto,Impar,2026-09-24 13:54:01,2026-09-24T16:53:08.191Z,2026-09-24T16:54:01.084Z,2x1 15x1 16x1 29x1 33x2
6ab555acf7aacb6e99251330,Gold Vault Roulette,4,Preto,Par,2026-09-24 13:54:04,2026-09-24T16:53:17.362Z,2026-09-24T16:54:04.749Z,2x100 27x100 28x50 33x50 35x50
6ab555bcf7aacb6e99251333,Auto Roulette,14,Vermelho,Par,2026-09-24 13:54:19,2026-09-24T16:53:38.779Z,2026-09-24T16:54:19.675Z,
6ab555c6f7aacb6e99251335,XXXtreme Lightning Roulette,23,Vermelho,Impar,2026-09-24 13:54:29,2026-09-24T16:53:32.454Z,2026-09-24T16:54:29.893Z,2x700 7x100 11x300 23x100 28x100 29x100
6ab555cbf7aacb6e99251338,Immersive Roulette,20,Preto,Par,2026-09-24 13:54:35,2026-09-24T16:53:45.755Z,2026-09-24T16:54:35.187Z,
6ab555d25f8961d564fe2555,Lightning Roulette,19,Vermelho,Impar,2026-09-24 13:54:40,2026-09-24T16:53:57.249Z,2026-09-24T16:54:40.120Z,25x100 30x150 6x50
6ab555e0f7aacb6e9925133a,Gold Vault Roulette,22,Preto,Par,2026-09-24 13:54:56,2026-09-24T16:54:07.818Z,2026-09-24T16:54:56.434Z,0x50 11x50 14x50 17x50 20x150 26x50 27x50 30x50 33x150 34x50
6ab555e1b966fa02520f17c7,Red Door Roulette,13,Preto,Impar,2026-09-24 13:54:57,2026-09-24T16:54:04.211Z,2026-09-24T16:54:57.085Z,1x1 2x1 3x1 16x1 17x1 29x1 36x3
6ab555e4f7aacb6e9925133c,Auto Roulette,2,Preto,Par,2026-09-24 13:54:59,2026-09-24T16:54:22.780Z,2026-09-24T16:54:59.724Z,
6ab555f9f7aacb6e99251340,XXXtreme Lightning Roulette,30,Vermelho,Par,2026-09-24 13:55:20,2026-09-24T16:54:32.964Z,2026-09-24T16:55:20.895Z,9x50 24x50
6ab555fef7aacb6e99251341,Immersive Roulette,27,Vermelho,Impar,2026-09-24 13:55:25,2026-09-24T16:54:38.288Z,2026-09-24T16:55:25.641Z,
6ab55601f7aacb6e99251342,Lightning Roulette,33,Preto,Impar,2026-09-24 13:55:28,2026-09-24T16:54:43.237Z,2026-09-24T16:55:28.631Z,6x200 7x50 8x500
6ab5560ef7aacb6e99251344,Auto Roulette,30,Vermelho,Par,2026-09-24 13:55:42,2026-09-24T16:55:02.864Z,2026-09-24T16:55:42.201Z,
6ab55611f7aacb6e99251345,Gold Vault Roulette,27,Vermelho,Impar,2026-09-24 13:55:45,2026-09-24T16:54:59.524Z,2026-09-24T16:55:45.319Z,6x50 7x50 10x50 14x100 34x50
6ab5561db966fa02520f17ce,Red Door Roulette,2,Preto,Par,2026-09-24 13:55:56,2026-09-24T16:55:00.206Z,2026-09-24T16:55:56.590Z,0x1 6x1 7x1 10x1 19x3 22x1 32x3 35x2
6ab5562ef7aacb6e9925134c,XXXtreme Lightning Roulette,26,Preto,Par,2026-09-24 13:56:13,2026-09-24T16:55:23.973Z,2026-09-24T16:56:13.893Z,3x100 7x50 13x50 21x100 25x300 30x100 33x100
6ab55631f7aacb6e9925134d,Immersive Roulette,14,Vermelho,Par,2026-09-24 13:56:17,2026-09-24T16:55:28.740Z,2026-09-24T16:56:17.344Z,
6ab55632f7aacb6e9925134e,Lightning Roulette,11,Preto,Impar,2026-09-24 13:56:18,2026-09-24T16:55:31.700Z,2026-09-24T16:56:18.128Z,23x100 34x100
6ab5563bf7aacb6e9925134f,Auto Roulette,25,Vermelho,Impar,2026-09-24 13:56:27,2026-09-24T16:55:45.315Z,2026-09-24T16:56:27.181Z,
6ab55645f7aacb6e99251352,Gold Vault Roulette,11,Preto,Impar,2026-09-24 13:56:37,2026-09-24T16:55:48.385Z,2026-09-24T16:56:37.407Z,13x50 14x100 15x50 16x100 18x50 20x50 21x50 31x100 36x50
6ab5565ff7aacb6e99251358,Lightning Roulette,26,Preto,Par,2026-09-24 13:57:02,2026-09-24T16:56:21.227Z,2026-09-24T16:57:02.134Z,6x100 12x100 24x100
6ab5565ff7aacb6e99251359,XXXtreme Lightning Roulette,4,Preto,Par,2026-09-24 13:57:03,2026-09-24T16:56:16.967Z,2026-09-24T16:57:03.382Z,4x100 18x100 22x50 23x100 25x50 33x100
6ab55663f7aacb6e9925135a,Auto Roulette,29,Preto,Impar,2026-09-24 13:57:07,2026-09-24T16:56:30.269Z,2026-09-24T16:57:07.184Z,
6ab55665f7aacb6e9925135b,Immersive Roulette,7,Vermelho,Impar,2026-09-24 13:57:09,2026-09-24T16:56:20.426Z,2026-09-24T16:57:09.026Z,
6ab55676f7aacb6e9925135f,Gold Vault Roulette,4,Preto,Par,2026-09-24 13:57:26,2026-09-24T16:56:40.499Z,2026-09-24T16:57:26.707Z,2x50 3x150 8x50 19x100 21x50 25x150 30x50 35x50
6ab5568bf7aacb6e99251363,Auto Roulette,13,Preto,Impar,2026-09-24 13:57:46,2026-09-24T16:57:10.297Z,2026-09-24T16:57:46.691Z,
6ab5568ef7aacb6e99251364,Red Door Roulette,12,Vermelho,Par,2026-09-24 13:57:48,2026-09-24T16:55:59.667Z,2026-09-24T16:57:48.607Z,12x1 19x1 22x7 16x1 36x1 31x1 17x3 25x1
6ab55691f7aacb6e99251366,Lightning Roulette,7,Vermelho,Impar,2026-09-24 13:57:53,2026-09-24T16:57:05.240Z,2026-09-24T16:57:53.638Z,0x50 27x100 29x50
6ab55694f7aacb6e99251368,XXXtreme Lightning Roulette,25,Vermelho,Impar,2026-09-24 13:57:55,2026-09-24T16:57:06.477Z,2026-09-24T16:57:55.910Z,11x50 20x50 35x100 36x200
6ab55699f7aacb6e9925136a,Immersive Roulette,35,Preto,Impar,2026-09-24 13:58:01,2026-09-24T16:57:12.084Z,2026-09-24T16:58:01.124Z,
6ab556aaf7aacb6e9925136f,Gold Vault Roulette,15,Preto,Impar,2026-09-24 13:58:17,2026-09-24T16:57:29.777Z,2026-09-24T16:58:17.994Z,1x50 3x50 9x50 14x150 17x50 21x50 23x50
6ab556b6f7aacb6e99251370,Auto Roulette,25,Vermelho,Impar,2026-09-24 13:58:29,2026-09-24T16:57:49.809Z,2026-09-24T16:58:29.707Z,
6ab556c4f7aacb6e99251373,Lightning Roulette,17,Preto,Impar,2026-09-24 13:58:44,2026-09-24T16:57:56.784Z,2026-09-24T16:58:44.623Z,7x50 15x50 17x100
6ab556c7f7aacb6e99251375,XXXtreme Lightning Roulette,18,Vermelho,Par,2026-09-24 13:58:46,2026-09-24T16:57:58.984Z,2026-09-24T16:58:46.909Z,7x100 14x100 27x50
6ab556ceb966fa02520f17d9,Red Door Roulette,6,Preto,Par,2026-09-24 13:58:54,2026-09-24T16:57:55.843Z,2026-09-24T16:58:54.108Z,5x1 10x1 14x4 15x1 18x1 23x1 24x1 36x1
6ab556cef7aacb6e99251376,Immersive Roulette,22,Preto,Par,2026-09-24 13:58:54,2026-09-24T16:58:04.167Z,2026-09-24T16:58:54.359Z,
6ab556dcf7aacb6e99251379,Gold Vault Roulette,14,Vermelho,Par,2026-09-24 13:59:08,2026-09-24T16:58:21.109Z,2026-09-24T16:59:08.468Z,2x50 6x50 12x50 15x100 16x50 17x50 19x50 20x50 22x50 25x50 28x50
6ab556e1f7aacb6e9925137b,Auto Roulette,15,Preto,Impar,2026-09-24 13:59:13,2026-09-24T16:58:32.808Z,2026-09-24T16:59:13.205Z,
6ab556f5f7aacb6e9925137d,XXXtreme Lightning Roulette,12,Vermelho,Par,2026-09-24 13:59:32,2026-09-24T16:58:49.996Z,2026-09-24T16:59:32.908Z,2x100 4x100 6x100 9x100 11x100 26x50
6ab556f9f7aacb6e9925137f,Lightning Roulette,13,Preto,Impar,2026-09-24 13:59:37,2026-09-24T16:58:47.733Z,2026-09-24T16:59:37.145Z,24x50 27x50 28x100 33x50
6ab55705f7aacb6e99251380,Immersive Roulette,21,Vermelho,Impar,2026-09-24 13:59:49,2026-09-24T16:58:57.417Z,2026-09-24T16:59:49.631Z,
6ab55709b966fa02520f17e0,Red Door Roulette,14,Vermelho,Par,2026-09-24 13:59:53,2026-09-24T16:58:57.208Z,2026-09-24T16:59:53.078Z,3x1 4x1 5x1 6x1 7x5 8x1 10x1 11x2 15x1 21x1 22x1 27x1 28x1 32x1 33x1
6ab5570ef7aacb6e99251383,Auto Roulette,32,Vermelho,Par,2026-09-24 13:59:58,2026-09-24T16:59:16.297Z,2026-09-24T16:59:58.198Z,
6ab55710f7aacb6e99251384,Gold Vault Roulette,2,Preto,Par,2026-09-24 14:00:00,2026-09-24T16:59:11.565Z,2026-09-24T17:00:00.149Z,3x50 9x50 10x50 11x50 13x50 19x50 22x50 24x50 28x50 34x50 35x50 36x150
6ab55726f7aacb6e99251389,XXXtreme Lightning Roulette,29,Preto,Impar,2026-09-24 14:00:22,2026-09-24T16:59:36.027Z,2026-09-24T17:00:22.414Z,1x100 2x500 6x50 18x100 20x100 24x50 28x100
6ab5572df7aacb6e9925138b,Lightning Roulette,18,Vermelho,Par,2026-09-24 14:00:29,2026-09-24T16:59:40.240Z,2026-09-24T17:00:29.631Z,12x200 33x300
6ab55739f7aacb6e9925138f,Auto Roulette,20,Preto,Par,2026-09-24 14:00:41,2026-09-24T17:00:01.275Z,2026-09-24T17:00:41.230Z,
6ab5573cf7aacb6e99251390,Immersive Roulette,18,Vermelho,Par,2026-09-24 14:00:44,2026-09-24T16:59:52.699Z,2026-09-24T17:00:44.141Z,
6ab55742f7aacb6e99251391,Gold Vault Roulette,17,Preto,Impar,2026-09-24 14:00:49,2026-09-24T17:00:03.259Z,2026-09-24T17:00:49.842Z,9x50 12x50 14x50 19x50 22x100 24x50 31x50
6ab55742b966fa02520f17e5,Red Door Roulette,30,Vermelho,Par,2026-09-24 14:00:50,2026-09-24T16:59:56.165Z,2026-09-24T17:00:50.087Z,2x1 6x1 9x3 20x5 21x1 22x1 23x2 24x3 25x1 31x1 33x1 35x1 36x1
6ab5575cf7aacb6e99251394,XXXtreme Lightning Roulette,30,Vermelho,Par,2026-09-24 14:01:15,2026-09-24T17:00:25.499Z,2026-09-24T17:01:15.907Z,17x200 23x200 25x50
6ab55760f7aacb6e99251395,Lightning Roulette,31,Preto,Impar,2026-09-24 14:01:19,2026-09-24T17:00:32.726Z,2026-09-24T17:01:19.629Z,1x50 8x50 33x50
6ab55765f7aacb6e99251398,Auto Roulette,13,Preto,Impar,2026-09-24 14:01:24,2026-09-24T17:00:44.288Z,2026-09-24T17:01:24.687Z,
6ab55775f7aacb6e9925139a,Gold Vault Roulette,15,Preto,Impar,2026-09-24 14:01:41,2026-09-24T17:00:52.949Z,2026-09-24T17:01:41.534Z,5x50 12x50 21x100 25x50 31x50
6ab5577db966fa02520f17e9,Red Door Roulette,1,Vermelho,Impar,2026-09-24 14:01:49,2026-09-24T17:00:53.180Z,2026-09-24T17:01:49.085Z,3x1 4x1 14x2 18x1 24x1 25x1 34x1
6ab5578cf7aacb6e9925139d,Auto Roulette,24,Preto,Par,2026-09-24 14:02:03,2026-09-24T17:01:27.778Z,2026-09-24T17:02:03.699Z,
6ab5578df7aacb6e9925139e,XXXtreme Lightning Roulette,1,Vermelho,Impar,2026-09-24 14:02:04,2026-09-24T17:01:19.004Z,2026-09-24T17:02:04.940Z,6x200 8x50 17x100 24x100 25x100 29x50 34x100
6ab55790f7aacb6e9925139f,Lightning Roulette,0,Verde,None,2026-09-24 14:02:08,2026-09-24T17:01:22.757Z,2026-09-24T17:02:08.651Z,13x50 25x100
6ab557aaf7aacb6e992513a4,Gold Vault Roulette,4,Preto,Par,2026-09-24 14:02:34,2026-09-24T17:01:44.647Z,2026-09-24T17:02:34.006Z,1x50 3x100 6x50 8x100 14x100 21x50 25x50 28x50 33x50
6ab557b7f7aacb6e992513a7,Auto Roulette,13,Preto,Impar,2026-09-24 14:02:47,2026-09-24T17:02:06.772Z,2026-09-24T17:02:47.209Z,
6ab557bbb966fa02520f17ee,Red Door Roulette,17,Preto,Impar,2026-09-24 14:02:50,2026-09-24T17:01:52.194Z,2026-09-24T17:02:50.608Z,1x1 2x1 7x1 8x1 14x1 16x1 20x1 21x1 30x1 33x1
6ab557bef7aacb6e992513a9,XXXtreme Lightning Roulette,22,Preto,Par,2026-09-24 14:02:54,2026-09-24T17:02:08.035Z,2026-09-24T17:02:54.426Z,12x700 18x200
6ab557c0f7aacb6e992513aa,Lightning Roulette,13,Preto,Impar,2026-09-24 14:02:56,2026-09-24T17:02:11.720Z,2026-09-24T17:02:56.633Z,3x100 28x50
6ab557d8f7aacb6e992513af,Immersive Roulette,33,Preto,Impar,2026-09-24 14:03:20,2026-09-24T17:02:31.441Z,2026-09-24T17:03:20.011Z,
6ab557ddf7aacb6e992513b1,Gold Vault Roulette,29,Preto,Impar,2026-09-24 14:03:25,2026-09-24T17:02:37.124Z,2026-09-24T17:03:25.720Z,3x150 6x50 10x50 14x50 27x50 28x50 30x50 36x50
6ab557e4f7aacb6e992513b2,Auto Roulette,6,Preto,Par,2026-09-24 14:03:31,2026-09-24T17:02:50.313Z,2026-09-24T17:03:31.722Z,
6ab557f4f7aacb6e992513b7,XXXtreme Lightning Roulette,13,Preto,Impar,2026-09-24 14:03:47,2026-09-24T17:02:57.529Z,2026-09-24T17:03:47.920Z,2x50 9x100 30x50
6ab557f6b966fa02520f17f3,Red Door Roulette,27,Vermelho,Impar,2026-09-24 14:03:50,2026-09-24T17:02:53.734Z,2026-09-24T17:03:50.085Z,1x1 14x1 23x1 26x1 33x7
6ab557f6f7aacb6e992513b8,Lightning Roulette,28,Preto,Par,2026-09-24 14:03:50,2026-09-24T17:02:59.732Z,2026-09-24T17:03:50.183Z,0x50 15x50 18x50
6ab55808f7aacb6e992513bb,Immersive Roulette,17,Preto,Impar,2026-09-24 14:04:08,2026-09-24T17:03:23.071Z,2026-09-24T17:04:08.490Z,
6ab55810f7aacb6e992513be,Auto Roulette,6,Preto,Par,2026-09-24 14:04:16,2026-09-24T17:03:34.798Z,2026-09-24T17:04:16.200Z,
6ab55810f7aacb6e992513bd,Gold Vault Roulette,23,Vermelho,Impar,2026-09-24 14:04:16,2026-09-24T17:03:28.889Z,2026-09-24T17:04:16.242Z,0x100 3x50 10x50 12x100 13x100 15x50 16x50 19x50 24x50 25x50 26x50 30x50 32x50 34x50
6ab55823f7aacb6e992513c4,Lightning Roulette,5,Vermelho,Impar,2026-09-24 14:04:35,2026-09-24T17:03:53.303Z,2026-09-24T17:04:35.647Z,27x100 31x50
6ab55827f7aacb6e992513c5,XXXtreme Lightning Roulette,13,Preto,Impar,2026-09-24 14:04:38,2026-09-24T17:03:51.006Z,2026-09-24T17:04:38.931Z,11x100 12x100
6ab55839f7aacb6e992513c8,Immersive Roulette,11,Preto,Impar,2026-09-24 14:04:56,2026-09-24T17:04:11.565Z,2026-09-24T17:04:56.961Z,
6ab5583bf7aacb6e992513c9,Auto Roulette,14,Vermelho,Par,2026-09-24 14:04:58,2026-09-24T17:04:19.295Z,2026-09-24T17:04:58.712Z,
6ab55844f7aacb6e992513cb,Gold Vault Roulette,3,Vermelho,Impar,2026-09-24 14:05:07,2026-09-24T17:04:19.380Z,2026-09-24T17:05:07.960Z,7x100 8x150 16x50 17x50 18x100 22x50
6ab55853f7aacb6e992513d0,Lightning Roulette,1,Vermelho,Impar,2026-09-24 14:05:23,2026-09-24T17:04:38.764Z,2026-09-24T17:05:23.638Z,7x100 15x200
6ab55858f7aacb6e992513d1,XXXtreme Lightning Roulette,1,Vermelho,Impar,2026-09-24 14:05:28,2026-09-24T17:04:42.013Z,2026-09-24T17:05:28.444Z,21x700 32x100
6ab55868f7aacb6e992513d4,Auto Roulette,16,Vermelho,Par,2026-09-24 14:05:44,2026-09-24T17:05:01.792Z,2026-09-24T17:05:44.214Z,
6ab55868b966fa02520f1800,Red Door Roulette,26,Preto,Par,2026-09-24 14:05:44,2026-09-24T17:03:53.195Z,2026-09-24T17:05:44.646Z,7x1 8x1 12x15 14x1 16x1 26x1 32x1 34x1
6ab5586df7aacb6e992513d5,Immersive Roulette,20,Preto,Par,2026-09-24 14:05:49,2026-09-24T17:05:00.039Z,2026-09-24T17:05:49.438Z,
6ab55883f7aacb6e992513da,Lightning Roulette,24,Preto,Par,2026-09-24 14:06:11,2026-09-24T17:05:26.764Z,2026-09-24T17:06:11.644Z,19x100 26x100 30x150
6ab5588df7aacb6e992513db,XXXtreme Lightning Roulette,2,Preto,Par,2026-09-24 14:06:21,2026-09-24T17:05:31.526Z,2026-09-24T17:06:21.459Z,10x150 17x150 28x100
6ab5588ff7aacb6e992513de,Auto Roulette,35,Preto,Impar,2026-09-24 14:06:23,2026-09-24T17:05:47.285Z,2026-09-24T17:06:23.194Z,
6ab5589ff7aacb6e992513e1,Immersive Roulette,21,Vermelho,Impar,2026-09-24 14:06:39,2026-09-24T17:05:52.506Z,2026-09-24T17:06:39.491Z,
6ab558a4b966fa02520f1806,Red Door Roulette,15,Preto,Impar,2026-09-24 14:06:44,2026-09-24T17:05:45.764Z,2026-09-24T17:06:44.087Z,0x2 3x3 10x1 30x1
6ab558a7f7aacb6e992513e3,Gold Vault Roulette,9,Vermelho,Impar,2026-09-24 14:06:47,2026-09-24T17:06:00.821Z,2026-09-24T17:06:47.388Z,20x50 23x50 24x100 34x50 36x50
6ab558b2f7aacb6e992513e6,Lightning Roulette,8,Preto,Par,2026-09-24 14:06:58,2026-09-24T17:06:14.729Z,2026-09-24T17:06:58.636Z,7x200 16x50 36x100
6ab558b9f7aacb6e992513e9,Auto Roulette,15,Preto,Impar,2026-09-24 14:07:04,2026-09-24T17:06:26.272Z,2026-09-24T17:07:04.697Z,
6ab558c3f7aacb6e992513ea,XXXtreme Lightning Roulette,19,Vermelho,Impar,2026-09-24 14:07:14,2026-09-24T17:06:24.559Z,2026-09-24T17:07:14.941Z,4x100 8x150 18x100
6ab558daf7aacb6e992513ee,Gold Vault Roulette,14,Vermelho,Par,2026-09-24 14:07:38,2026-09-24T17:06:50.512Z,2026-09-24T17:07:38.302Z,2x50 6x100 7x50 8x50 16x150 24x100 26x50 36x100
6ab558dff7aacb6e992513f1,Lightning Roulette,16,Vermelho,Par,2026-09-24 14:07:43,2026-09-24T17:07:01.729Z,2026-09-24T17:07:43.140Z,0x100 4x100
6ab558e0b966fa02520f180c,Red Door Roulette,13,Preto,Impar,2026-09-24 14:07:43,2026-09-24T17:06:47.196Z,2026-09-24T17:07:43.596Z,2x1 5x1 8x1 17x3 18x1 23x1 25x2
6ab558e0f7aacb6e992513f2,Auto Roulette,32,Vermelho,Par,2026-09-24 14:07:44,2026-09-24T17:07:07.744Z,2026-09-24T17:07:44.195Z,
6ab558f7f7aacb6e992513f7,XXXtreme Lightning Roulette,26,Preto,Par,2026-09-24 14:08:06,2026-09-24T17:07:18.037Z,2026-09-24T17:08:06.946Z,3x100 17x100 25x100
6ab55905f7aacb6e992513f9,Immersive Roulette,34,Vermelho,Par,2026-09-24 14:08:21,2026-09-24T17:07:33.057Z,2026-09-24T17:08:21.252Z,
6ab5590af7aacb6e992513fa,Auto Roulette,33,Preto,Impar,2026-09-24 14:08:25,2026-09-24T17:07:47.314Z,2026-09-24T17:08:25.695Z,
6ab5590ef7aacb6e992513fd,Lightning Roulette,6,Preto,Par,2026-09-24 14:08:30,2026-09-24T17:07:46.250Z,2026-09-24T17:08:30.656Z,6x50 7x300 31x300
6ab55910f7aacb6e992513ff,Gold Vault Roulette,35,Preto,Impar,2026-09-24 14:08:32,2026-09-24T17:07:41.408Z,2026-09-24T17:08:32.367Z,3x50 4x50 5x150 13x150 15x50 18x100 28x50 33x50
6ab5591bb966fa02520f1813,Red Door Roulette,21,Vermelho,Impar,2026-09-24 14:08:42,2026-09-24T17:07:46.730Z,2026-09-24T17:08:42.586Z,2x1 4x1 5x1 24x1 36x1
6ab55928f7aacb6e99251403,XXXtreme Lightning Roulette,19,Vermelho,Impar,2026-09-24 14:08:56,2026-09-24T17:08:10.022Z,2026-09-24T17:08:56.457Z,17x100 20x50
6ab55932f7aacb6e99251404,Auto Roulette,8,Preto,Par,2026-09-24 14:09:06,2026-09-24T17:08:28.795Z,2026-09-24T17:09:06.186Z,
6ab55938f7aacb6e99251405,Immersive Roulette,22,Preto,Par,2026-09-24 14:09:12,2026-09-24T17:08:24.307Z,2026-09-24T17:09:12.100Z,
6ab5593ff7aacb6e99251409,Lightning Roulette,1,Vermelho,Impar,2026-09-24 14:09:19,2026-09-24T17:08:33.768Z,2026-09-24T17:09:19.627Z,0x100 3x500 4x100 7x150 33x500
6ab55945f7aacb6e9925140a,Gold Vault Roulette,8,Preto,Par,2026-09-24 14:09:25,2026-09-24T17:08:35.474Z,2026-09-24T17:09:25.263Z,5x100 9x50 11x150 13x50 14x50 15x50 16x50 17x500 26x50
6ab55954b966fa02520f1816,Red Door Roulette,15,Preto,Impar,2026-09-24 14:09:40,2026-09-24T17:08:45.703Z,2026-09-24T17:09:40.086Z,0x1 10x1 13x1 17x1 22x1 23x1 28x1 29x1 30x5 31x3 34x1 35x2
6ab5595ef7aacb6e9925140d,XXXtreme Lightning Roulette,30,Vermelho,Par,2026-09-24 14:09:50,2026-09-24T17:08:59.550Z,2026-09-24T17:09:50.471Z,10x150 27x200 30x100
6ab55962f7aacb6e9925140f,Auto Roulette,8,Preto,Par,2026-09-24 14:09:54,2026-09-24T17:09:09.307Z,2026-09-24T17:09:54.240Z,
6ab5596bf7aacb6e99251412,Lightning Roulette,3,Vermelho,Impar,2026-09-24 14:10:03,2026-09-24T17:09:22.754Z,2026-09-24T17:10:03.646Z,14x50
6ab5596cf7aacb6e99251414,Immersive Roulette,14,Vermelho,Par,2026-09-24 14:10:03,2026-09-24T17:09:15.176Z,2026-09-24T17:10:03.790Z,
6ab5598ef7aacb6e99251418,Auto Roulette,12,Vermelho,Par,2026-09-24 14:10:37,2026-09-24T17:09:57.323Z,2026-09-24T17:10:37.715Z,
6ab55993b966fa02520f181e,Red Door Roulette,20,Preto,Par,2026-09-24 14:10:42,2026-09-24T17:09:43.224Z,2026-09-24T17:10:42.593Z,8x1 9x1 12x1 22x1 29x1 31x1
6ab55993f7aacb6e9925141a,XXXtreme Lightning Roulette,2,Preto,Par,2026-09-24 14:10:43,2026-09-24T17:09:53.548Z,2026-09-24T17:10:43.477Z,5x50 19x50 21x100 23x600 26x50 32x200
6ab5599df7aacb6e9925141c,Lightning Roulette,17,Preto,Impar,2026-09-24 14:10:53,2026-09-24T17:10:06.720Z,2026-09-24T17:10:53.154Z,4x100 7x150 8x100
6ab559a0f7aacb6e9925141e,Immersive Roulette,16,Vermelho,Par,2026-09-24 14:10:56,2026-09-24T17:10:06.847Z,2026-09-24T17:10:56.682Z,
6ab559b0f7aacb6e9925141f,Gold Vault Roulette,35,Preto,Impar,2026-09-24 14:11:12,2026-09-24T17:10:21.277Z,2026-09-24T17:11:12.431Z,8x50 9x50 19x50 21x50 29x100
6ab559b9f7aacb6e99251422,Auto Roulette,26,Preto,Par,2026-09-24 14:11:21,2026-09-24T17:10:40.830Z,2026-09-24T17:11:21.206Z,
6ab559c7f7aacb6e99251424,XXXtreme Lightning Roulette,8,Preto,Par,2026-09-24 14:11:34,2026-09-24T17:10:46.549Z,2026-09-24T17:11:34.973Z,8x50 12x100 24x100 27x50 31x150
6ab559d1f7aacb6e99251428,Lightning Roulette,17,Preto,Impar,2026-09-24 14:11:45,2026-09-24T17:10:56.223Z,2026-09-24T17:11:45.144Z,29x50 36x50
6ab559d5f7aacb6e99251429,Immersive Roulette,36,Vermelho,Par,2026-09-24 14:11:49,2026-09-24T17:10:59.762Z,2026-09-24T17:11:49.157Z,
6ab559e7f7aacb6e9925142c,Auto Roulette,18,Vermelho,Par,2026-09-24 14:12:07,2026-09-24T17:11:24.315Z,2026-09-24T17:12:07.203Z,
6ab559fef7aacb6e99251430,XXXtreme Lightning Roulette,14,Vermelho,Par,2026-09-24 14:12:30,2026-09-24T17:11:38.071Z,2026-09-24T17:12:30.488Z,16x100 18x50 20x100
6ab559fef7aacb6e99251431,Lightning Roulette,17,Preto,Impar,2026-09-24 14:12:30,2026-09-24T17:11:48.240Z,2026-09-24T17:12:30.651Z,6x50 14x50 16x50
6ab55a07f7aacb6e99251433,Red Door Roulette,33,Preto,Impar,2026-09-24 14:12:36,2026-09-24T17:10:45.665Z,2026-09-24T17:12:36.924Z,19x1 33x1 35x1 5x1 21x1 1x1 17x1 25x2
6ab55a09f7aacb6e99251434,Immersive Roulette,19,Vermelho,Impar,2026-09-24 14:12:41,2026-09-24T17:11:52.244Z,2026-09-24T17:12:41.653Z,
6ab55a11f7aacb6e99251435,Auto Roulette,20,Preto,Par,2026-09-24 14:12:48,2026-09-24T17:12:10.318Z,2026-09-24T17:12:48.697Z,
6ab55a2af7aacb6e99251439,Lightning Roulette,5,Vermelho,Impar,2026-09-24 14:13:14,2026-09-24T17:12:33.733Z,2026-09-24T17:13:14.148Z,4x100 8x100
6ab55a31f7aacb6e9925143b,XXXtreme Lightning Roulette,12,Vermelho,Par,2026-09-24 14:13:21,2026-09-24T17:12:33.567Z,2026-09-24T17:13:21.483Z,7x50 15x50 33x100
6ab55a3bf7aacb6e9925143e,Immersive Roulette,7,Vermelho,Impar,2026-09-24 14:13:31,2026-09-24T17:12:44.720Z,2026-09-24T17:13:31.712Z,
6ab55a3cf7aacb6e9925143f,Auto Roulette,19,Vermelho,Impar,2026-09-24 14:13:32,2026-09-24T17:12:51.764Z,2026-09-24T17:13:32.186Z,
6ab55a45b966fa02520f1826,Red Door Roulette,23,Vermelho,Impar,2026-09-24 14:13:41,2026-09-24T17:12:44.130Z,2026-09-24T17:13:41.111Z,0x3 3x2 6x1 7x1 14x1 18x3 19x2 33x1
6ab55a53f7aacb6e99251442,Gold Vault Roulette,4,Preto,Par,2026-09-24 14:13:55,2026-09-24T17:13:05.198Z,2026-09-24T17:13:55.390Z,4x100 5x100 10x50 11x100 15x50 17x50 23x50 25x50 34x50 36x50
6ab55a5bf7aacb6e99251445,Lightning Roulette,5,Vermelho,Impar,2026-09-24 14:14:03,2026-09-24T17:13:17.241Z,2026-09-24T17:14:03.170Z,17x50 20x50 28x50
6ab55a67f7aacb6e99251448,XXXtreme Lightning Roulette,17,Preto,Impar,2026-09-24 14:14:14,2026-09-24T17:13:24.566Z,2026-09-24T17:14:14.989Z,1x100 5x50 24x50
6ab55a68f7aacb6e99251449,Auto Roulette,29,Preto,Impar,2026-09-24 14:14:16,2026-09-24T17:13:35.297Z,2026-09-24T17:14:16.196Z,
6ab55a72f7aacb6e9925144a,Immersive Roulette,24,Preto,Par,2026-09-24 14:14:26,2026-09-24T17:13:34.777Z,2026-09-24T17:14:26.224Z,
6ab55a7db966fa02520f182c,Red Door Roulette,2,Preto,Par,2026-09-24 14:14:37,2026-09-24T17:13:44.193Z,2026-09-24T17:14:37.093Z,1x1 3x1 6x5 9x1 10x2 13x3 14x1 16x2 17x1 19x1 22x1 24x1 26x1 27x1 36x1
6ab55a88f7aacb6e9925144f,Lightning Roulette,8,Preto,Par,2026-09-24 14:14:48,2026-09-24T17:14:06.255Z,2026-09-24T17:14:48.646Z,8x50 20x100
6ab55a8af7aacb6e99251450,Gold Vault Roulette,27,Vermelho,Impar,2026-09-24 14:14:49,2026-09-24T17:13:58.509Z,2026-09-24T17:14:49.898Z,6x50 8x50 12x50 17x50 20x100 30x50
6ab55a93f7aacb6e99251451,Auto Roulette,29,Preto,Impar,2026-09-24 14:14:58,2026-09-24T17:14:19.240Z,2026-09-24T17:14:58.707Z,
6ab55a9bf7aacb6e99251453,XXXtreme Lightning Roulette,10,Preto,Par,2026-09-24 14:15:07,2026-09-24T17:14:18.074Z,2026-09-24T17:15:07.493Z,2x100 19x100 26x150
6ab55aa4f7aacb6e99251455,Immersive Roulette,26,Preto,Par,2026-09-24 14:15:15,2026-09-24T17:14:29.302Z,2026-09-24T17:15:15.885Z,
6ab55abcb966fa02520f1835,Red Door Roulette,1,Vermelho,Impar,2026-09-24 14:15:40,2026-09-24T17:14:40.203Z,2026-09-24T17:15:40.096Z,4x1 7x1 18x3 19x1 20x1 26x1 27x1 33x1
6ab55abcf7aacb6e99251459,Lightning Roulette,0,Verde,None,2026-09-24 14:15:40,2026-09-24T17:14:51.743Z,2026-09-24T17:15:40.662Z,23x50 33x100 35x50
6ab55ac1f7aacb6e9925145b,Auto Roulette,9,Vermelho,Impar,2026-09-24 14:15:44,2026-09-24T17:15:01.804Z,2026-09-24T17:15:44.729Z,
6ab55ac1f7aacb6e9925145a,Gold Vault Roulette,24,Preto,Par,2026-09-24 14:15:44,2026-09-24T17:14:53.055Z,2026-09-24T17:15:44.751Z,2x50 3x50 5x50 8x50 11x100 15x100 19x50 21x100 22x50 27x50 28x50 29x50 30x150 32x50 35x50
6ab55ace5f8961d564fe2647,XXXtreme Lightning Roulette,22,Preto,Par,2026-09-24 14:15:55,2026-09-24T17:15:10.582Z,2026-09-24T17:15:55.982Z,26x50 34x100 9x300
6ab55ad7f7aacb6e9925145d,Immersive Roulette,0,Verde,None,2026-09-24 14:16:06,2026-09-24T17:15:18.955Z,2026-09-24T17:16:06.772Z,
6ab55aebf7aacb6e99251462,Auto Roulette,12,Vermelho,Par,2026-09-24 14:16:26,2026-09-24T17:15:47.772Z,2026-09-24T17:16:26.765Z,
6ab55aeff7aacb6e99251463,Lightning Roulette,31,Preto,Impar,2026-09-24 14:16:31,2026-09-24T17:15:43.722Z,2026-09-24T17:16:31.133Z,4x300 16x50
6ab55af3f7aacb6e99251464,Gold Vault Roulette,4,Preto,Par,2026-09-24 14:16:35,2026-09-24T17:15:47.834Z,2026-09-24T17:16:35.250Z,13x50 15x50 17x50 19x50 22x100 30x50 32x100 36x50
6ab55af6b966fa02520f183a,Red Door Roulette,7,Vermelho,Impar,2026-09-24 14:16:38,2026-09-24T17:15:43.235Z,2026-09-24T17:16:38.110Z,0x1 3x1 8x1 15x1 17x1 24x2
6ab55b035f8961d564fe2651,XXXtreme Lightning Roulette,15,Preto,Impar,2026-09-24 14:16:49,2026-09-24T17:15:59.092Z,2026-09-24T17:16:49.495Z,14x300 31x600 9x100
6ab55b0cf7aacb6e99251468,Immersive Roulette,3,Vermelho,Impar,2026-09-24 14:16:59,2026-09-24T17:16:09.866Z,2026-09-24T17:16:59.665Z,
6ab55b1ff7aacb6e9925146b,Lightning Roulette,4,Preto,Par,2026-09-24 14:17:18,2026-09-24T17:16:34.262Z,2026-09-24T17:17:18.647Z,8x100 19x150 20x50 35x50 36x50
6ab55b27f7aacb6e9925146e,Gold Vault Roulette,9,Vermelho,Impar,2026-09-24 14:17:26,2026-09-24T17:16:38.358Z,2026-09-24T17:17:26.928Z,0x50 3x50 6x50 7x50 13x50 16x150 22x50 25x100 27x100 30x50 31x100 36x50
6ab55b35f7aacb6e99251471,XXXtreme Lightning Roulette,12,Vermelho,Par,2026-09-24 14:17:41,2026-09-24T17:16:52.620Z,2026-09-24T17:17:41.007Z,0x50 3x100 10x150 14x50 18x50 22x50
6ab55b3cf7aacb6e99251473,Immersive Roulette,13,Preto,Impar,2026-09-24 14:17:48,2026-09-24T17:17:02.723Z,2026-09-24T17:17:48.556Z,
6ab55b6f5f8961d564fe265e,Auto Roulette,2,Preto,Par,2026-09-24 14:17:56,2026-09-24T17:17:14.795Z,2026-09-24T17:17:56.705Z,
6ab55b4f5f8961d564fe265c,Lightning Roulette,4,Preto,Par,2026-09-24 14:18:05,2026-09-24T17:17:21.762Z,2026-09-24T17:18:05.626Z,17x150 33x200
6ab55b6f5f8961d564fe2661,Gold Vault Roulette,36,Vermelho,Par,2026-09-24 14:18:17,2026-09-24T17:17:30.083Z,2026-09-24T17:18:17.877Z,7x50 8x50 15x100 27x50 28x50 33x50
6ab55b6fb966fa02520f1844,XXXtreme Lightning Roulette,25,Vermelho,Impar,2026-09-24 14:18:31,2026-09-24T17:17:44.094Z,2026-09-24T17:18:31.495Z,12x100 19x100 29x150 3x100 0x100 20x50
6ab55b6f5f8961d564fe2664,Auto Roulette,33,Preto,Impar,2026-09-24 14:18:34,2026-09-24T17:17:59.793Z,2026-09-24T17:18:34.696Z,
6ab55b6f5f8961d564fe2666,Immersive Roulette,35,Preto,Impar,2026-09-24 14:18:39,2026-09-24T17:17:51.654Z,2026-09-24T17:18:39.442Z,
6ab55b70b966fa02520f1845,Red Door Roulette,23,Vermelho,Impar,2026-09-24 14:18:39,2026-09-24T17:17:39.754Z,2026-09-24T17:18:39.596Z,8x1 10x1 11x1 13x1 24x1 28x1
6ab55b7d5f8961d564fe2667,Lightning Roulette,34,Vermelho,Par,2026-09-24 14:18:53,2026-09-24T17:18:08.743Z,2026-09-24T17:18:53.139Z,22x500
6ab55b8d5f8961d564fe266a,Gold Vault Roulette,26,Preto,Par,2026-09-24 14:19:09,2026-09-24T17:18:20.966Z,2026-09-24T17:19:09.575Z,1x50 4x50 19x50 21x50 22x100 25x100 30x50 36x50
6ab55b925f8961d564fe266c,Auto Roulette,20,Preto,Par,2026-09-24 14:19:14,2026-09-24T17:18:37.798Z,2026-09-24T17:19:14.189Z,
6ab55b9a5f8961d564fe266e,XXXtreme Lightning Roulette,17,Preto,Impar,2026-09-24 14:19:22,2026-09-24T17:18:34.602Z,2026-09-24T17:19:22.512Z,0x500
6ab55ba05f8961d564fe266f,Immersive Roulette,0,Verde,None,2026-09-24 14:19:28,2026-09-24T17:18:42.536Z,2026-09-24T17:19:28.687Z,
6ab55bacb966fa02520f184a,Red Door Roulette,2,Preto,Par,2026-09-24 14:19:39,2026-09-24T17:18:42.735Z,2026-09-24T17:19:39.598Z,6x1 8x1 16x1 18x1 19x1 22x1 28x1 30x1
6ab55bb05f8961d564fe2673,Lightning Roulette,13,Preto,Impar,2026-09-24 14:19:44,2026-09-24T17:18:56.229Z,2026-09-24T17:19:44.630Z,16x150 21x100 22x200
6ab55bbb5f8961d564fe2674,Auto Roulette,11,Preto,Impar,2026-09-24 14:19:55,2026-09-24T17:19:17.292Z,2026-09-24T17:19:55.202Z,
6ab55bc25f8961d564fe2675,Gold Vault Roulette,19,Vermelho,Impar,2026-09-24 14:20:02,2026-09-24T17:19:12.701Z,2026-09-24T17:20:02.447Z,6x50 11x50 14x50 15x50 16x150 26x150 29x50 33x100 34x50 36x50
6ab55bcc5f8961d564fe2676,XXXtreme Lightning Roulette,19,Vermelho,Impar,2026-09-24 14:20:12,2026-09-24T17:19:25.642Z,2026-09-24T17:20:12.531Z,4x100 13x100 19x50 22x100 27x100 36x100
6ab55bd45f8961d564fe2678,Immersive Roulette,9,Vermelho,Impar,2026-09-24 14:20:19,2026-09-24T17:19:31.768Z,2026-09-24T17:20:19.972Z,
6ab55be05f8961d564fe267b,Lightning Roulette,20,Preto,Par,2026-09-24 14:20:32,2026-09-24T17:19:47.775Z,2026-09-24T17:20:32.650Z,10x50 15x300 22x50
6ab55be75f8961d564fe267c,Auto Roulette,5,Vermelho,Impar,2026-09-24 14:20:38,2026-09-24T17:19:58.317Z,2026-09-24T17:20:38.674Z,
6ab55bf75f8961d564fe267e,Gold Vault Roulette,27,Vermelho,Impar,2026-09-24 14:20:54,2026-09-24T17:20:05.530Z,2026-09-24T17:20:54.900Z,4x50 7x50 9x50 10x150 11x50 12x50 16x50 19x100 20x50 22x50 33x50
6ab55c035f8961d564fe2680,XXXtreme Lightning Roulette,5,Vermelho,Impar,2026-09-24 14:21:07,2026-09-24T17:20:15.623Z,2026-09-24T17:21:07.040Z,4x1500 8x100 14x350 16x50 20x100 23x150 26x100 27x50
6ab55c095f8961d564fe2682,Immersive Roulette,25,Vermelho,Impar,2026-09-24 14:21:12,2026-09-24T17:20:23.055Z,2026-09-24T17:21:12.852Z,
6ab55c125f8961d564fe2683,Lightning Roulette,26,Preto,Par,2026-09-24 14:21:22,2026-09-24T17:20:35.810Z,2026-09-24T17:21:22.651Z,16x100 26x500 33x100 35x50
6ab55c145f8961d564fe2684,Auto Roulette,6,Preto,Par,2026-09-24 14:21:24,2026-09-24T17:20:41.783Z,2026-09-24T17:21:24.195Z,
6ab55c2a5f8961d564fe2687,Gold Vault Roulette,21,Vermelho,Impar,2026-09-24 14:21:45,2026-09-24T17:20:58.002Z,2026-09-24T17:21:45.828Z,0x50 2x50 4x100 11x50 14x50 17x100 24x50 27x150 30x50 31x50 32x50
6ab55c365f8961d564fe2689,XXXtreme Lightning Roulette,30,Vermelho,Par,2026-09-24 14:21:58,2026-09-24T17:21:10.135Z,2026-09-24T17:21:58.031Z,9x500 17x1500
6ab55c415f8961d564fe268d,Red Door Roulette,22,Preto,Par,2026-09-24 14:22:05,2026-09-24T17:19:42.697Z,2026-09-24T17:22:05.460Z,34x1 33x3 22x1 14x3 27x1
6ab55c3f5f8961d564fe268c,Auto Roulette,2,Preto,Par,2026-09-24 14:22:06,2026-09-24T17:21:27.304Z,2026-09-24T17:22:06.677Z,
6ab55c3f5f8961d564fe268b,Immersive Roulette,28,Preto,Par,2026-09-24 14:22:06,2026-09-24T17:21:15.918Z,2026-09-24T17:22:06.936Z,
6ab55c495f8961d564fe268f,Lightning Roulette,24,Preto,Par,2026-09-24 14:22:17,2026-09-24T17:21:25.751Z,2026-09-24T17:22:17.650Z,18x100 33x200 36x50
6ab55c5d5f8961d564fe2692,Gold Vault Roulette,24,Preto,Par,2026-09-24 14:22:37,2026-09-24T17:21:48.915Z,2026-09-24T17:22:37.097Z,0x50 1x100 4x100 6x500 9x50 13x150 16x50 19x50 21x50 23x50 24x50 32x100 33x100
6ab55c655f8961d564fe2694,XXXtreme Lightning Roulette,16,Vermelho,Par,2026-09-24 14:22:45,2026-09-24T17:22:01.118Z,2026-09-24T17:22:45.046Z,0x50 4x100 25x50
6ab55c675f8961d564fe2696,Auto Roulette,25,Vermelho,Impar,2026-09-24 14:22:47,2026-09-24T17:22:09.799Z,2026-09-24T17:22:47.189Z,
6ab55c6e5f8961d564fe2697,Immersive Roulette,26,Preto,Par,2026-09-24 14:22:54,2026-09-24T17:22:09.985Z,2026-09-24T17:22:54.609Z,
6ab55c7eb966fa02520f185a,Red Door Roulette,16,Vermelho,Par,2026-09-24 14:23:10,2026-09-24T17:22:12.707Z,2026-09-24T17:23:10.115Z,11x1 13x1 23x1 26x1 28x1 29x1 34x1 35x1 36x1
6ab55c81b966fa02520f185b,Lightning Roulette,16,Vermelho,Par,2026-09-24 14:23:11,2026-09-24T17:22:20.743Z,2026-09-24T17:23:11.743Z,18x50 9x100
6ab55c8f5f8961d564fe269d,Auto Roulette,13,Preto,Impar,2026-09-24 14:23:26,2026-09-24T17:22:50.266Z,2026-09-24T17:23:26.709Z,
6ab55c8e5f8961d564fe269c,Gold Vault Roulette,19,Vermelho,Impar,2026-09-24 14:23:26,2026-09-24T17:22:40.209Z,2026-09-24T17:23:26.775Z,4x50 5x50 9x100 14x100 15x100 16x50 21x50 30x50 31x50 33x50 35x50
6ab55c985f8961d564fe269f,XXXtreme Lightning Roulette,20,Preto,Par,2026-09-24 14:23:36,2026-09-24T17:22:48.135Z,2026-09-24T17:23:36.052Z,5x50 20x50 25x100 29x100 31x50 35x100
6ab55ca05f8961d564fe26a1,Immersive Roulette,13,Preto,Impar,2026-09-24 14:23:44,2026-09-24T17:22:57.702Z,2026-09-24T17:23:44.688Z,
6ab55cafb966fa02520f185f,Lightning Roulette,9,Vermelho,Impar,2026-09-24 14:23:57,2026-09-24T17:23:14.852Z,2026-09-24T17:23:57.130Z,20x50 21x100 35x100
6ab55cb8b966fa02520f1860,Red Door Roulette,10,Preto,Par,2026-09-24 14:24:08,2026-09-24T17:23:13.197Z,2026-09-24T17:24:08.122Z,1x1 3x1 18x1 24x1 28x1 30x1 32x1
6ab55cbb5f8961d564fe26a6,Auto Roulette,2,Preto,Par,2026-09-24 14:24:10,2026-09-24T17:23:29.759Z,2026-09-24T17:24:10.689Z,
6ab55cc15f8961d564fe26a7,Gold Vault Roulette,26,Preto,Par,2026-09-24 14:24:17,2026-09-24T17:23:29.843Z,2026-09-24T17:24:17.648Z,3x50 10x50 11x50 12x50 15x50 16x100 27x150 29x100 31x50 32x100
6ab55cdcb966fa02520f1862,XXXtreme Lightning Roulette,24,Preto,Par,2026-09-24 14:24:27,2026-09-24T17:23:39.134Z,2026-09-24T17:24:27.534Z,12x600 19x100 22x50 24x200 10x100 14x50 18x600 3x100
6ab55cdc5f8961d564fe26ab,Immersive Roulette,20,Preto,Par,2026-09-24 14:24:35,2026-09-24T17:23:47.747Z,2026-09-24T17:24:35.127Z,
6ab55cdf5f8961d564fe26ac,Lightning Roulette,8,Preto,Par,2026-09-24 14:24:47,2026-09-24T17:24:00.215Z,2026-09-24T17:24:47.173Z,4x100 10x100 24x100
6ab55ce75f8961d564fe26af,Auto Roulette,27,Vermelho,Impar,2026-09-24 14:24:54,2026-09-24T17:24:13.818Z,2026-09-24T17:24:54.689Z,
6ab55cf45f8961d564fe26b1,Gold Vault Roulette,24,Preto,Par,2026-09-24 14:25:08,2026-09-24T17:24:20.750Z,2026-09-24T17:25:08.530Z,3x100 4x50 7x50 9x500 10x50 12x50 16x100 36x50
6ab55cf5b966fa02520f1864,Red Door Roulette,14,Vermelho,Par,2026-09-24 14:25:09,2026-09-24T17:24:11.199Z,2026-09-24T17:25:09.094Z,0x1 5x1 7x1 17x1 20x1 21x1 28x1 29x1 34x1 36x1
6ab55d045f8961d564fe26b3,XXXtreme Lightning Roulette,15,Preto,Impar,2026-09-24 14:25:24,2026-09-24T17:24:30.642Z,2026-09-24T17:25:24.062Z,8x100 29x100
6ab55d0c5f8961d564fe26b5,Immersive Roulette,19,Vermelho,Impar,2026-09-24 14:25:32,2026-09-24T17:24:38.193Z,2026-09-24T17:25:32.034Z,
6ab55d0f5f8961d564fe26b6,Lightning Roulette,27,Vermelho,Impar,2026-09-24 14:25:35,2026-09-24T17:24:50.277Z,2026-09-24T17:25:35.642Z,20x400 32x100 34x100
6ab55d125f8961d564fe26b8,Auto Roulette,8,Preto,Par,2026-09-24 14:25:37,2026-09-24T17:24:57.738Z,2026-09-24T17:25:37.680Z,
6ab55d295f8961d564fe26bb,Gold Vault Roulette,17,Preto,Impar,2026-09-24 14:26:01,2026-09-24T17:25:11.625Z,2026-09-24T17:26:01.512Z,6x50 16x50 19x50 20x50 26x50 31x50
6ab55d33b966fa02520f1869,Red Door Roulette,19,Vermelho,Impar,2026-09-24 14:26:10,2026-09-24T17:25:12.224Z,2026-09-24T17:26:10.606Z,0x1 26x1 28x1 31x1 32x1
6ab55d3a5f8961d564fe26be,XXXtreme Lightning Roulette,34,Vermelho,Par,2026-09-24 14:26:18,2026-09-24T17:25:27.145Z,2026-09-24T17:26:18.573Z,0x50 13x100 32x100
6ab55d3f5f8961d564fe26c1,Lightning Roulette,6,Preto,Par,2026-09-24 14:26:23,2026-09-24T17:25:38.746Z,2026-09-24T17:26:23.639Z,9x100 23x200 28x50
6ab55d405f8961d564fe26c3,Auto Roulette,22,Preto,Par,2026-09-24 14:26:23,2026-09-24T17:25:40.792Z,2026-09-24T17:26:23.708Z,
6ab55d405f8961d564fe26c2,Immersive Roulette,22,Preto,Par,2026-09-24 14:26:23,2026-09-24T17:25:35.146Z,2026-09-24T17:26:23.761Z,
6ab55d5c5f8961d564fe26c5,Gold Vault Roulette,13,Preto,Impar,2026-09-24 14:26:51,2026-09-24T17:26:04.619Z,2026-09-24T17:26:51.995Z,2x50 4x50 5x50 12x50 13x100 27x50 30x150 34x50 36x50
6ab55d6db966fa02520f186d,Red Door Roulette,11,Preto,Impar,2026-09-24 14:27:08,2026-09-24T17:26:13.705Z,2026-09-24T17:27:08.602Z,0x1 3x1 4x3 5x1 6x1 7x1 12x1 13x1 20x1 25x1 26x1 27x1 28x1 29x2 34x1
6ab55d6e5f8961d564fe26c9,Auto Roulette,3,Vermelho,Impar,2026-09-24 14:27:09,2026-09-24T17:26:26.885Z,2026-09-24T17:27:09.793Z,
6ab55d6e5f8961d564fe26ca,XXXtreme Lightning Roulette,22,Preto,Par,2026-09-24 14:27:10,2026-09-24T17:26:21.642Z,2026-09-24T17:27:10.569Z,12x100 25x100 33x100
6ab55d715f8961d564fe26cb,Immersive Roulette,25,Vermelho,Impar,2026-09-24 14:27:13,2026-09-24T17:26:26.809Z,2026-09-24T17:27:13.389Z,
6ab55d735f8961d564fe26cd,Lightning Roulette,19,Vermelho,Impar,2026-09-24 14:27:14,2026-09-24T17:26:26.744Z,2026-09-24T17:27:14.644Z,27x200 31x50 34x50
6ab55d925f8961d564fe26d1,Gold Vault Roulette,30,Vermelho,Par,2026-09-24 14:27:46,2026-09-24T17:26:55.124Z,2026-09-24T17:27:46.123Z,1x100 2x50 7x50 11x100 13x50 21x100 22x50 25x50 26x50 28x50 30x50 32x50
6ab55d985f8961d564fe26d2,Auto Roulette,35,Preto,Impar,2026-09-24 14:27:51,2026-09-24T17:27:12.931Z,2026-09-24T17:27:51.691Z,
6ab55da15f8961d564fe26d5,Immersive Roulette,10,Preto,Par,2026-09-24 14:28:01,2026-09-24T17:27:16.439Z,2026-09-24T17:28:01.054Z,
6ab55da35f8961d564fe26d6,Lightning Roulette,5,Vermelho,Impar,2026-09-24 14:28:03,2026-09-24T17:27:17.780Z,2026-09-24T17:28:03.149Z,26x100 36x100
6ab55da65f8961d564fe26d7,XXXtreme Lightning Roulette,26,Preto,Par,2026-09-24 14:28:06,2026-09-24T17:27:13.654Z,2026-09-24T17:28:06.078Z,11x100
6ab55daab966fa02520f186f,Red Door Roulette,32,Vermelho,Par,2026-09-24 14:28:10,2026-09-24T17:27:11.722Z,2026-09-24T17:28:10.132Z,2x1 13x1 14x1 15x1 16x2 19x1 27x1
6ab55dc45f8961d564fe26db,Auto Roulette,17,Preto,Impar,2026-09-24 14:28:36,2026-09-24T17:27:54.757Z,2026-09-24T17:28:36.201Z,
6ab55dc45f8961d564fe26dc,Gold Vault Roulette,36,Vermelho,Par,2026-09-24 14:28:36,2026-09-24T17:27:49.205Z,2026-09-24T17:28:36.624Z,1x50 2x50 3x100 5x50 9x50 11x100 25x50 29x50 34x50
6ab55dce5f8961d564fe26de,Lightning Roulette,23,Vermelho,Impar,2026-09-24 14:28:46,2026-09-24T17:28:06.292Z,2026-09-24T17:28:46.651Z,2x50 22x500
6ab55dd25f8961d564fe26df,Immersive Roulette,28,Preto,Par,2026-09-24 14:28:50,2026-09-24T17:28:04.114Z,2026-09-24T17:28:50.337Z,
6ab55ded5f8961d564fe26e1,XXXtreme Lightning Roulette,6,Preto,Par,2026-09-24 14:28:56,2026-09-24T17:28:09.155Z,2026-09-24T17:28:56.085Z,0x600 13x100 14x50 15x100 19x50 27x100
6ab55dedb966fa02520f1873,Red Door Roulette,21,Vermelho,Impar,2026-09-24 14:29:13,2026-09-24T17:28:13.251Z,2026-09-24T17:29:13.614Z,7x1 19x1 25x1 28x1
6ab55ded5f8961d564fe26e4,Auto Roulette,11,Preto,Impar,2026-09-24 14:29:15,2026-09-24T17:28:39.247Z,2026-09-24T17:29:15.182Z,
6ab55dfa5f8961d564fe26e6,Gold Vault Roulette,26,Preto,Par,2026-09-24 14:29:29,2026-09-24T17:28:39.760Z,2026-09-24T17:29:29.886Z,2x50 10x50 14x50 15x100 16x50 27x50 35x50
6ab55dfe5f8961d564fe26e7,Lightning Roulette,27,Vermelho,Impar,2026-09-24 14:29:34,2026-09-24T17:28:49.747Z,2026-09-24T17:29:34.153Z,8x50 22x50 31x100
6ab55e055f8961d564fe26e8,Immersive Roulette,23,Vermelho,Impar,2026-09-24 14:29:41,2026-09-24T17:28:53.407Z,2026-09-24T17:29:41.208Z,
6ab55e085f8961d564fe26ea,XXXtreme Lightning Roulette,13,Preto,Impar,2026-09-24 14:29:44,2026-09-24T17:28:59.154Z,2026-09-24T17:29:44.592Z,11x50 24x50 32x100
6ab55e185f8961d564fe26ed,Auto Roulette,20,Preto,Par,2026-09-24 14:29:59,2026-09-24T17:29:18.238Z,2026-09-24T17:29:59.677Z,
6ab55e29b966fa02520f1877,Red Door Roulette,10,Preto,Par,2026-09-24 14:30:16,2026-09-24T17:29:16.730Z,2026-09-24T17:30:16.615Z,3x2 5x1 6x1 8x4 9x1 15x1 16x1 17x1 18x1 23x1 25x1 26x1 33x1 35x1 36x1
6ab55e47b966fa02520f1879,Gold Vault Roulette,1,Vermelho,Impar,2026-09-24 14:30:23,2026-09-24T17:29:33.019Z,2026-09-24T17:30:23.621Z,0x100 4x50 9x150 11x50 13x100 17x50 26x100 27x50
6ab55e47b966fa02520f187a,Lightning Roulette,16,Vermelho,Par,2026-09-24 14:30:24,2026-09-24T17:29:37.272Z,2026-09-24T17:30:24.656Z,3x50 18x50
6ab55e47b966fa02520f187b,XXXtreme Lightning Roulette,26,Preto,Par,2026-09-24 14:30:36,2026-09-24T17:29:47.676Z,2026-09-24T17:30:36.598Z,7x600 22x700
6ab55e47b966fa02520f187c,Auto Roulette,36,Vermelho,Par,2026-09-24 14:30:41,2026-09-24T17:30:02.752Z,2026-09-24T17:30:41.710Z,
6ab55e5fb966fa02520f187f,Lightning Roulette,21,Vermelho,Impar,2026-09-24 14:31:10,2026-09-24T17:30:27.760Z,2026-09-24T17:31:10.654Z,9x50 24x100 33x100
6ab55e61b966fa02520f1880,Gold Vault Roulette,16,Vermelho,Par,2026-09-24 14:31:13,2026-09-24T17:30:26.729Z,2026-09-24T17:31:13.311Z,3x50 10x50 15x50 19x100 23x150 28x50 29x50 32x100 34x50 36x50
6ab55e6eb966fa02520f1882,XXXtreme Lightning Roulette,4,Preto,Par,2026-09-24 14:31:26,2026-09-24T17:30:39.675Z,2026-09-24T17:31:26.587Z,6x700 10x50 13x1000 23x100
6ab55e71b966fa02520f1883,Auto Roulette,29,Preto,Impar,2026-09-24 14:31:29,2026-09-24T17:30:44.786Z,2026-09-24T17:31:29.213Z,
6ab55e8fb966fa02520f1886,Lightning Roulette,32,Vermelho,Par,2026-09-24 14:31:59,2026-09-24T17:31:13.786Z,2026-09-24T17:31:59.142Z,14x50 15x200 33x100
6ab55e95b966fa02520f1887,Gold Vault Roulette,21,Vermelho,Impar,2026-09-24 14:32:05,2026-09-24T17:31:16.409Z,2026-09-24T17:32:05.390Z,0x50 1x100 5x50 11x50 17x100 21x50 24x50 28x50 29x50 33x50 34x50
6ab55e97b966fa02520f1889,Auto Roulette,30,Vermelho,Par,2026-09-24 14:32:06,2026-09-24T17:31:32.246Z,2026-09-24T17:32:06.674Z,
6ab55ea149081f6ae4e4f394,Red Door Roulette,29,Preto,Impar,2026-09-24 14:32:16,2026-09-24T17:30:19.756Z,2026-09-24T17:32:16.884Z,0x1 13x5 16x1 19x1 22x1 23x1 29x1 30x2 34x1 36x3
6ab55ea1b966fa02520f188b,Immersive Roulette,7,Vermelho,Impar,2026-09-24 14:32:17,2026-09-24T17:31:28.851Z,2026-09-24T17:32:17.057Z,
6ab55ea5b966fa02520f188d,XXXtreme Lightning Roulette,36,Vermelho,Par,2026-09-24 14:32:21,2026-09-24T17:31:29.674Z,2026-09-24T17:32:21.606Z,2x200 12x100 15x600 19x100 26x50 31x100 33x50
6ab55ec3b966fa02520f188f,Lightning Roulette,3,Vermelho,Impar,2026-09-24 14:32:51,2026-09-24T17:32:02.236Z,2026-09-24T17:32:51.161Z,20x50
6ab55ec6b966fa02520f1890,Auto Roulette,18,Vermelho,Par,2026-09-24 14:32:54,2026-09-24T17:32:09.730Z,2026-09-24T17:32:54.195Z,
6ab55ec8b966fa02520f1891,Gold Vault Roulette,7,Vermelho,Impar,2026-09-24 14:32:56,2026-09-24T17:32:08.524Z,2026-09-24T17:32:56.661Z,8x50 12x50 15x50 23x50 25x50 26x50 29x150 33x50 35x100 36x50
6ab55ed4b966fa02520f1893,XXXtreme Lightning Roulette,32,Vermelho,Par,2026-09-24 14:33:08,2026-09-24T17:32:24.683Z,2026-09-24T17:33:08.097Z,7x100 12x50 14x150 20x100 26x50 29x100 34x100 35x100
6ab55ed4b966fa02520f1894,Immersive Roulette,12,Vermelho,Par,2026-09-24 14:33:08,2026-09-24T17:32:20.155Z,2026-09-24T17:33:08.348Z,
6ab55edb49081f6ae4e4f397,Red Door Roulette,26,Preto,Par,2026-09-24 14:33:15,2026-09-24T17:32:17.989Z,2026-09-24T17:33:15.119Z,0x1 5x1 11x1 31x1 32x1
6ab55ef1b966fa02520f1897,Auto Roulette,5,Vermelho,Impar,2026-09-24 14:33:36,2026-09-24T17:32:57.261Z,2026-09-24T17:33:36.667Z,
6ab55ef4b966fa02520f1898,Lightning Roulette,31,Preto,Impar,2026-09-24 14:33:40,2026-09-24T17:32:54.238Z,2026-09-24T17:33:40.652Z,8x150 16x100 23x50
6ab55efdb966fa02520f189a,Gold Vault Roulette,34,Vermelho,Par,2026-09-24 14:33:49,2026-09-24T17:32:59.782Z,2026-09-24T17:33:49.275Z,0x50 1x150 3x500 6x50 8x50 11x50 14x50 16x50 17x50 20x50 23x50 27x50 28x100 31x100 32x50 36x50
6ab55f0ab966fa02520f189c,XXXtreme Lightning Roulette,14,Vermelho,Par,2026-09-24 14:34:02,2026-09-24T17:33:11.192Z,2026-09-24T17:34:02.111Z,1x50 6x600 7x100 10x50 13x100 17x100 30x1000
6ab55f0ab966fa02520f189d,Immersive Roulette,26,Preto,Par,2026-09-24 14:34:02,2026-09-24T17:33:11.418Z,2026-09-24T17:34:02.427Z,
6ab55f1fb966fa02520f189f,Auto Roulette,14,Vermelho,Par,2026-09-24 14:34:23,2026-09-24T17:33:39.776Z,2026-09-24T17:34:23.169Z,
6ab55f25b966fa02520f18a2,Lightning Roulette,15,Preto,Impar,2026-09-24 14:34:29,2026-09-24T17:33:43.760Z,2026-09-24T17:34:29.648Z,30x50 32x100
6ab55f33b966fa02520f18a4,Gold Vault Roulette,1,Vermelho,Impar,2026-09-24 14:34:42,2026-09-24T17:33:52.404Z,2026-09-24T17:34:42.934Z,2x50 4x50 12x50 13x50 19x50 24x50 31x50
6ab55f3ab966fa02520f18a5,Immersive Roulette,25,Vermelho,Impar,2026-09-24 14:34:50,2026-09-24T17:34:05.516Z,2026-09-24T17:34:50.121Z,
6ab55f3db966fa02520f18a7,XXXtreme Lightning Roulette,33,Preto,Impar,2026-09-24 14:34:52,2026-09-24T17:34:05.214Z,2026-09-24T17:34:52.627Z,0x100 14x50 20x50 21x100 23x100 31x50
6ab55f49e50c3756c1fa8691,Red Door Roulette,9,Vermelho,Impar,2026-09-24 14:35:02,2026-09-24T17:33:18.198Z,2026-09-24T17:35:02.980Z,21x1 25x1 18x3 11x1 9x1
6ab55f4cb966fa02520f18a8,Auto Roulette,30,Vermelho,Par,2026-09-24 14:35:07,2026-09-24T17:34:26.296Z,2026-09-24T17:35:07.709Z,
6ab55f56b966fa02520f18ab,Lightning Roulette,31,Preto,Impar,2026-09-24 14:35:17,2026-09-24T17:34:32.765Z,2026-09-24T17:35:17.721Z,11x150 35x100
6ab55f69b966fa02520f18ae,Gold Vault Roulette,36,Vermelho,Par,2026-09-24 14:35:37,2026-09-24T17:34:46.061Z,2026-09-24T17:35:37.445Z,2x50 4x50 10x150 12x50 15x100 16x150 20x50 21x50 22x100 31x100 34x50
6ab55f6eb966fa02520f18af,Immersive Roulette,12,Vermelho,Par,2026-09-24 14:35:42,2026-09-24T17:34:53.214Z,2026-09-24T17:35:42.573Z,
6ab55f72b966fa02520f18b0,XXXtreme Lightning Roulette,12,Vermelho,Par,2026-09-24 14:35:46,2026-09-24T17:34:55.698Z,2026-09-24T17:35:46.118Z,1x150 4x100 13x100 15x100 26x100 30x100 33x50
6ab55f79b966fa02520f18b2,Auto Roulette,19,Vermelho,Impar,2026-09-24 14:35:52,2026-09-24T17:35:10.863Z,2026-09-24T17:35:52.689Z,
6ab55f8749081f6ae4e4f39e,Red Door Roulette,33,Preto,Impar,2026-09-24 14:36:06,2026-09-24T17:35:10.242Z,2026-09-24T17:36:06.628Z,7x1 8x1 17x1 25x7 31x1 35x1
6ab55f8ab966fa02520f18b3,Lightning Roulette,30,Vermelho,Par,2026-09-24 14:36:10,2026-09-24T17:35:20.843Z,2026-09-24T17:36:10.650Z,7x500 8x50 11x50 29x50
6ab55fa0b966fa02520f18b6,Immersive Roulette,20,Preto,Par,2026-09-24 14:36:31,2026-09-24T17:35:45.640Z,2026-09-24T17:36:31.834Z,
6ab55fa3b966fa02520f18b8,Auto Roulette,14,Vermelho,Par,2026-09-24 14:36:35,2026-09-24T17:35:55.752Z,2026-09-24T17:36:35.198Z,
6ab55fa3b966fa02520f18b9,XXXtreme Lightning Roulette,10,Preto,Par,2026-09-24 14:36:35,2026-09-24T17:35:49.205Z,2026-09-24T17:36:35.637Z,3x50 4x700 5x100 6x100 21x100 31x100
6ab55fbcb966fa02520f18ba,Lightning Roulette,15,Preto,Impar,2026-09-24 14:37:00,2026-09-24T17:36:13.735Z,2026-09-24T17:37:00.669Z,19x50 34x100 35x250
6ab55fc149081f6ae4e4f3a2,Red Door Roulette,36,Vermelho,Par,2026-09-24 14:37:04,2026-09-24T17:36:09.714Z,2026-09-24T17:37:04.610Z,1x1 12x1 15x1 18x1 23x1 26x2 32x3
6ab55fcdb966fa02520f18bc,Auto Roulette,11,Preto,Impar,2026-09-24 14:37:16,2026-09-24T17:36:38.272Z,2026-09-24T17:37:16.687Z,
6ab55fd2b966fa02520f18bf,Immersive Roulette,27,Vermelho,Impar,2026-09-24 14:37:22,2026-09-24T17:36:34.894Z,2026-09-24T17:37:22.300Z,
6ab55fd3b966fa02520f18c0,Gold Vault Roulette,21,Vermelho,Impar,2026-09-24 14:37:23,2026-09-24T17:36:33.503Z,2026-09-24T17:37:23.303Z,0x50 4x50 6x100 8x50 10x50 12x50
6ab55fd6b966fa02520f18c1,XXXtreme Lightning Roulette,14,Vermelho,Par,2026-09-24 14:37:25,2026-09-24T17:36:38.708Z,2026-09-24T17:37:25.648Z,3x100 11x700 12x100
6ab55feab966fa02520f18c3,Lightning Roulette,19,Vermelho,Impar,2026-09-24 14:37:46,2026-09-24T17:37:03.793Z,2026-09-24T17:37:46.172Z,4x250 11x50 16x50 24x100 36x400
6ab55ff8b966fa02520f18c5,Auto Roulette,14,Vermelho,Par,2026-09-24 14:37:59,2026-09-24T17:37:19.772Z,2026-09-24T17:37:59.671Z,
6ab55ffb49081f6ae4e4f3a6,Red Door Roulette,8,Preto,Par,2026-09-24 14:38:03,2026-09-24T17:37:07.718Z,2026-09-24T17:38:03.116Z,12x1 13x1 15x1 18x1 32x1
6ab56005b966fa02520f18c7,Immersive Roulette,29,Preto,Impar,2026-09-24 14:38:12,2026-09-24T17:37:25.395Z,2026-09-24T17:38:12.773Z,
6ab5600ab966fa02520f18c8,XXXtreme Lightning Roulette,20,Preto,Par,2026-09-24 14:38:18,2026-09-24T17:37:28.713Z,2026-09-24T17:38:18.152Z,1x50 6x200 12x100 23x50 29x100 33x100
6ab5600cb966fa02520f18c9,Gold Vault Roulette,11,Preto,Impar,2026-09-24 14:38:19,2026-09-24T17:37:26.401Z,2026-09-24T17:38:19.789Z,1x50 3x100 5x50 15x50 21x50 22x50 27x50 30x50 34x100
6ab5601bb966fa02520f18cc,Lightning Roulette,8,Preto,Par,2026-09-24 14:38:35,2026-09-24T17:37:49.329Z,2026-09-24T17:38:35.171Z,2x100 4x50 35x50
6ab56022b966fa02520f18cf,Auto Roulette,26,Preto,Par,2026-09-24 14:38:42,2026-09-24T17:38:02.797Z,2026-09-24T17:38:42.209Z,
6ab56035b966fa02520f18d0,Immersive Roulette,1,Vermelho,Impar,2026-09-24 14:39:01,2026-09-24T17:38:15.831Z,2026-09-24T17:39:01.220Z,
6ab5603749081f6ae4e4f3a9,Red Door Roulette,9,Vermelho,Impar,2026-09-24 14:39:03,2026-09-24T17:38:06.228Z,2026-09-24T17:39:03.123Z,1x1 3x1 31x7
6ab5603eb966fa02520f18d2,XXXtreme Lightning Roulette,33,Preto,Impar,2026-09-24 14:39:10,2026-09-24T17:38:21.219Z,2026-09-24T17:39:10.631Z,2x100 3x50 4x100 5x400 31x50
6ab5604cb966fa02520f18d5,Auto Roulette,34,Vermelho,Par,2026-09-24 14:39:23,2026-09-24T17:38:45.257Z,2026-09-24T17:39:23.743Z,
6ab5604cb966fa02520f18d6,Lightning Roulette,35,Preto,Impar,2026-09-24 14:39:24,2026-09-24T17:38:38.279Z,2026-09-24T17:39:24.141Z,21x50 31x300
6ab5606ab966fa02520f18d8,Immersive Roulette,36,Vermelho,Par,2026-09-24 14:39:54,2026-09-24T17:39:04.357Z,2026-09-24T17:39:54.081Z,
6ab56073b966fa02520f18da,XXXtreme Lightning Roulette,6,Preto,Par,2026-09-24 14:40:03,2026-09-24T17:39:13.711Z,2026-09-24T17:40:03.155Z,23x600 33x200
6ab5607449081f6ae4e4f3ad,Red Door Roulette,11,Preto,Impar,2026-09-24 14:40:03,2026-09-24T17:39:06.240Z,2026-09-24T17:40:03.639Z,8x1 13x1 14x1 19x1 23x1 25x1 27x1
6ab56075b966fa02520f18db,Gold Vault Roulette,5,Vermelho,Impar,2026-09-24 14:40:05,2026-09-24T17:39:15.834Z,2026-09-24T17:40:05.619Z,1x50 2x50 8x50 11x50 12x50 13x100 14x500 17x50 22x50 23x50 24x50 27x50 29x50 31x50 33x50
6ab56077b966fa02520f18dc,Auto Roulette,35,Preto,Impar,2026-09-24 14:40:06,2026-09-24T17:39:26.803Z,2026-09-24T17:40:06.705Z,
6ab56078b966fa02520f18dd,Lightning Roulette,0,Verde,None,2026-09-24 14:40:08,2026-09-24T17:39:27.239Z,2026-09-24T17:40:08.671Z,12x50 15x50 21x50 23x100
6ab5609fb966fa02520f18e0,Auto Roulette,32,Vermelho,Par,2026-09-24 14:40:46,2026-09-24T17:40:09.781Z,2026-09-24T17:40:46.693Z,
6ab560a1b966fa02520f18e2,Immersive Roulette,14,Vermelho,Par,2026-09-24 14:40:48,2026-09-24T17:39:57.156Z,2026-09-24T17:40:48.954Z,
6ab560a3b966fa02520f18e3,XXXtreme Lightning Roulette,18,Vermelho,Par,2026-09-24 14:40:51,2026-09-24T17:40:06.237Z,2026-09-24T17:40:51.156Z,1x100 23x50 28x50
6ab560a6b966fa02520f18e4,Lightning Roulette,12,Vermelho,Par,2026-09-24 14:40:54,2026-09-24T17:40:11.748Z,2026-09-24T17:40:54.163Z,17x100 23x100 33x200
6ab560ae49081f6ae4e4f3b0,Red Door Roulette,33,Preto,Impar,2026-09-24 14:41:02,2026-09-24T17:40:06.771Z,2026-09-24T17:41:02.140Z,1x1 8x1 12x5 13x1 18x7 29x1 30x1
6ab560ccb966fa02520f18ea,Auto Roulette,32,Vermelho,Par,2026-09-24 14:41:31,2026-09-24T17:40:49.731Z,2026-09-24T17:41:31.718Z,
6ab560d2b966fa02520f18eb,Immersive Roulette,15,Preto,Impar,2026-09-24 14:41:38,2026-09-24T17:40:52.034Z,2026-09-24T17:41:38.638Z,
6ab560d3b966fa02520f18ec,Lightning Roulette,26,Preto,Par,2026-09-24 14:41:39,2026-09-24T17:40:57.264Z,2026-09-24T17:41:39.158Z,7x200
6ab560dbb966fa02520f18ee,XXXtreme Lightning Roulette,9,Vermelho,Impar,2026-09-24 14:41:43,2026-09-24T17:40:54.224Z,2026-09-24T17:41:43.137Z,17x100 33x100 35x50
6ab560e649081f6ae4e4f3b4,Red Door Roulette,1,Vermelho,Impar,2026-09-24 14:41:58,2026-09-24T17:41:05.243Z,2026-09-24T17:41:58.123Z,3x1 7x1 19x1 26x1 27x1 28x1 29x1 30x1 32x1
6ab560f9b966fa02520f18f3,Auto Roulette,33,Preto,Impar,2026-09-24 14:42:16,2026-09-24T17:41:34.802Z,2026-09-24T17:42:16.714Z,
6ab56106b966fa02520f18f4,Immersive Roulette,33,Preto,Impar,2026-09-24 14:42:29,2026-09-24T17:41:41.718Z,2026-09-24T17:42:29.908Z,
6ab56108b966fa02520f18f6,Lightning Roulette,6,Preto,Par,2026-09-24 14:42:32,2026-09-24T17:41:42.264Z,2026-09-24T17:42:32.650Z,3x150 6x50 15x100
6ab56111b966fa02520f18f8,XXXtreme Lightning Roulette,21,Vermelho,Impar,2026-09-24 14:42:39,2026-09-24T17:41:46.241Z,2026-09-24T17:42:39.143Z,20x600 21x100
6ab5612049081f6ae4e4f3b6,Red Door Roulette,15,Preto,Impar,2026-09-24 14:42:55,2026-09-24T17:42:01.212Z,2026-09-24T17:42:55.620Z,12x1 16x1 18x1 19x1 20x1 21x1 24x1 25x1 34x1
6ab5612cb966fa02520f18fa,Auto Roulette,3,Vermelho,Impar,2026-09-24 14:43:08,2026-09-24T17:42:19.784Z,2026-09-24T17:43:08.190Z,
6ab56136b966fa02520f18fe,Immersive Roulette,33,Preto,Impar,2026-09-24 14:43:18,2026-09-24T17:42:32.987Z,2026-09-24T17:43:18.382Z,
6ab5613ab966fa02520f18ff,Lightning Roulette,9,Vermelho,Impar,2026-09-24 14:43:22,2026-09-24T17:42:35.748Z,2026-09-24T17:43:22.157Z,4x500 5x100 20x100 33x50
6ab56146b966fa02520f1901,XXXtreme Lightning Roulette,30,Vermelho,Par,2026-09-24 14:43:33,2026-09-24T17:42:42.241Z,2026-09-24T17:43:33.669Z,5x50 6x100 7x100 12x100 14x500 23x100
6ab56147b966fa02520f1902,Gold Vault Roulette,27,Vermelho,Impar,2026-09-24 14:43:35,2026-09-24T17:42:47.078Z,2026-09-24T17:43:35.649Z,11x50 12x50 22x500 24x50 25x150 27x100
6ab56156b966fa02520f1903,Auto Roulette,19,Vermelho,Impar,2026-09-24 14:43:49,2026-09-24T17:43:11.268Z,2026-09-24T17:43:49.675Z,
6ab56167b966fa02520f1906,Immersive Roulette,15,Preto,Impar,2026-09-24 14:44:07,2026-09-24T17:43:21.435Z,2026-09-24T17:44:07.646Z,
6ab56169b966fa02520f1907,Lightning Roulette,6,Preto,Par,2026-09-24 14:44:09,2026-09-24T17:43:25.262Z,2026-09-24T17:44:09.160Z,8x100 20x50
6ab56176b966fa02520f1909,XXXtreme Lightning Roulette,11,Preto,Impar,2026-09-24 14:44:21,2026-09-24T17:43:36.757Z,2026-09-24T17:44:21.674Z,6x50 8x50 11x1000 24x100
6ab56178b966fa02520f190c,Gold Vault Roulette,3,Vermelho,Impar,2026-09-24 14:44:23,2026-09-24T17:43:38.808Z,2026-09-24T17:44:23.767Z,0x100 2x50 4x50 6x50 10x50 21x50 22x100 23x50 25x100
6ab5617fb966fa02520f190d,Auto Roulette,21,Vermelho,Impar,2026-09-24 14:44:31,2026-09-24T17:43:52.758Z,2026-09-24T17:44:31.241Z,
6ab56192e50c3756c1fa86a8,Red Door Roulette,27,Vermelho,Impar,2026-09-24 14:44:48,2026-09-24T17:42:58.684Z,2026-09-24T17:44:48.461Z,12x1 19x1 22x4 21x1 32x4 1x1 2x1 24x5 35x1 17x1 14x1 20x1 27x1 30x1 7x1
6ab56198b966fa02520f190f,Lightning Roulette,3,Vermelho,Impar,2026-09-24 14:44:56,2026-09-24T17:44:12.269Z,2026-09-24T17:44:56.664Z,0x300 3x50 27x50
6ab5619bb966fa02520f1910,Immersive Roulette,14,Vermelho,Par,2026-09-24 14:44:59,2026-09-24T17:44:10.730Z,2026-09-24T17:44:59.725Z,
6ab561a8b966fa02520f1912,Auto Roulette,19,Vermelho,Impar,2026-09-24 14:45:11,2026-09-24T17:44:34.341Z,2026-09-24T17:45:11.678Z,
6ab561acb966fa02520f1913,Gold Vault Roulette,15,Preto,Impar,2026-09-24 14:45:16,2026-09-24T17:44:26.873Z,2026-09-24T17:45:16.720Z,8x100 9x50 17x150 23x100 24x50 26x50 28x50 29x100 31x100
6ab561afb966fa02520f1914,XXXtreme Lightning Roulette,19,Vermelho,Impar,2026-09-24 14:45:18,2026-09-24T17:44:24.758Z,2026-09-24T17:45:18.699Z,7x100 19x200 28x50
6ab561ceb966fa02520f1917,Lightning Roulette,27,Vermelho,Impar,2026-09-24 14:45:50,2026-09-24T17:44:59.783Z,2026-09-24T17:45:50.155Z,5x50 9x100 14x100 19x100 24x100
6ab561ceb966fa02520f1918,Immersive Roulette,36,Vermelho,Par,2026-09-24 14:45:50,2026-09-24T17:45:02.782Z,2026-09-24T17:45:50.575Z,
6ab561d1e50c3756c1fa86aa,Red Door Roulette,12,Vermelho,Par,2026-09-24 14:45:51,2026-09-24T17:44:55.658Z,2026-09-24T17:45:51.620Z,22x1 5x1 27x1 2x1 3x2 28x1
6ab561e1b966fa02520f191c,Gold Vault Roulette,19,Vermelho,Impar,2026-09-24 14:46:09,2026-09-24T17:45:19.848Z,2026-09-24T17:46:09.595Z,0x50 11x50 18x150 21x150 24x100 26x50 30x100 34x50
6ab561e4b966fa02520f191d,XXXtreme Lightning Roulette,26,Preto,Par,2026-09-24 14:46:12,2026-09-24T17:45:21.750Z,2026-09-24T17:46:12.174Z,0x600 12x100 18x50 20x500 22x100 28x100 36x100
6ab561fbb966fa02520f1920,Lightning Roulette,32,Vermelho,Par,2026-09-24 14:46:35,2026-09-24T17:45:53.252Z,2026-09-24T17:46:35.155Z,30x100 33x100 36x50
6ab56202b966fa02520f1921,Immersive Roulette,17,Preto,Impar,2026-09-24 14:46:42,2026-09-24T17:45:53.639Z,2026-09-24T17:46:42.274Z,
6ab5620de50c3756c1fa86ad,Red Door Roulette,11,Preto,Impar,2026-09-24 14:46:51,2026-09-24T17:45:54.741Z,2026-09-24T17:46:51.128Z,34x1 12x1 8x1 15x7 35x1 1x1 27x1 18x1 7x1
6ab56215b966fa02520f1923,Gold Vault Roulette,15,Preto,Impar,2026-09-24 14:47:01,2026-09-24T17:46:12.694Z,2026-09-24T17:47:01.670Z,3x100 5x50 24x50 34x100 36x50
6ab56215b966fa02520f1924,XXXtreme Lightning Roulette,12,Vermelho,Par,2026-09-24 14:47:01,2026-09-24T17:46:15.271Z,2026-09-24T17:47:01.689Z,24x100 25x50
6ab5622ab966fa02520f1927,Auto Roulette,15,Preto,Impar,2026-09-24 14:47:21,2026-09-24T17:46:40.731Z,2026-09-24T17:47:21.670Z,
6ab5622eb966fa02520f1928,Lightning Roulette,22,Preto,Par,2026-09-24 14:47:26,2026-09-24T17:46:38.247Z,2026-09-24T17:47:26.668Z,0x50 25x100 28x100
6ab56235b966fa02520f1929,Immersive Roulette,23,Vermelho,Impar,2026-09-24 14:47:33,2026-09-24T17:46:45.350Z,2026-09-24T17:47:33.125Z,
6ab5624749081f6ae4e4f3c2,Red Door Roulette,24,Preto,Par,2026-09-24 14:47:51,2026-09-24T17:46:54.271Z,2026-09-24T17:47:51.135Z,22x1 27x1 28x1 30x1 31x1 32x1 34x1 35x1
6ab56249b966fa02520f192c,XXXtreme Lightning Roulette,8,Preto,Par,2026-09-24 14:47:53,2026-09-24T17:47:04.776Z,2026-09-24T17:47:53.692Z,10x100 15x100 21x100
6ab5624cb966fa02520f192d,Gold Vault Roulette,18,Vermelho,Par,2026-09-24 14:47:56,2026-09-24T17:47:04.776Z,2026-09-24T17:47:56.585Z,4x150 11x100 14x50 22x100 36x50
6ab56254b966fa02520f192f,Auto Roulette,0,Verde,None,2026-09-24 14:48:03,2026-09-24T17:47:24.780Z,2026-09-24T17:48:03.672Z,
6ab5625eb966fa02520f1931,Lightning Roulette,2,Preto,Par,2026-09-24 14:48:14,2026-09-24T17:47:29.826Z,2026-09-24T17:48:14.654Z,2x50 12x100 28x100
6ab5626cb966fa02520f1935,Immersive Roulette,30,Vermelho,Par,2026-09-24 14:48:28,2026-09-24T17:47:36.199Z,2026-09-24T17:48:28.003Z,
6ab5627cb966fa02520f1936,XXXtreme Lightning Roulette,2,Preto,Par,2026-09-24 14:48:44,2026-09-24T17:47:56.778Z,2026-09-24T17:48:44.184Z,6x100 7x50 11x50 25x200 26x50 30x100 35x1500
6ab5627fb966fa02520f1937,Auto Roulette,33,Preto,Impar,2026-09-24 14:48:47,2026-09-24T17:48:06.782Z,2026-09-24T17:48:47.196Z,
6ab56280b966fa02520f1938,Gold Vault Roulette,28,Preto,Par,2026-09-24 14:48:47,2026-09-24T17:47:59.711Z,2026-09-24T17:48:47.867Z,3x50 5x100 6x50 7x100 8x50 12x50 13x100 24x50
6ab5628349081f6ae4e4f3c6,Red Door Roulette,27,Vermelho,Impar,2026-09-24 14:48:50,2026-09-24T17:47:54.271Z,2026-09-24T17:48:50.643Z,4x3 5x1 10x1 12x1 16x1 19x1 28x1 33x1
6ab5628eb966fa02520f193a,Lightning Roulette,2,Preto,Par,2026-09-24 14:49:02,2026-09-24T17:48:17.742Z,2026-09-24T17:49:02.146Z,3x100 29x50
6ab5629cb966fa02520f193b,Immersive Roulette,7,Vermelho,Impar,2026-09-24 14:49:16,2026-09-24T17:48:31.084Z,2026-09-24T17:49:16.071Z,
6ab562a7b966fa02520f193c,Auto Roulette,34,Vermelho,Par,2026-09-24 14:49:27,2026-09-24T17:48:50.270Z,2026-09-24T17:49:27.259Z,
6ab562aab966fa02520f193f,XXXtreme Lightning Roulette,13,Preto,Impar,2026-09-24 14:49:29,2026-09-24T17:48:47.280Z,2026-09-24T17:49:29.705Z,2x100 3x600 14x100
6ab562bbb966fa02520f1941,Lightning Roulette,25,Vermelho,Impar,2026-09-24 14:49:47,2026-09-24T17:49:05.232Z,2026-09-24T17:49:47.682Z,1x100 9x150 17x50
6ab562bc49081f6ae4e4f3ca,Red Door Roulette,20,Preto,Par,2026-09-24 14:49:48,2026-09-24T17:48:53.797Z,2026-09-24T17:49:48.134Z,13x1 17x3 22x1 23x1 27x1 29x1 32x1 33x1 34x1
6ab562d1b966fa02520f1943,Immersive Roulette,33,Preto,Impar,2026-09-24 14:50:08,2026-09-24T17:49:19.152Z,2026-09-24T17:50:08.930Z,
6ab562d3b966fa02520f1944,Auto Roulette,12,Vermelho,Par,2026-09-24 14:50:10,2026-09-24T17:49:30.390Z,2026-09-24T17:50:10.684Z,
6ab562ddb966fa02520f1946,XXXtreme Lightning Roulette,2,Preto,Par,2026-09-24 14:50:21,2026-09-24T17:49:32.795Z,2026-09-24T17:50:21.197Z,0x100 3x50 10x100 30x100 35x100
6ab562eab966fa02520f1948,Gold Vault Roulette,3,Vermelho,Impar,2026-09-24 14:50:34,2026-09-24T17:49:46.263Z,2026-09-24T17:50:34.473Z,1x100 2x100 15x50 17x50 28x50 29x100 32x50
6ab562edb966fa02520f1949,Lightning Roulette,26,Preto,Par,2026-09-24 14:50:37,2026-09-24T17:49:50.783Z,2026-09-24T17:50:37.173Z,0x100 26x50 36x150
6ab562fa49081f6ae4e4f3ce,Red Door Roulette,7,Vermelho,Impar,2026-09-24 14:50:49,2026-09-24T17:49:51.256Z,2026-09-24T17:50:49.634Z,1x5 2x1 15x1 21x1 22x1 24x1 27x1 30x4
6ab562fdb966fa02520f194b,Auto Roulette,24,Preto,Par,2026-09-24 14:50:53,2026-09-24T17:50:13.756Z,2026-09-24T17:50:53.209Z,
6ab56306b966fa02520f194d,Immersive Roulette,36,Vermelho,Par,2026-09-24 14:51:02,2026-09-24T17:50:11.985Z,2026-09-24T17:51:02.232Z,
6ab56312b966fa02520f194e,XXXtreme Lightning Roulette,36,Vermelho,Par,2026-09-24 14:51:14,2026-09-24T17:50:24.294Z,2026-09-24T17:51:14.221Z,0x100 23x200
6ab5631bb966fa02520f194f,Gold Vault Roulette,12,Vermelho,Par,2026-09-24 14:51:23,2026-09-24T17:50:37.586Z,2026-09-24T17:51:23.767Z,4x50 23x50 24x100 27x50 29x50
6ab56323b966fa02520f1950,Lightning Roulette,1,Vermelho,Impar,2026-09-24 14:51:31,2026-09-24T17:50:40.283Z,2026-09-24T17:51:31.177Z,18x50 32x50 34x100
6ab5632cb966fa02520f1951,Auto Roulette,27,Vermelho,Impar,2026-09-24 14:51:39,2026-09-24T17:50:56.264Z,2026-09-24T17:51:39.688Z,
6ab5633549081f6ae4e4f3d0,Red Door Roulette,22,Preto,Par,2026-09-24 14:51:48,2026-09-24T17:50:52.765Z,2026-09-24T17:51:48.634Z,4x7 6x1 15x1 33x1
6ab56338b966fa02520f1955,Immersive Roulette,20,Preto,Par,2026-09-24 14:51:51,2026-09-24T17:51:05.301Z,2026-09-24T17:51:51.896Z,
6ab56348b966fa02520f1956,XXXtreme Lightning Roulette,30,Vermelho,Par,2026-09-24 14:52:07,2026-09-24T17:51:17.296Z,2026-09-24T17:52:07.738Z,9x50 36x200
6ab56351b966fa02520f1957,Gold Vault Roulette,25,Vermelho,Impar,2026-09-24 14:52:17,2026-09-24T17:51:26.867Z,2026-09-24T17:52:17.467Z,5x50 11x50 13x50 16x50 18x50 19x50 20x50 21x100 32x50 36x50
6ab56356b966fa02520f1958,Auto Roulette,7,Vermelho,Impar,2026-09-24 14:52:22,2026-09-24T17:51:42.783Z,2026-09-24T17:52:22.249Z,
6ab56359b966fa02520f1959,Lightning Roulette,22,Preto,Par,2026-09-24 14:52:22,2026-09-24T17:51:34.337Z,2026-09-24T17:52:22.642Z,13x200 32x100
6ab5636ab966fa02520f195c,Immersive Roulette,11,Preto,Impar,2026-09-24 14:52:42,2026-09-24T17:51:54.985Z,2026-09-24T17:52:42.344Z,
6ab5636f49081f6ae4e4f3d3,Red Door Roulette,23,Vermelho,Impar,2026-09-24 14:52:46,2026-09-24T17:51:51.763Z,2026-09-24T17:52:46.644Z,2x1 8x1 11x1 16x3 24x1 27x1 32x1 36x1
6ab56380b966fa02520f195e,Auto Roulette,17,Preto,Impar,2026-09-24 14:53:03,2026-09-24T17:52:25.303Z,2026-09-24T17:53:03.682Z,
6ab56380b966fa02520f195f,XXXtreme Lightning Roulette,30,Vermelho,Par,2026-09-24 14:53:04,2026-09-24T17:52:10.817Z,2026-09-24T17:53:04.233Z,17x100 32x50 35x100
6ab56384b966fa02520f1960,Gold Vault Roulette,18,Vermelho,Par,2026-09-24 14:53:07,2026-09-24T17:52:20.541Z,2026-09-24T17:53:07.953Z,0x50 7x100 19x50 29x50 35x50
6ab56387b966fa02520f1962,Lightning Roulette,12,Vermelho,Par,2026-09-24 14:53:09,2026-09-24T17:52:25.845Z,2026-09-24T17:53:09.141Z,18x100 2x50 31x300
6ab5639bb966fa02520f1964,Immersive Roulette,4,Preto,Par,2026-09-24 14:53:31,2026-09-24T17:52:45.409Z,2026-09-24T17:53:31.219Z,
6ab563a749081f6ae4e4f3d5,Red Door Roulette,20,Preto,Par,2026-09-24 14:53:43,2026-09-24T17:52:49.739Z,2026-09-24T17:53:43.141Z,12x1 15x1 27x1 28x1 29x1
6ab563abb966fa02520f1965,Auto Roulette,26,Preto,Par,2026-09-24 14:53:46,2026-09-24T17:53:06.751Z,2026-09-24T17:53:46.693Z,
6ab563b3b966fa02520f1968,Gold Vault Roulette,8,Preto,Par,2026-09-24 14:53:55,2026-09-24T17:53:11.071Z,2026-09-24T17:53:55.665Z,1x50 4x50 15x50 20x50 28x150
6ab563b6b966fa02520f1969,XXXtreme Lightning Roulette,13,Preto,Impar,2026-09-24 14:53:58,2026-09-24T17:53:07.307Z,2026-09-24T17:53:58.233Z,0x100 5x50 19x50
6ab563b6b966fa02520f196a,Lightning Roulette,11,Preto,Impar,2026-09-24 14:53:58,2026-09-24T17:53:12.270Z,2026-09-24T17:53:58.672Z,12x500 23x100
6ab563d1b966fa02520f196b,Immersive Roulette,4,Preto,Par,2026-09-24 14:54:25,2026-09-24T17:53:34.323Z,2026-09-24T17:54:25.327Z,
6ab563d6b966fa02520f196c,Auto Roulette,16,Vermelho,Par,2026-09-24 14:54:30,2026-09-24T17:53:49.776Z,2026-09-24T17:54:30.171Z,
6ab563f4b966fa02520f1971,Red Door Roulette,19,Vermelho,Impar,2026-09-24 14:54:40,2026-09-24T17:53:46.249Z,2026-09-24T17:54:40.668Z,1x1 9x1 14x1 20x1 25x4 30x1 34x1
6ab563f4e50c3756c1fa86c1,Lightning Roulette,3,Vermelho,Impar,2026-09-24 14:54:43,2026-09-24T17:54:01.771Z,2026-09-24T17:54:43.149Z,11x50 20x50 34x50
6ab563f51caeb5d409c3d4c4,Gold Vault Roulette,31,Preto,Impar,2026-09-24 14:54:43,2026-09-24T17:53:58.787Z,2026-09-24T17:54:43.363Z,3x50 9x150 20x50 27x50 29x50 32x100 33x50
6ab563f4e50c3756c1fa86c2,XXXtreme Lightning Roulette,29,Preto,Impar,2026-09-24 14:54:48,2026-09-24T17:54:01.327Z,2026-09-24T17:54:48.269Z,12x100 14x50
6ab563fe1caeb5d409c3d4c5,Auto Roulette,35,Preto,Impar,2026-09-24 14:55:09,2026-09-24T17:54:33.268Z,2026-09-24T17:55:09.691Z,
6ab564021caeb5d409c3d4c7,Immersive Roulette,10,Preto,Par,2026-09-24 14:55:13,2026-09-24T17:54:28.451Z,2026-09-24T17:55:13.776Z,
6ab5640f1caeb5d409c3d4c9,Gold Vault Roulette,26,Preto,Par,2026-09-24 14:55:27,2026-09-24T17:54:46.427Z,2026-09-24T17:55:27.039Z,1x150 6x100 12x100 19x50 22x50 23x100 34x50 35x50
6ab564121caeb5d409c3d4ca,Lightning Roulette,2,Preto,Par,2026-09-24 14:55:29,2026-09-24T17:54:46.282Z,2026-09-24T17:55:29.666Z,18x150 24x50 27x50
6ab5641a1caeb5d409c3d4cb,XXXtreme Lightning Roulette,32,Vermelho,Par,2026-09-24 14:55:38,2026-09-24T17:54:51.369Z,2026-09-24T17:55:38.252Z,9x100 17x100 18x100 23x700 26x150 27x50 32x50
6ab564291caeb5d409c3d4cd,Auto Roulette,2,Preto,Par,2026-09-24 14:55:52,2026-09-24T17:55:12.768Z,2026-09-24T17:55:52.684Z,
6ab564321caeb5d409c3d4ce,Immersive Roulette,9,Vermelho,Impar,2026-09-24 14:56:01,2026-09-24T17:55:16.896Z,2026-09-24T17:56:01.821Z,
6ab5643f1caeb5d409c3d4d0,Lightning Roulette,15,Preto,Impar,2026-09-24 14:56:14,2026-09-24T17:55:32.754Z,2026-09-24T17:56:14.655Z,1x150 24x100 35x50
6ab564421caeb5d409c3d4d1,Gold Vault Roulette,15,Preto,Impar,2026-09-24 14:56:18,2026-09-24T17:55:30.161Z,2026-09-24T17:56:18.330Z,3x50 5x50 9x50 11x100 12x50 16x50 22x50 24x50 32x50 33x50 34x50
6ab5644f1caeb5d409c3d4d2,XXXtreme Lightning Roulette,28,Preto,Par,2026-09-24 14:56:31,2026-09-24T17:55:41.330Z,2026-09-24T17:56:31.241Z,8x100 26x50
6ab564521caeb5d409c3d4d3,Auto Roulette,9,Vermelho,Impar,2026-09-24 14:56:34,2026-09-24T17:55:55.776Z,2026-09-24T17:56:34.199Z,
6ab56456b966fa02520f197a,Red Door Roulette,17,Preto,Impar,2026-09-24 14:56:38,2026-09-24T17:54:43.788Z,2026-09-24T17:56:38.127Z,10x1 12x1 14x1 17x1 18x1 19x1 25x1 31x1 33x1 36x1
6ab564611caeb5d409c3d4d6,Immersive Roulette,28,Preto,Par,2026-09-24 14:56:49,2026-09-24T17:56:04.878Z,2026-09-24T17:56:49.081Z,
6ab5646f1caeb5d409c3d4d8,Lightning Roulette,26,Preto,Par,2026-09-24 14:57:02,2026-09-24T17:56:17.754Z,2026-09-24T17:57:02.673Z,17x200 36x50
6ab5648d1caeb5d409c3d4da,Auto Roulette,30,Vermelho,Par,2026-09-24 14:57:18,2026-09-24T17:56:37.295Z,2026-09-24T17:57:18.211Z,
6ab5648d1caeb5d409c3d4db,XXXtreme Lightning Roulette,31,Preto,Impar,2026-09-24 14:57:20,2026-09-24T17:56:34.334Z,2026-09-24T17:57:20.742Z,3x100 17x300 19x100 22x200 30x100 31x100 34x50
6ab564941caeb5d409c3d4dd,Immersive Roulette,14,Vermelho,Par,2026-09-24 14:57:40,2026-09-24T17:56:52.145Z,2026-09-24T17:57:40.006Z,
6ab5649d1caeb5d409c3d4de,Lightning Roulette,20,Preto,Par,2026-09-24 14:57:49,2026-09-24T17:57:05.763Z,2026-09-24T17:57:49.159Z,11x50 22x50 32x100 35x50
6ab5649f1caeb5d409c3d4df,Gold Vault Roulette,15,Preto,Impar,2026-09-24 14:57:50,2026-09-24T17:57:08.764Z,2026-09-24T17:57:50.545Z,5x50 6x50 9x50 12x50 16x50 17x100 18x50 19x50 23x100 28x50 30x50 36x50
6ab564a61caeb5d409c3d4e1,Auto Roulette,20,Preto,Par,2026-09-24 14:57:58,2026-09-24T17:57:21.313Z,2026-09-24T17:57:58.181Z,
6ab564b61caeb5d409c3d4e3,XXXtreme Lightning Roulette,13,Preto,Impar,2026-09-24 14:58:13,2026-09-24T17:57:23.823Z,2026-09-24T17:58:13.752Z,19x50 31x100 33x50
6ab564c31caeb5d409c3d4e5,Immersive Roulette,34,Vermelho,Par,2026-09-24 14:58:27,2026-09-24T17:57:43.096Z,2026-09-24T17:58:27.206Z,
6ab564cc1caeb5d409c3d4e7,Lightning Roulette,34,Vermelho,Par,2026-09-24 14:58:36,2026-09-24T17:57:52.300Z,2026-09-24T17:58:36.649Z,5x50 15x300 26x100 33x100
6ab564ceb966fa02520f1984,Red Door Roulette,13,Preto,Impar,2026-09-24 14:58:38,2026-09-24T17:56:39.233Z,2026-09-24T17:58:38.333Z,2x1 10x3 12x1 13x1 14x1 18x1 25x1 28x1 29x1 32x1
6ab564cf1caeb5d409c3d4e9,Gold Vault Roulette,36,Vermelho,Par,2026-09-24 14:58:39,2026-09-24T17:57:53.656Z,2026-09-24T17:58:39.070Z,0x100 7x100 9x50 10x50 19x50 24x50 27x50
6ab564d31caeb5d409c3d4ea,Auto Roulette,14,Vermelho,Par,2026-09-24 14:58:42,2026-09-24T17:58:01.254Z,2026-09-24T17:58:42.685Z,
6ab564e81caeb5d409c3d4ed,XXXtreme Lightning Roulette,7,Vermelho,Impar,2026-09-24 14:59:04,2026-09-24T17:58:16.836Z,2026-09-24T17:59:04.246Z,25x700
6ab564f31caeb5d409c3d4f0,Immersive Roulette,2,Preto,Par,2026-09-24 14:59:15,2026-09-24T17:58:30.290Z,2026-09-24T17:59:15.664Z,
6ab564fb1caeb5d409c3d4f1,Auto Roulette,1,Vermelho,Impar,2026-09-24 14:59:23,2026-09-24T17:58:45.790Z,2026-09-24T17:59:23.182Z,
6ab564fd1caeb5d409c3d4f2,Lightning Roulette,11,Preto,Impar,2026-09-24 14:59:24,2026-09-24T17:58:39.759Z,2026-09-24T17:59:24.658Z,5x200 6x100 21x100
6ab564fe1caeb5d409c3d4f3,Gold Vault Roulette,27,Vermelho,Impar,2026-09-24 14:59:25,2026-09-24T17:58:42.176Z,2026-09-24T17:59:25.956Z,2x50 11x100 13x100 24x50 28x50 31x50 33x50
6ab5650ab966fa02520f1989,Red Door Roulette,32,Vermelho,Par,2026-09-24 14:59:38,2026-09-24T17:58:39.424Z,2026-09-24T17:59:38.144Z,1x1 6x3 7x1 8x1 20x1 25x1 30x1
6ab565161caeb5d409c3d4f4,XXXtreme Lightning Roulette,26,Preto,Par,2026-09-24 14:59:50,2026-09-24T17:59:07.340Z,2026-09-24T17:59:50.276Z,10x100 13x100 31x50
6ab5652b1caeb5d409c3d4f5,Auto Roulette,32,Vermelho,Par,2026-09-24 15:00:11,2026-09-24T17:59:26.277Z,2026-09-24T18:00:11.160Z,
6ab5652e1caeb5d409c3d4f6,Lightning Roulette,18,Vermelho,Par,2026-09-24 15:00:14,2026-09-24T17:59:27.784Z,2026-09-24T18:00:14.669Z,24x150 33x100 34x100
6ab56545b966fa02520f198d,Red Door Roulette,13,Preto,Impar,2026-09-24 15:00:37,2026-09-24T17:59:41.233Z,2026-09-24T18:00:37.149Z,0x1 1x1 4x2 10x1 18x1 25x1 28x1
6ab565491caeb5d409c3d4fa,XXXtreme Lightning Roulette,9,Vermelho,Impar,2026-09-24 15:00:41,2026-09-24T17:59:53.352Z,2026-09-24T18:00:41.288Z,3x50 17x100 25x100 26x200 32x100
6ab565551caeb5d409c3d4fb,Auto Roulette,7,Vermelho,Impar,2026-09-24 15:00:52,2026-09-24T18:00:14.271Z,2026-09-24T18:00:52.691Z,
6ab565591caeb5d409c3d4fc,Immersive Roulette,22,Preto,Par,2026-09-24 15:00:57,2026-09-24T18:00:08.405Z,2026-09-24T18:00:57.039Z,
6ab565601caeb5d409c3d4ff,Lightning Roulette,12,Vermelho,Par,2026-09-24 15:01:04,2026-09-24T18:00:17.787Z,2026-09-24T18:01:04.167Z,34x50
6ab565621caeb5d409c3d500,Gold Vault Roulette,26,Preto,Par,2026-09-24 15:01:06,2026-09-24T18:00:18.709Z,2026-09-24T18:01:06.094Z,1x50 3x150 5x50 6x50 10x150 14x100 22x50 30x50
6ab5657e1caeb5d409c3d504,XXXtreme Lightning Roulette,12,Vermelho,Par,2026-09-24 15:01:33,2026-09-24T18:00:44.381Z,2026-09-24T18:01:33.770Z,7x100 11x50 14x50 17x100 25x50 27x100
6ab56580b966fa02520f1991,Red Door Roulette,34,Vermelho,Par,2026-09-24 15:01:36,2026-09-24T18:00:40.334Z,2026-09-24T18:01:36.164Z,17x1 20x5 23x1 25x1 26x1 30x1 32x1
6ab565801caeb5d409c3d505,Auto Roulette,4,Preto,Par,2026-09-24 15:01:36,2026-09-24T18:00:55.764Z,2026-09-24T18:01:36.181Z,
6ab565881caeb5d409c3d508,Immersive Roulette,32,Vermelho,Par,2026-09-24 15:01:44,2026-09-24T18:01:00.114Z,2026-09-24T18:01:44.731Z,
6ab5658d1caeb5d409c3d509,Lightning Roulette,5,Vermelho,Impar,2026-09-24 15:01:49,2026-09-24T18:01:07.292Z,2026-09-24T18:01:49.160Z,7x100 18x50 25x100
6ab565931caeb5d409c3d50a,Gold Vault Roulette,5,Vermelho,Impar,2026-09-24 15:01:55,2026-09-24T18:01:09.195Z,2026-09-24T18:01:55.410Z,0x50 1x50 3x50 15x50 22x50 25x50
6ab565aa1caeb5d409c3d50d,Auto Roulette,12,Vermelho,Par,2026-09-24 15:02:18,2026-09-24T18:01:39.263Z,2026-09-24T18:02:18.173Z,
6ab565b31caeb5d409c3d50f,XXXtreme Lightning Roulette,12,Vermelho,Par,2026-09-24 15:02:27,2026-09-24T18:01:36.852Z,2026-09-24T18:02:27.269Z,3x600 12x50 26x150 30x150
6ab565b9b966fa02520f1997,Red Door Roulette,16,Vermelho,Par,2026-09-24 15:02:33,2026-09-24T18:01:39.286Z,2026-09-24T18:02:33.148Z,7x1 24x1 29x2 30x1 31x1
6ab565ba1caeb5d409c3d510,Lightning Roulette,9,Vermelho,Impar,2026-09-24 15:02:34,2026-09-24T18:01:52.278Z,2026-09-24T18:02:34.669Z,7x150 18x150 20x50 30x100
6ab565bb1caeb5d409c3d511,Immersive Roulette,0,Verde,None,2026-09-24 15:02:35,2026-09-24T18:01:47.795Z,2026-09-24T18:02:35.578Z,
6ab565be1caeb5d409c3d513,Gold Vault Roulette,34,Vermelho,Par,2026-09-24 15:02:38,2026-09-24T18:01:58.571Z,2026-09-24T18:02:38.324Z,1x50 5x50 6x50 14x50 23x50 24x50 30x150 33x50 34x50
6ab565da1caeb5d409c3d516,Auto Roulette,13,Preto,Impar,2026-09-24 15:03:06,2026-09-24T18:02:21.244Z,2026-09-24T18:03:06.197Z,
6ab565e91caeb5d409c3d517,Lightning Roulette,13,Preto,Impar,2026-09-24 15:03:21,2026-09-24T18:02:37.795Z,2026-09-24T18:03:21.157Z,1x150 15x50
6ab565ec1caeb5d409c3d518,XXXtreme Lightning Roulette,16,Vermelho,Par,2026-09-24 15:03:23,2026-09-24T18:02:30.368Z,2026-09-24T18:03:23.797Z,21x100 32x150 33x100
6ab565ee1caeb5d409c3d519,Immersive Roulette,25,Vermelho,Impar,2026-09-24 15:03:25,2026-09-24T18:02:38.662Z,2026-09-24T18:03:25.643Z,
6ab565f11caeb5d409c3d51a,Gold Vault Roulette,11,Preto,Impar,2026-09-24 15:03:29,2026-09-24T18:02:41.394Z,2026-09-24T18:03:29.229Z,4x50 14x50 19x50 20x50 25x50 33x50
6ab565f4b966fa02520f199b,Red Door Roulette,24,Preto,Par,2026-09-24 15:03:32,2026-09-24T18:02:36.270Z,2026-09-24T18:03:32.162Z,4x1 8x1 9x1 10x7 12x1 15x1 22x1 26x1 32x1 33x1
6ab5660a1caeb5d409c3d51e,Auto Roulette,18,Vermelho,Par,2026-09-24 15:03:54,2026-09-24T18:03:09.264Z,2026-09-24T18:03:54.180Z,
6ab5661b1caeb5d409c3d51f,Lightning Roulette,31,Preto,Impar,2026-09-24 15:04:11,2026-09-24T18:03:24.254Z,2026-09-24T18:04:11.679Z,1x50 19x100 24x100
6ab566201caeb5d409c3d521,XXXtreme Lightning Roulette,8,Preto,Par,2026-09-24 15:04:15,2026-09-24T18:03:26.866Z,2026-09-24T18:04:15.793Z,8x100 24x50 25x100 32x1000
6ab566231caeb5d409c3d522,Immersive Roulette,24,Preto,Par,2026-09-24 15:04:19,2026-09-24T18:03:28.696Z,2026-09-24T18:04:19.315Z,
6ab56633b966fa02520f19a0,Red Door Roulette,25,Vermelho,Impar,2026-09-24 15:04:34,2026-09-24T18:03:35.263Z,2026-09-24T18:04:34.655Z,0x1 3x1 9x1 12x1 22x1 26x1 34x2 36x2
6ab5663b1caeb5d409c3d524,Auto Roulette,17,Preto,Impar,2026-09-24 15:04:42,2026-09-24T18:03:57.228Z,2026-09-24T18:04:42.688Z,
6ab566521caeb5d409c3d526,Lightning Roulette,12,Vermelho,Par,2026-09-24 15:05:06,2026-09-24T18:04:14.786Z,2026-09-24T18:05:06.665Z,10x200 12x100 13x100
6ab566531caeb5d409c3d527,Immersive Roulette,14,Vermelho,Par,2026-09-24 15:05:06,2026-09-24T18:04:22.377Z,2026-09-24T18:05:06.953Z,
6ab566571caeb5d409c3d528,Gold Vault Roulette,11,Preto,Impar,2026-09-24 15:05:11,2026-09-24T18:04:20.011Z,2026-09-24T18:05:11.016Z,5x50 7x50 8x50 10x100 12x50 16x150 28x50 31x50 33x50 35x50 36x50
6ab566591caeb5d409c3d52a,XXXtreme Lightning Roulette,16,Vermelho,Par,2026-09-24 15:05:13,2026-09-24T18:04:18.878Z,2026-09-24T18:05:13.308Z,9x50 12x50 13x100 17x100 19x1000 23x150 26x100 27x100 34x100 35x100
6ab566651caeb5d409c3d52b,Auto Roulette,7,Vermelho,Impar,2026-09-24 15:05:25,2026-09-24T18:04:45.738Z,2026-09-24T18:05:25.180Z,
6ab5666eb966fa02520f19a6,Red Door Roulette,21,Vermelho,Impar,2026-09-24 15:05:34,2026-09-24T18:04:37.807Z,2026-09-24T18:05:34.158Z,0x2 2x1 6x1 8x3 10x1 13x1 16x1 18x1 20x1 23x1 26x1 27x1 28x1 30x1
6ab566821caeb5d409c3d52e,Lightning Roulette,32,Vermelho,Par,2026-09-24 15:05:54,2026-09-24T18:05:09.764Z,2026-09-24T18:05:54.160Z,26x50
6ab566851caeb5d409c3d52f,Immersive Roulette,13,Preto,Impar,2026-09-24 15:05:57,2026-09-24T18:05:10.030Z,2026-09-24T18:05:57.435Z,
6ab566861caeb5d409c3d530,Gold Vault Roulette,14,Vermelho,Par,2026-09-24 15:05:57,2026-09-24T18:05:14.159Z,2026-09-24T18:05:57.889Z,5x50 9x50 13x100 17x50 32x50 34x50
6ab5668a1caeb5d409c3d531,XXXtreme Lightning Roulette,23,Vermelho,Impar,2026-09-24 15:06:01,2026-09-24T18:05:16.398Z,2026-09-24T18:06:01.800Z,17x150 23x100 26x100
6ab566921caeb5d409c3d532,Auto Roulette,35,Preto,Impar,2026-09-24 15:06:10,2026-09-24T18:05:28.302Z,2026-09-24T18:06:10.196Z,
6ab566a8b966fa02520f19aa,Red Door Roulette,25,Vermelho,Impar,2026-09-24 15:06:31,2026-09-24T18:05:37.285Z,2026-09-24T18:06:31.657Z,0x1 4x1 5x1 6x1 13x1 15x1 24x1 26x1 30x1 33x1
6ab566b51caeb5d409c3d535,Lightning Roulette,18,Vermelho,Par,2026-09-24 15:06:44,2026-09-24T18:05:57.306Z,2026-09-24T18:06:44.667Z,11x300 12x50 30x50
6ab566b61caeb5d409c3d536,Immersive Roulette,2,Preto,Par,2026-09-24 15:06:45,2026-09-24T18:06:00.511Z,2026-09-24T18:06:45.485Z,
6ab566b61caeb5d409c3d537,Gold Vault Roulette,29,Preto,Impar,2026-09-24 15:06:46,2026-09-24T18:06:01.007Z,2026-09-24T18:06:46.838Z,3x50 8x100 10x50 11x50 15x100 17x150 28x50 30x100 35x50 36x50
6ab566bd1caeb5d409c3d538,Auto Roulette,1,Vermelho,Impar,2026-09-24 15:06:52,2026-09-24T18:06:13.310Z,2026-09-24T18:06:52.678Z,
6ab566c11caeb5d409c3d53a,XXXtreme Lightning Roulette,20,Preto,Par,2026-09-24 15:06:57,2026-09-24T18:06:04.895Z,2026-09-24T18:06:57.293Z,21x50 23x1000
6ab566e1b966fa02520f19ae,Red Door Roulette,35,Preto,Impar,2026-09-24 15:07:28,2026-09-24T18:06:34.772Z,2026-09-24T18:07:28.638Z,6x1 8x7 9x2 11x1 22x2 23x1 29x1 31x3
6ab566e41caeb5d409c3d53d,Lightning Roulette,13,Preto,Impar,2026-09-24 15:07:32,2026-09-24T18:06:47.768Z,2026-09-24T18:07:32.669Z,6x50 10x150 24x50
6ab566e71caeb5d409c3d53e,Immersive Roulette,3,Vermelho,Impar,2026-09-24 15:07:34,2026-09-24T18:06:48.561Z,2026-09-24T18:07:34.776Z,
6ab566e91caeb5d409c3d53f,Gold Vault Roulette,10,Preto,Par,2026-09-24 15:07:36,2026-09-24T18:06:49.972Z,2026-09-24T18:07:36.933Z,5x50 10x50 23x50 24x50 33x50 34x50 35x50
6ab566eb1caeb5d409c3d540,Auto Roulette,15,Preto,Impar,2026-09-24 15:07:39,2026-09-24T18:06:55.747Z,2026-09-24T18:07:39.205Z,
6ab566f41caeb5d409c3d541,XXXtreme Lightning Roulette,9,Vermelho,Impar,2026-09-24 15:07:47,2026-09-24T18:07:00.388Z,2026-09-24T18:07:47.806Z,1x1000 2x100 5x700 8x200 15x500 17x100 36x100
6ab567131caeb5d409c3d543,Immersive Roulette,33,Preto,Impar,2026-09-24 15:08:18,2026-09-24T18:07:37.878Z,2026-09-24T18:08:18.869Z,
6ab567171caeb5d409c3d544,Lightning Roulette,4,Preto,Par,2026-09-24 15:08:22,2026-09-24T18:07:35.782Z,2026-09-24T18:08:22.666Z,9x100 11x50 13x300 17x200 30x200
6ab567181caeb5d409c3d545,Gold Vault Roulette,30,Vermelho,Par,2026-09-24 15:08:24,2026-09-24T18:07:40.011Z,2026-09-24T18:08:24.592Z,13x100 14x50 19x50 26x50 36x100
6ab567191caeb5d409c3d546,Auto Roulette,12,Vermelho,Par,2026-09-24 15:08:24,2026-09-24T18:07:42.293Z,2026-09-24T18:08:24.683Z,
6ab5671bb966fa02520f19b4,Red Door Roulette,36,Vermelho,Par,2026-09-24 15:08:26,2026-09-24T18:07:31.756Z,2026-09-24T18:08:26.647Z,2x1 3x1 6x1 10x2 11x1 18x1 22x1 24x1 25x7 26x1 29x1 35x1
6ab567261caeb5d409c3d547,XXXtreme Lightning Roulette,22,Preto,Par,2026-09-24 15:08:38,2026-09-24T18:07:50.891Z,2026-09-24T18:08:38.316Z,4x100 7x100 10x100 23x600 34x600
6ab567451caeb5d409c3d549,Immersive Roulette,21,Vermelho,Impar,2026-09-24 15:09:09,2026-09-24T18:08:21.990Z,2026-09-24T18:09:09.748Z,
6ab567461caeb5d409c3d54a,Lightning Roulette,34,Vermelho,Par,2026-09-24 15:09:10,2026-09-24T18:08:25.805Z,2026-09-24T18:09:10.677Z,30x500 35x100
6ab567481caeb5d409c3d54b,Auto Roulette,14,Vermelho,Par,2026-09-24 15:09:12,2026-09-24T18:08:27.793Z,2026-09-24T18:09:12.170Z,
6ab5674d1caeb5d409c3d54c,Gold Vault Roulette,11,Preto,Impar,2026-09-24 15:09:17,2026-09-24T18:08:27.703Z,2026-09-24T18:09:17.127Z,0x500 2x50 5x50 6x100 7x50 9x50 10x50 13x50 16x50 18x50 27x50 28x50 30x50 31x50
6ab567571caeb5d409c3d54e,XXXtreme Lightning Roulette,1,Vermelho,Impar,2026-09-24 15:09:27,2026-09-24T18:08:41.403Z,2026-09-24T18:09:27.321Z,1x200 29x200 31x100
6ab56758b966fa02520f19b8,Red Door Roulette,7,Vermelho,Impar,2026-09-24 15:09:28,2026-09-24T18:08:29.780Z,2026-09-24T18:09:28.148Z,8x1 12x1 20x1 23x1 25x1 30x1
6ab567701caeb5d409c3d550,Auto Roulette,16,Vermelho,Par,2026-09-24 15:09:51,2026-09-24T18:09:15.235Z,2026-09-24T18:09:51.667Z,
6ab567731caeb5d409c3d551,Immersive Roulette,14,Vermelho,Par,2026-09-24 15:09:55,2026-09-24T18:09:12.850Z,2026-09-24T18:09:55.018Z,
6ab567771caeb5d409c3d552,Lightning Roulette,18,Vermelho,Par,2026-09-24 15:09:59,2026-09-24T18:09:13.827Z,2026-09-24T18:09:59.170Z,10x100 11x50
6ab5677ee50c3756c1fa86e4,Gold Vault Roulette,22,Preto,Par,2026-09-24 15:10:05,2026-09-24T18:09:20.254Z,2026-09-24T18:10:05.590Z,4x50 5x50 1x50 14x50 30x50 3x50
6ab5678fe50c3756c1fa86e6,XXXtreme Lightning Roulette,7,Vermelho,Impar,2026-09-24 15:10:20,2026-09-24T18:09:30.423Z,2026-09-24T18:10:20.313Z,18x150 34x200 5x150
6ab567991caeb5d409c3d556,Auto Roulette,31,Preto,Impar,2026-09-24 15:10:33,2026-09-24T18:09:54.751Z,2026-09-24T18:10:33.179Z,
6ab567a51caeb5d409c3d557,Immersive Roulette,0,Verde,None,2026-09-24 15:10:45,2026-09-24T18:09:58.107Z,2026-09-24T18:10:45.147Z,
6ab567aa1caeb5d409c3d559,Lightning Roulette,35,Preto,Impar,2026-09-24 15:10:49,2026-09-24T18:10:02.285Z,2026-09-24T18:10:49.684Z,0x100 7x200 30x200
6ab567aee50c3756c1fa86e8,Gold Vault Roulette,31,Preto,Impar,2026-09-24 15:10:53,2026-09-24T18:10:08.727Z,2026-09-24T18:10:53.301Z,4x50 15x50 22x50 27x50 18x50 7x100 28x50
6ab567c0e50c3756c1fa86ea,XXXtreme Lightning Roulette,6,Preto,Par,2026-09-24 15:11:08,2026-09-24T18:10:23.428Z,2026-09-24T18:11:08.810Z,14x150 31x50
6ab567c51caeb5d409c3d55e,Auto Roulette,9,Vermelho,Impar,2026-09-24 15:11:16,2026-09-24T18:10:36.236Z,2026-09-24T18:11:16.667Z,
6ab567d1b966fa02520f19c1,Red Door Roulette,22,Preto,Par,2026-09-24 15:11:29,2026-09-24T18:09:31.235Z,2026-09-24T18:11:29.677Z,7x1 14x1 22x1 24x1 36x1
6ab567d31caeb5d409c3d55f,Immersive Roulette,24,Preto,Par,2026-09-24 15:11:31,2026-09-24T18:10:48.241Z,2026-09-24T18:11:31.178Z,
6ab567d61caeb5d409c3d562,Lightning Roulette,7,Vermelho,Impar,2026-09-24 15:11:34,2026-09-24T18:10:52.779Z,2026-09-24T18:11:34.168Z,0x100 11x50 20x350 28x200
6ab567dc1caeb5d409c3d563,Gold Vault Roulette,0,Verde,None,2026-09-24 15:11:40,2026-09-24T18:10:56.413Z,2026-09-24T18:11:40.163Z,6x50 9x100 19x100 20x50 35x50
6ab567ec1caeb5d409c3d566,XXXtreme Lightning Roulette,1,Vermelho,Impar,2026-09-24 15:11:55,2026-09-24T18:11:11.915Z,2026-09-24T18:11:55.836Z,18x50 25x600
6ab567f41caeb5d409c3d567,Auto Roulette,13,Preto,Impar,2026-09-24 15:12:03,2026-09-24T18:11:19.755Z,2026-09-24T18:12:03.679Z,
6ab568051caeb5d409c3d56b,Immersive Roulette,33,Preto,Impar,2026-09-24 15:12:20,2026-09-24T18:11:34.273Z,2026-09-24T18:12:20.865Z,
6ab568081caeb5d409c3d56d,Lightning Roulette,34,Vermelho,Par,2026-09-24 15:12:24,2026-09-24T18:11:37.254Z,2026-09-24T18:12:24.665Z,20x200 32x100 34x100
6ab5680bb966fa02520f19c6,Red Door Roulette,35,Preto,Impar,2026-09-24 15:12:26,2026-09-24T18:11:30.783Z,2026-09-24T18:12:26.675Z,2x1 12x1 17x1 18x1 25x1 27x1
6ab5680f1caeb5d409c3d56e,Gold Vault Roulette,17,Preto,Impar,2026-09-24 15:12:31,2026-09-24T18:11:43.235Z,2026-09-24T18:12:31.423Z,1x50 2x50 4x50 5x150 9x50 12x50 16x50 19x50 20x50 28x150
6ab5681e1caeb5d409c3d570,Auto Roulette,33,Preto,Impar,2026-09-24 15:12:46,2026-09-24T18:12:06.736Z,2026-09-24T18:12:46.192Z,
6ab5681e1caeb5d409c3d571,XXXtreme Lightning Roulette,30,Vermelho,Par,2026-09-24 15:12:46,2026-09-24T18:11:58.923Z,2026-09-24T18:12:46.341Z,1x500 7x700 11x200 36x150
6ab568361caeb5d409c3d575,Immersive Roulette,17,Preto,Impar,2026-09-24 15:13:10,2026-09-24T18:12:23.936Z,2026-09-24T18:13:10.536Z,
6ab5683c1caeb5d409c3d576,Lightning Roulette,23,Vermelho,Impar,2026-09-24 15:13:16,2026-09-24T18:12:27.803Z,2026-09-24T18:13:16.160Z,1x100 7x100
6ab568401caeb5d409c3d578,Gold Vault Roulette,23,Vermelho,Impar,2026-09-24 15:13:19,2026-09-24T18:12:34.496Z,2026-09-24T18:13:19.870Z,1x150 2x100 6x50 10x50 11x500 13x50 24x150 25x100 34x100 36x150
6ab568481caeb5d409c3d57a,Auto Roulette,12,Vermelho,Par,2026-09-24 15:13:27,2026-09-24T18:12:49.271Z,2026-09-24T18:13:27.681Z,
6ab5684e1caeb5d409c3d57b,XXXtreme Lightning Roulette,24,Preto,Par,2026-09-24 15:13:34,2026-09-24T18:12:49.420Z,2026-09-24T18:13:34.348Z,7x100 8x50 14x500
6ab568691caeb5d409c3d57e,Immersive Roulette,12,Vermelho,Par,2026-09-24 15:14:01,2026-09-24T18:13:13.588Z,2026-09-24T18:14:01.410Z,
6ab5686d1caeb5d409c3d57f,Lightning Roulette,31,Preto,Impar,2026-09-24 15:14:04,2026-09-24T18:13:19.283Z,2026-09-24T18:14:04.701Z,7x150 18x50 28x100 29x100
6ab5686e1caeb5d409c3d580,Gold Vault Roulette,35,Preto,Impar,2026-09-24 15:14:06,2026-09-24T18:13:22.954Z,2026-09-24T18:14:06.334Z,13x50 14x50 18x50 19x50 24x50 33x50 35x50 36x50
6ab568721caeb5d409c3d581,Auto Roulette,17,Preto,Impar,2026-09-24 15:14:10,2026-09-24T18:13:30.795Z,2026-09-24T18:14:10.180Z,
6ab568821caeb5d409c3d583,XXXtreme Lightning Roulette,27,Vermelho,Impar,2026-09-24 15:14:25,2026-09-24T18:13:37.447Z,2026-09-24T18:14:25.854Z,5x600 6x50 14x50
6ab56890b966fa02520f19cf,Red Door Roulette,19,Vermelho,Impar,2026-09-24 15:14:40,2026-09-24T18:12:29.811Z,2026-09-24T18:14:40.460Z,2x1 4x1 10x1 17x1 19x7 22x1 27x1 29x1
6ab568971caeb5d409c3d586,Immersive Roulette,4,Preto,Par,2026-09-24 15:14:47,2026-09-24T18:14:04.499Z,2026-09-24T18:14:47.088Z,
6ab5689b1caeb5d409c3d587,Auto Roulette,18,Vermelho,Par,2026-09-24 15:14:50,2026-09-24T18:14:13.236Z,2026-09-24T18:14:50.673Z,
6ab5689e1caeb5d409c3d588,Lightning Roulette,0,Verde,None,2026-09-24 15:14:54,2026-09-24T18:14:07.861Z,2026-09-24T18:14:54.704Z,8x50 25x50 33x100
6ab568b21caeb5d409c3d58c,XXXtreme Lightning Roulette,13,Preto,Impar,2026-09-24 15:15:14,2026-09-24T18:14:28.931Z,2026-09-24T18:15:14.362Z,0x100 9x50 14x100 17x50 25x50 34x100
6ab568cc1caeb5d409c3d58f,Immersive Roulette,15,Preto,Impar,2026-09-24 15:15:39,2026-09-24T18:14:50.154Z,2026-09-24T18:15:39.959Z,
6ab568cd1caeb5d409c3d590,Lightning Roulette,13,Preto,Impar,2026-09-24 15:15:41,2026-09-24T18:14:57.825Z,2026-09-24T18:15:41.656Z,0x100 21x500 31x200 33x200 35x200
6ab568cd1caeb5d409c3d591,Gold Vault Roulette,35,Preto,Impar,2026-09-24 15:15:41,2026-09-24T18:14:55.961Z,2026-09-24T18:15:41.758Z,0x50 4x100 6x150 26x50 30x50 33x50
6ab568e21caeb5d409c3d595,XXXtreme Lightning Roulette,23,Vermelho,Impar,2026-09-24 15:16:02,2026-09-24T18:15:17.437Z,2026-09-24T18:16:02.359Z,1x50 4x50 7x100 20x100
6ab568ef1caeb5d409c3d597,Auto Roulette,4,Preto,Par,2026-09-24 15:16:14,2026-09-24T18:15:32.749Z,2026-09-24T18:16:14.669Z,
6ab568f91caeb5d409c3d598,Lightning Roulette,35,Preto,Impar,2026-09-24 15:16:25,2026-09-24T18:15:44.800Z,2026-09-24T18:16:25.681Z,5x100 30x100
6ab568fe1caeb5d409c3d59b,Gold Vault Roulette,3,Vermelho,Impar,2026-09-24 15:16:30,2026-09-24T18:15:44.888Z,2026-09-24T18:16:30.260Z,0x50 1x50 5x50 22x50 26x50 27x50 29x100
6ab568ff1caeb5d409c3d59c,Immersive Roulette,3,Vermelho,Impar,2026-09-24 15:16:30,2026-09-24T18:15:43.025Z,2026-09-24T18:16:30.823Z,
6ab569141caeb5d409c3d5a0,XXXtreme Lightning Roulette,19,Vermelho,Impar,2026-09-24 15:16:52,2026-09-24T18:16:05.442Z,2026-09-24T18:16:52.362Z,3x1000 14x100 29x100
6ab5691a1caeb5d409c3d5a1,Auto Roulette,19,Vermelho,Impar,2026-09-24 15:16:57,2026-09-24T18:16:17.727Z,2026-09-24T18:16:57.693Z,
6ab5692a1caeb5d409c3d5a4,Lightning Roulette,14,Vermelho,Par,2026-09-24 15:17:13,2026-09-24T18:16:28.811Z,2026-09-24T18:17:13.679Z,8x100 11x150 26x50
6ab5692d1caeb5d409c3d5a5,Immersive Roulette,31,Preto,Impar,2026-09-24 15:17:16,2026-09-24T18:16:33.889Z,2026-09-24T18:17:16.886Z,
6ab56942b966fa02520f19dd,Red Door Roulette,14,Vermelho,Par,2026-09-24 15:17:37,2026-09-24T18:15:44.236Z,2026-09-24T18:17:37.883Z,0x1 2x1 3x1 6x1 14x1 15x1 19x1 26x1 29x1
6ab569441caeb5d409c3d5a7,XXXtreme Lightning Roulette,12,Vermelho,Par,2026-09-24 15:17:39,2026-09-24T18:16:55.458Z,2026-09-24T18:17:39.861Z,11x50 34x100 36x100
6ab569451caeb5d409c3d5a8,Auto Roulette,0,Verde,None,2026-09-24 15:17:40,2026-09-24T18:17:00.744Z,2026-09-24T18:17:40.681Z,
6ab5695b1caeb5d409c3d5ab,Lightning Roulette,21,Vermelho,Impar,2026-09-24 15:18:02,2026-09-24T18:17:16.801Z,2026-09-24T18:18:02.671Z,12x100 19x100 30x100
6ab5695e1caeb5d409c3d5ac,Gold Vault Roulette,35,Preto,Impar,2026-09-24 15:18:06,2026-09-24T18:17:21.072Z,2026-09-24T18:18:06.441Z,2x50 4x50 8x50 10x50 11x50 12x50 13x50 24x50 33x50
6ab5695e1caeb5d409c3d5ad,Immersive Roulette,28,Preto,Par,2026-09-24 15:18:06,2026-09-24T18:17:19.961Z,2026-09-24T18:18:06.583Z,
6ab5696e1caeb5d409c3d5ae,Auto Roulette,8,Preto,Par,2026-09-24 15:18:21,2026-09-24T18:17:43.750Z,2026-09-24T18:18:21.674Z,
6ab569741caeb5d409c3d5b0,XXXtreme Lightning Roulette,28,Preto,Par,2026-09-24 15:18:28,2026-09-24T18:17:42.947Z,2026-09-24T18:18:28.383Z,6x100 12x600 28x700
6ab5697bb966fa02520f19e2,Red Door Roulette,11,Preto,Impar,2026-09-24 15:18:35,2026-09-24T18:17:38.996Z,2026-09-24T18:18:35.166Z,4x1 16x1 18x5 19x1 20x1
6ab5698c1caeb5d409c3d5b3,Lightning Roulette,28,Preto,Par,2026-09-24 15:18:52,2026-09-24T18:18:05.780Z,2026-09-24T18:18:52.680Z,14x100 18x200
6ab5698d1caeb5d409c3d5b4,Gold Vault Roulette,11,Preto,Impar,2026-09-24 15:18:53,2026-09-24T18:18:09.582Z,2026-09-24T18:18:53.359Z,2x500 3x50 4x50 6x50 14x50 15x50 16x50 19x50 24x50 27x150 28x50 30x50 31x50 32x50 34x50
6ab569931caeb5d409c3d5b5,Immersive Roulette,22,Preto,Par,2026-09-24 15:18:58,2026-09-24T18:18:09.681Z,2026-09-24T18:18:58.631Z,
6ab5699b1caeb5d409c3d5b7,Auto Roulette,7,Vermelho,Impar,2026-09-24 15:19:07,2026-09-24T18:18:24.791Z,2026-09-24T18:19:07.179Z,
6ab569a91caeb5d409c3d5ba,XXXtreme Lightning Roulette,34,Vermelho,Par,2026-09-24 15:19:21,2026-09-24T18:18:31.456Z,2026-09-24T18:19:21.374Z,13x100 18x100 31x100 33x100
6ab569b3b966fa02520f19e6,Red Door Roulette,34,Vermelho,Par,2026-09-24 15:19:30,2026-09-24T18:18:38.254Z,2026-09-24T18:19:30.658Z,5x1 9x1 11x1 12x1 22x1
6ab569bc1caeb5d409c3d5bd,Lightning Roulette,15,Preto,Impar,2026-09-24 15:19:40,2026-09-24T18:18:55.786Z,2026-09-24T18:19:40.665Z,3x50 26x500
6ab569be1caeb5d409c3d5be,Gold Vault Roulette,5,Vermelho,Impar,2026-09-24 15:19:42,2026-09-24T18:18:56.442Z,2026-09-24T18:19:42.644Z,3x100 10x50 17x500 18x50 20x100 23x150 31x50 33x50
6ab569c71caeb5d409c3d5bf,Auto Roulette,23,Vermelho,Impar,2026-09-24 15:19:51,2026-09-24T18:19:10.231Z,2026-09-24T18:19:51.195Z,
6ab569c81caeb5d409c3d5c0,Immersive Roulette,15,Preto,Impar,2026-09-24 15:19:52,2026-09-24T18:19:01.720Z,2026-09-24T18:19:52.294Z,
6ab569e11caeb5d409c3d5c4,XXXtreme Lightning Roulette,10,Preto,Par,2026-09-24 15:20:16,2026-09-24T18:19:24.463Z,2026-09-24T18:20:16.886Z,5x100 12x100 18x150 25x100 27x50 32x100
6ab569ebb966fa02520f19eb,Red Door Roulette,8,Preto,Par,2026-09-24 15:20:26,2026-09-24T18:19:33.804Z,2026-09-24T18:20:26.666Z,1x7 11x1 18x1 24x1 25x1 30x1
6ab569ec1caeb5d409c3d5c5,Lightning Roulette,20,Preto,Par,2026-09-24 15:20:28,2026-09-24T18:19:43.792Z,2026-09-24T18:20:28.677Z,26x50 28x100 32x50
6ab569ee1caeb5d409c3d5c7,Gold Vault Roulette,27,Vermelho,Impar,2026-09-24 15:20:30,2026-09-24T18:19:45.746Z,2026-09-24T18:20:30.722Z,12x100 13x100 15x50 18x50 26x50 30x50 36x50
6ab569f71caeb5d409c3d5ca,Immersive Roulette,28,Preto,Par,2026-09-24 15:20:39,2026-09-24T18:19:55.368Z,2026-09-24T18:20:39.183Z,
6ab569f71caeb5d409c3d5cb,Auto Roulette,14,Vermelho,Par,2026-09-24 15:20:39,2026-09-24T18:19:54.290Z,2026-09-24T18:20:39.196Z,
6ab56a101caeb5d409c3d5cd,XXXtreme Lightning Roulette,25,Vermelho,Impar,2026-09-24 15:21:03,2026-09-24T18:20:19.970Z,2026-09-24T18:21:03.888Z,15x100 35x100 36x150
6ab56a21e50c3756c1fa86fd,Lightning Roulette,23,Vermelho,Impar,2026-09-24 15:21:19,2026-09-24T18:20:31.827Z,2026-09-24T18:21:19.193Z,19x50 21x200
6ab56a201caeb5d409c3d5cf,Auto Roulette,25,Vermelho,Impar,2026-09-24 15:21:19,2026-09-24T18:20:42.312Z,2026-09-24T18:21:19.692Z,
6ab56a211caeb5d409c3d5d1,Gold Vault Roulette,21,Vermelho,Impar,2026-09-24 15:21:20,2026-09-24T18:20:33.846Z,2026-09-24T18:21:20.819Z,17x50 19x50 20x50 24x50 35x50
6ab56a24b966fa02520f19f1,Red Door Roulette,24,Preto,Par,2026-09-24 15:21:24,2026-09-24T18:20:29.788Z,2026-09-24T18:21:24.177Z,2x1 14x1 20x1 21x5 26x1
6ab56a461caeb5d409c3d5d3,XXXtreme Lightning Roulette,14,Vermelho,Par,2026-09-24 15:21:58,2026-09-24T18:21:06.991Z,2026-09-24T18:21:58.393Z,6x100 13x50
6ab56a481caeb5d409c3d5d5,Auto Roulette,12,Vermelho,Par,2026-09-24 15:21:59,2026-09-24T18:21:22.751Z,2026-09-24T18:21:59.684Z,
6ab56a511caeb5d409c3d5d7,Gold Vault Roulette,5,Vermelho,Impar,2026-09-24 15:22:09,2026-09-24T18:21:23.926Z,2026-09-24T18:22:09.709Z,2x50 6x50 7x50 12x50 15x50 16x150 17x50 22x50 34x50
6ab56a59e50c3756c1fa8701,Lightning Roulette,5,Vermelho,Impar,2026-09-24 15:22:12,2026-09-24T18:21:22.335Z,2026-09-24T18:22:12.657Z,10x50 18x200 24x100
6ab56a5cb966fa02520f19f6,Red Door Roulette,29,Preto,Impar,2026-09-24 15:22:20,2026-09-24T18:21:27.277Z,2026-09-24T18:22:20.163Z,0x1 8x1 10x1 13x1 23x1 34x1
6ab56a721caeb5d409c3d5db,Auto Roulette,28,Preto,Par,2026-09-24 15:22:42,2026-09-24T18:22:02.803Z,2026-09-24T18:22:42.155Z,
6ab56a761caeb5d409c3d5dd,Immersive Roulette,4,Preto,Par,2026-09-24 15:22:46,2026-09-24T18:20:42.260Z,2026-09-24T18:22:46.549Z,
6ab56a7d1caeb5d409c3d5de,XXXtreme Lightning Roulette,36,Vermelho,Par,2026-09-24 15:22:52,2026-09-24T18:22:01.464Z,2026-09-24T18:22:52.885Z,5x50 8x100 27x100
6ab56a821caeb5d409c3d5df,Gold Vault Roulette,18,Vermelho,Par,2026-09-24 15:22:58,2026-09-24T18:22:12.801Z,2026-09-24T18:22:58.585Z,3x50 10x50 13x500 14x50 21x100 22x50 26x150 34x100 35x50
6ab56a841caeb5d409c3d5e0,Lightning Roulette,32,Vermelho,Par,2026-09-24 15:23:00,2026-09-24T18:22:15.789Z,2026-09-24T18:23:00.192Z,25x50 26x100 34x200
6ab56a94b966fa02520f19fe,Red Door Roulette,27,Vermelho,Impar,2026-09-24 15:23:16,2026-09-24T18:22:23.302Z,2026-09-24T18:23:16.158Z,2x1 5x1 8x1 15x1 22x1 23x2 24x3 26x1 29x1 32x1
6ab56a9b1caeb5d409c3d5e4,Auto Roulette,30,Vermelho,Par,2026-09-24 15:23:23,2026-09-24T18:22:45.280Z,2026-09-24T18:23:23.253Z,
6ab56aac1caeb5d409c3d5e6,XXXtreme Lightning Roulette,33,Preto,Impar,2026-09-24 15:23:40,2026-09-24T18:22:55.984Z,2026-09-24T18:23:40.399Z,11x100 20x700
6ab56aae1caeb5d409c3d5e7,Immersive Roulette,4,Preto,Par,2026-09-24 15:23:42,2026-09-24T18:22:49.616Z,2026-09-24T18:23:42.653Z,
6ab56ab01caeb5d409c3d5e9,Gold Vault Roulette,26,Preto,Par,2026-09-24 15:23:44,2026-09-24T18:23:01.715Z,2026-09-24T18:23:44.695Z,1x50 7x50 9x50 11x50 13x50 16x50 19x50 21x50 24x50 30x50 33x150
6ab56ab41caeb5d409c3d5ea,Lightning Roulette,18,Vermelho,Par,2026-09-24 15:23:47,2026-09-24T18:23:03.295Z,2026-09-24T18:23:47.694Z,1x100 28x100
6ab56ac61caeb5d409c3d5ec,Auto Roulette,27,Vermelho,Impar,2026-09-24 15:24:06,2026-09-24T18:23:26.354Z,2026-09-24T18:24:06.179Z,
6ab56acdb966fa02520f1a02,Red Door Roulette,35,Preto,Impar,2026-09-24 15:24:12,2026-09-24T18:23:19.277Z,2026-09-24T18:24:12.675Z,1x1 3x1 4x1 5x1 18x1 32x1 34x1
6ab56adf1caeb5d409c3d5f0,Gold Vault Roulette,12,Vermelho,Par,2026-09-24 15:24:31,2026-09-24T18:23:47.783Z,2026-09-24T18:24:31.567Z,2x150 10x50 12x50 27x50 34x50
6ab56ae01caeb5d409c3d5f1,Lightning Roulette,18,Vermelho,Par,2026-09-24 15:24:31,2026-09-24T18:23:50.809Z,2026-09-24T18:24:31.674Z,10x100 21x50
6ab56ae21caeb5d409c3d5f2,XXXtreme Lightning Roulette,1,Vermelho,Impar,2026-09-24 15:24:34,2026-09-24T18:23:43.488Z,2026-09-24T18:24:34.411Z,7x100 8x50 15x200 22x400 27x200 30x50
6ab56ae31caeb5d409c3d5f3,Immersive Roulette,11,Preto,Impar,2026-09-24 15:24:35,2026-09-24T18:23:45.758Z,2026-09-24T18:24:35.064Z,
6ab56af21caeb5d409c3d5f4,Auto Roulette,30,Vermelho,Par,2026-09-24 15:24:49,2026-09-24T18:24:09.261Z,2026-09-24T18:24:49.680Z,
6ab56b04b966fa02520f1a06,Red Door Roulette,35,Preto,Impar,2026-09-24 15:25:07,2026-09-24T18:24:15.788Z,2026-09-24T18:25:07.676Z,6x1 14x1 17x1 20x1 21x1 23x1 31x1 36x2
6ab56b0d1caeb5d409c3d5f6,Gold Vault Roulette,7,Vermelho,Impar,2026-09-24 15:25:16,2026-09-24T18:24:34.681Z,2026-09-24T18:25:16.864Z,1x50 2x50 3x50 15x50 16x50 17x500 19x50 24x50 32x50 36x50
6ab56b111caeb5d409c3d5f7,Lightning Roulette,13,Preto,Impar,2026-09-24 15:25:20,2026-09-24T18:24:34.795Z,2026-09-24T18:25:20.677Z,23x100 34x150 35x50
6ab56b141caeb5d409c3d5f8,Immersive Roulette,4,Preto,Par,2026-09-24 15:25:24,2026-09-24T18:24:38.159Z,2026-09-24T18:25:24.367Z,
6ab56b161caeb5d409c3d5fa,XXXtreme Lightning Roulette,9,Vermelho,Impar,2026-09-24 15:25:25,2026-09-24T18:24:37.503Z,2026-09-24T18:25:25.926Z,17x50 21x100
6ab56b1e1caeb5d409c3d5fc,Auto Roulette,26,Preto,Par,2026-09-24 15:25:33,2026-09-24T18:24:52.737Z,2026-09-24T18:25:33.670Z,
6ab56b3d1caeb5d409c3d600,Lightning Roulette,20,Preto,Par,2026-09-24 15:26:04,2026-09-24T18:25:23.773Z,2026-09-24T18:26:04.711Z,0x50 10x100 19x50
6ab56b3e1caeb5d409c3d601,Gold Vault Roulette,23,Vermelho,Impar,2026-09-24 15:26:06,2026-09-24T18:25:19.982Z,2026-09-24T18:26:06.643Z,6x50 7x50 11x50 13x100 22x50 27x50
6ab56b3fb966fa02520f1a0a,Red Door Roulette,4,Preto,Par,2026-09-24 15:26:06,2026-09-24T18:25:10.809Z,2026-09-24T18:26:06.699Z,0x1 11x1 16x1 20x1 21x1 26x2
6ab56b451caeb5d409c3d603,XXXtreme Lightning Roulette,5,Vermelho,Impar,2026-09-24 15:26:13,2026-09-24T18:25:29.001Z,2026-09-24T18:26:13.417Z,1x200 4x200 6x700 9x50 10x100
6ab56b481caeb5d409c3d604,Auto Roulette,25,Vermelho,Impar,2026-09-24 15:26:16,2026-09-24T18:25:36.753Z,2026-09-24T18:26:16.179Z,
6ab56b4a1caeb5d409c3d605,Immersive Roulette,31,Preto,Impar,2026-09-24 15:26:18,2026-09-24T18:25:27.446Z,2026-09-24T18:26:18.058Z,
6ab56b6a1caeb5d409c3d608,Lightning Roulette,29,Preto,Impar,2026-09-24 15:26:50,2026-09-24T18:26:07.813Z,2026-09-24T18:26:50.709Z,3x100 34x50
6ab56b711caeb5d409c3d609,Auto Roulette,4,Preto,Par,2026-09-24 15:26:57,2026-09-24T18:26:19.237Z,2026-09-24T18:26:57.156Z,
6ab56b791caeb5d409c3d60c,XXXtreme Lightning Roulette,16,Vermelho,Par,2026-09-24 15:27:05,2026-09-24T18:26:16.521Z,2026-09-24T18:27:05.410Z,6x700 9x100 14x50 15x50 19x50 26x600 33x1000
6ab56b7ab966fa02520f1a11,Red Door Roulette,26,Preto,Par,2026-09-24 15:27:05,2026-09-24T18:26:09.809Z,2026-09-24T18:27:05.705Z,0x1 15x1 21x1 23x1
6ab56b7b1caeb5d409c3d60d,Immersive Roulette,25,Vermelho,Impar,2026-09-24 15:27:07,2026-09-24T18:26:21.148Z,2026-09-24T18:27:07.338Z,
6ab56b991caeb5d409c3d60f,Lightning Roulette,23,Vermelho,Impar,2026-09-24 15:27:37,2026-09-24T18:26:53.842Z,2026-09-24T18:27:37.684Z,27x50 28x50 30x100
6ab56b9d1caeb5d409c3d610,Auto Roulette,7,Vermelho,Impar,2026-09-24 15:27:41,2026-09-24T18:27:00.225Z,2026-09-24T18:27:41.171Z,
6ab56bac1caeb5d409c3d613,Gold Vault Roulette,22,Preto,Par,2026-09-24 15:27:56,2026-09-24T18:27:18.169Z,2026-09-24T18:27:56.405Z,2x50 7x100 8x150 10x100 18x100 24x100 26x50 31x50 34x100
6ab56baf1caeb5d409c3d615,Immersive Roulette,14,Vermelho,Par,2026-09-24 15:27:59,2026-09-24T18:27:10.427Z,2026-09-24T18:27:59.425Z,
6ab56bb01caeb5d409c3d616,XXXtreme Lightning Roulette,11,Preto,Impar,2026-09-24 15:27:59,2026-09-24T18:27:08.503Z,2026-09-24T18:27:59.928Z,5x200 11x50 15x50 23x100 26x100 29x50
6ab56bc41caeb5d409c3d618,Auto Roulette,28,Preto,Par,2026-09-24 15:28:19,2026-09-24T18:27:44.256Z,2026-09-24T18:28:19.663Z,
6ab56bc71caeb5d409c3d619,Lightning Roulette,34,Vermelho,Par,2026-09-24 15:28:22,2026-09-24T18:27:40.747Z,2026-09-24T18:28:22.689Z,5x50 18x100
6ab56be0e50c3756c1fa870f,Gold Vault Roulette,20,Preto,Par,2026-09-24 15:28:46,2026-09-24T18:27:59.540Z,2026-09-24T18:28:46.889Z,34x50 22x50 32x50 36x50 17x50 2x100
6ab56be41caeb5d409c3d61e,XXXtreme Lightning Roulette,15,Preto,Impar,2026-09-24 15:28:51,2026-09-24T18:28:03.009Z,2026-09-24T18:28:51.940Z,9x50 13x100 32x100
6ab56bedb966fa02520f1a1b,Red Door Roulette,31,Preto,Impar,2026-09-24 15:29:01,2026-09-24T18:27:08.819Z,2026-09-24T18:29:01.006Z,10x1 12x1 21x1 23x1 25x2 31x1 36x1
6ab56bed1caeb5d409c3d620,Auto Roulette,12,Vermelho,Par,2026-09-24 15:29:01,2026-09-24T18:28:22.785Z,2026-09-24T18:29:01.156Z,
6ab56bf61caeb5d409c3d622,Lightning Roulette,23,Vermelho,Impar,2026-09-24 15:29:10,2026-09-24T18:28:25.773Z,2026-09-24T18:29:10.680Z,27x100
6ab56c0e1caeb5d409c3d624,Gold Vault Roulette,26,Preto,Par,2026-09-24 15:29:34,2026-09-24T18:28:49.954Z,2026-09-24T18:29:34.552Z,0x50 1x50 2x50 4x50 7x100 8x50 18x50 20x100 22x50 23x50 25x50 28x50 32x50 33x50 35x50
6ab56c171caeb5d409c3d627,XXXtreme Lightning Roulette,26,Preto,Par,2026-09-24 15:29:43,2026-09-24T18:28:55.019Z,2026-09-24T18:29:43.442Z,11x50 13x150 26x50 27x1000 28x200 33x600 36x600
6ab56c1b1caeb5d409c3d629,Auto Roulette,28,Preto,Par,2026-09-24 15:29:46,2026-09-24T18:29:04.272Z,2026-09-24T18:29:46.714Z,
6ab56c261caeb5d409c3d62a,Lightning Roulette,35,Preto,Impar,2026-09-24 15:29:57,2026-09-24T18:29:13.825Z,2026-09-24T18:29:57.715Z,2x100 10x50 26x150
6ab56c28b966fa02520f1a20,Red Door Roulette,32,Vermelho,Par,2026-09-24 15:29:59,2026-09-24T18:29:02.118Z,2026-09-24T18:29:59.682Z,15x1 16x1 17x1 31x1
6ab56c421caeb5d409c3d62e,Gold Vault Roulette,4,Preto,Par,2026-09-24 15:30:26,2026-09-24T18:29:37.679Z,2026-09-24T18:30:26.641Z,1x50 3x50 6x50 8x50 11x50 13x50 16x50 20x50 35x50 36x50
6ab56c451caeb5d409c3d62f,Auto Roulette,0,Verde,None,2026-09-24 15:30:29,2026-09-24T18:29:49.850Z,2026-09-24T18:30:29.164Z,
6ab56c4a1caeb5d409c3d631,Immersive Roulette,1,Vermelho,Impar,2026-09-24 15:30:34,2026-09-24T18:29:47.451Z,2026-09-24T18:30:34.452Z,
6ab56c4b1caeb5d409c3d632,XXXtreme Lightning Roulette,0,Verde,None,2026-09-24 15:30:35,2026-09-24T18:29:46.528Z,2026-09-24T18:30:35.430Z,13x100 15x100 24x100 25x100 32x50 34x100
6ab56c531caeb5d409c3d634,Lightning Roulette,25,Vermelho,Impar,2026-09-24 15:30:42,2026-09-24T18:30:00.839Z,2026-09-24T18:30:42.678Z,9x50 16x50 19x50
6ab56c871caeb5d409c3d638,Red Door Roulette,13,Preto,Impar,2026-09-24 15:31:00,2026-09-24T18:30:02.824Z,2026-09-24T18:31:00.178Z,9x1 10x1 11x1
6ab56c88c3d70599d7bf0896,Auto Roulette,5,Vermelho,Impar,2026-09-24 15:31:12,2026-09-24T18:30:32.272Z,2026-09-24T18:31:12.158Z,
6ab56c87e50c3756c1fa8718,Gold Vault Roulette,21,Vermelho,Impar,2026-09-24 15:31:15,2026-09-24T18:30:29.733Z,2026-09-24T18:31:15.908Z,34x50 22x50 16x100 5x100 21x50 17x100 15x50 11x50 36x500 1x100 30x100 7x50
6ab56c88e50c3756c1fa8719,XXXtreme Lightning Roulette,9,Vermelho,Impar,2026-09-24 15:31:24,2026-09-24T18:30:38.550Z,2026-09-24T18:31:24.433Z,15x100 33x50 26x50 13x50 5x50 10x100 21x350 31x150 0x200
6ab56c88c3d70599d7bf0897,Immersive Roulette,7,Vermelho,Impar,2026-09-24 15:31:25,2026-09-24T18:30:37.513Z,2026-09-24T18:31:25.700Z,
6ab56c88e50c3756c1fa871a,Lightning Roulette,18,Vermelho,Par,2026-09-24 15:31:32,2026-09-24T18:30:45.799Z,2026-09-24T18:31:32.164Z,15x50 17x50
6ab56c9fc3d70599d7bf089d,Auto Roulette,19,Vermelho,Impar,2026-09-24 15:31:58,2026-09-24T18:31:15.239Z,2026-09-24T18:31:58.668Z,
6ab56c9f1caeb5d409c3d63a,Red Door Roulette,25,Vermelho,Impar,2026-09-24 15:31:58,2026-09-24T18:31:03.273Z,2026-09-24T18:31:58.682Z,3x2 12x1 22x1 26x1 33x1 36x1
6ab56cd21caeb5d409c3d63d,Gold Vault Roulette,3,Vermelho,Impar,2026-09-24 15:32:11,2026-09-24T18:31:18.996Z,2026-09-24T18:32:11.189Z,10x100 11x50 12x50 32x50 34x100
6ab56cd31caeb5d409c3d63e,Immersive Roulette,6,Preto,Par,2026-09-24 15:32:14,2026-09-24T18:31:28.752Z,2026-09-24T18:32:14.572Z,
6ab56cb0e50c3756c1fa871d,Lightning Roulette,21,Vermelho,Impar,2026-09-24 15:32:14,2026-09-24T18:31:35.303Z,2026-09-24T18:32:14.681Z,23x150 3x100
6ab56cb2e50c3756c1fa871e,XXXtreme Lightning Roulette,1,Vermelho,Impar,2026-09-24 15:32:15,2026-09-24T18:31:27.582Z,2026-09-24T18:32:15.437Z,8x500 9x50 13x100 27x100 30x50 28x600 36x200 1x1000
6ab56cd31caeb5d409c3d642,Auto Roulette,11,Preto,Impar,2026-09-24 15:32:41,2026-09-24T18:32:01.748Z,2026-09-24T18:32:41.668Z,
6ab56cdb466af71c3502a720,Red Door Roulette,24,Preto,Par,2026-09-24 15:32:58,2026-09-24T18:32:01.793Z,2026-09-24T18:32:58.669Z,1x1 4x1 12x1 19x1 23x1 26x1 30x1 34x1
6ab56cdc1caeb5d409c3d645,Lightning Roulette,9,Vermelho,Impar,2026-09-24 15:33:00,2026-09-24T18:32:17.799Z,2026-09-24T18:33:00.179Z,15x100 17x50
6ab56cdd1caeb5d409c3d646,Gold Vault Roulette,26,Preto,Par,2026-09-24 15:33:00,2026-09-24T18:32:14.304Z,2026-09-24T18:33:00.847Z,6x50 9x50 23x50 25x50 26x50 30x50 32x50 35x50
6ab56cde1caeb5d409c3d647,Immersive Roulette,11,Preto,Impar,2026-09-24 15:33:02,2026-09-24T18:32:17.664Z,2026-09-24T18:33:02.260Z,
6ab56ce71caeb5d409c3d649,XXXtreme Lightning Roulette,27,Vermelho,Impar,2026-09-24 15:33:10,2026-09-24T18:32:18.539Z,2026-09-24T18:33:10.968Z,9x50 14x100 32x100 36x100
6ab56cf51caeb5d409c3d64c,Auto Roulette,15,Preto,Impar,2026-09-24 15:33:25,2026-09-24T18:32:44.771Z,2026-09-24T18:33:25.181Z,
6ab56d0a1caeb5d409c3d64e,Lightning Roulette,16,Vermelho,Par,2026-09-24 15:33:46,2026-09-24T18:33:03.281Z,2026-09-24T18:33:46.176Z,6x50 23x50 28x100
6ab56d101caeb5d409c3d652,Gold Vault Roulette,3,Vermelho,Impar,2026-09-24 15:33:52,2026-09-24T18:33:03.920Z,2026-09-24T18:33:52.547Z,3x50 4x100 8x50 10x50 14x100 15x50 22x100 23x50 24x100 26x50 28x50 29x50 30x50
6ab56d121caeb5d409c3d654,Immersive Roulette,33,Preto,Impar,2026-09-24 15:33:54,2026-09-24T18:33:05.362Z,2026-09-24T18:33:54.316Z,
6ab56d14466af71c3502a726,Red Door Roulette,19,Vermelho,Impar,2026-09-24 15:33:55,2026-09-24T18:33:01.801Z,2026-09-24T18:33:55.674Z,4x1 28x1 32x1 34x1
6ab56d1a1caeb5d409c3d655,XXXtreme Lightning Roulette,8,Preto,Par,2026-09-24 15:34:02,2026-09-24T18:33:14.041Z,2026-09-24T18:34:02.470Z,8x100 29x100 31x100
6ab56d241caeb5d409c3d657,Auto Roulette,36,Vermelho,Par,2026-09-24 15:34:11,2026-09-24T18:33:28.277Z,2026-09-24T18:34:11.664Z,
6ab56d3d1caeb5d409c3d65b,Lightning Roulette,30,Vermelho,Par,2026-09-24 15:34:36,2026-09-24T18:33:49.277Z,2026-09-24T18:34:36.691Z,4x50 15x100 36x200
6ab56d491caeb5d409c3d65c,Immersive Roulette,18,Vermelho,Par,2026-09-24 15:34:48,2026-09-24T18:33:57.401Z,2026-09-24T18:34:48.822Z,
6ab56d521caeb5d409c3d65e,Auto Roulette,21,Vermelho,Impar,2026-09-24 15:34:57,2026-09-24T18:34:14.734Z,2026-09-24T18:34:57.682Z,
6ab56d521caeb5d409c3d65f,XXXtreme Lightning Roulette,33,Preto,Impar,2026-09-24 15:34:57,2026-09-24T18:34:05.568Z,2026-09-24T18:34:57.970Z,16x100 17x100 27x100
6ab56d6f1caeb5d409c3d664,Lightning Roulette,9,Vermelho,Impar,2026-09-24 15:35:27,2026-09-24T18:34:39.777Z,2026-09-24T18:35:27.678Z,22x50 27x50 31x50
6ab56d7c1caeb5d409c3d665,Auto Roulette,9,Vermelho,Impar,2026-09-24 15:35:40,2026-09-24T18:35:00.760Z,2026-09-24T18:35:40.182Z,
6ab56d7d1caeb5d409c3d666,Immersive Roulette,32,Vermelho,Par,2026-09-24 15:35:40,2026-09-24T18:34:51.893Z,2026-09-24T18:35:40.877Z,
6ab56d861caeb5d409c3d667,XXXtreme Lightning Roulette,14,Vermelho,Par,2026-09-24 15:35:49,2026-09-24T18:35:01.073Z,2026-09-24T18:35:49.965Z,10x100 26x100
6ab56d8b466af71c3502a72d,Red Door Roulette,27,Vermelho,Impar,2026-09-24 15:35:55,2026-09-24T18:33:58.815Z,2026-09-24T18:35:55.012Z,0x1 7x1 8x1 11x1 18x1 19x1 23x1 27x1 29x1 31x1 35x1 36x1
6ab56d9e1caeb5d409c3d66c,Lightning Roulette,3,Vermelho,Impar,2026-09-24 15:36:14,2026-09-24T18:35:30.794Z,2026-09-24T18:36:14.670Z,23x50 32x50 35x100
6ab56da51caeb5d409c3d66d,Gold Vault Roulette,4,Preto,Par,2026-09-24 15:36:21,2026-09-24T18:35:33.041Z,2026-09-24T18:36:21.264Z,0x50 10x50 12x500 13x100 18x50 20x50 21x50 28x50 30x50 34x150
6ab56da91caeb5d409c3d66e,Auto Roulette,33,Preto,Impar,2026-09-24 15:36:25,2026-09-24T18:35:43.282Z,2026-09-24T18:36:25.177Z,
6ab56daf1caeb5d409c3d66f,Immersive Roulette,7,Vermelho,Impar,2026-09-24 15:36:30,2026-09-24T18:35:43.957Z,2026-09-24T18:36:30.516Z,
6ab56db51caeb5d409c3d673,XXXtreme Lightning Roulette,2,Preto,Par,2026-09-24 15:36:37,2026-09-24T18:35:53.051Z,2026-09-24T18:36:37.476Z,0x100 2x50 5x50 14x500 19x50 31x250
6ab56dcc1caeb5d409c3d675,Lightning Roulette,28,Preto,Par,2026-09-24 15:37:00,2026-09-24T18:36:17.739Z,2026-09-24T18:37:00.700Z,7x100 18x100 19x100
6ab56dd01caeb5d409c3d676,Auto Roulette,35,Preto,Impar,2026-09-24 15:37:04,2026-09-24T18:36:28.286Z,2026-09-24T18:37:04.161Z,
6ab56dd71caeb5d409c3d678,Gold Vault Roulette,7,Vermelho,Impar,2026-09-24 15:37:11,2026-09-24T18:36:24.331Z,2026-09-24T18:37:11.738Z,11x50 18x50 21x50 29x50 30x100
6ab56de51caeb5d409c3d67b,Immersive Roulette,3,Vermelho,Impar,2026-09-24 15:37:24,2026-09-24T18:36:33.601Z,2026-09-24T18:37:24.981Z,
6ab56dec1caeb5d409c3d67c,XXXtreme Lightning Roulette,6,Preto,Par,2026-09-24 15:37:31,2026-09-24T18:36:40.553Z,2026-09-24T18:37:31.979Z,17x200 32x100
6ab56dfa1caeb5d409c3d67e,Auto Roulette,1,Vermelho,Impar,2026-09-24 15:37:45,2026-09-24T18:37:07.270Z,2026-09-24T18:37:45.668Z,
6ab56dfa1caeb5d409c3d67f,Lightning Roulette,9,Vermelho,Impar,2026-09-24 15:37:46,2026-09-24T18:37:03.799Z,2026-09-24T18:37:46.747Z,7x200 23x200
6ab56e00466af71c3502a737,Red Door Roulette,20,Preto,Par,2026-09-24 15:37:52,2026-09-24T18:35:56.133Z,2026-09-24T18:37:52.049Z,2x1 8x1 10x2 17x1 20x1 25x1 26x1
6ab56e081caeb5d409c3d681,Gold Vault Roulette,35,Preto,Impar,2026-09-24 15:37:59,2026-09-24T18:37:14.866Z,2026-09-24T18:37:59.878Z,3x50 9x50 11x50 14x50 23x100 27x50 32x50 35x100
6ab56e171caeb5d409c3d683,Immersive Roulette,8,Preto,Par,2026-09-24 15:38:15,2026-09-24T18:37:28.046Z,2026-09-24T18:38:15.050Z,
6ab56e1d1caeb5d409c3d686,XXXtreme Lightning Roulette,27,Vermelho,Impar,2026-09-24 15:38:21,2026-09-24T18:37:35.056Z,2026-09-24T18:38:21.497Z,4x100 9x150 24x100
6ab56e241caeb5d409c3d687,Auto Roulette,3,Vermelho,Impar,2026-09-24 15:38:27,2026-09-24T18:37:48.759Z,2026-09-24T18:38:27.670Z,
6ab56e281caeb5d409c3d688,Lightning Roulette,14,Vermelho,Par,2026-09-24 15:38:32,2026-09-24T18:37:49.873Z,2026-09-24T18:38:32.198Z,21x50 30x100
6ab56e371caeb5d409c3d68b,Gold Vault Roulette,0,Verde,None,2026-09-24 15:38:47,2026-09-24T18:38:03.004Z,2026-09-24T18:38:47.548Z,0x50 1x50 11x50 13x100 16x100 17x50 20x50 21x50 23x50 24x50 25x150 26x50 29x150 36x50
6ab56e40466af71c3502a73c,Red Door Roulette,23,Vermelho,Impar,2026-09-24 15:38:55,2026-09-24T18:37:53.142Z,2026-09-24T18:38:55.684Z,14x1 20x1 24x1 28x1 30x1 33x1 35x1 36x1
6ab56e4d1caeb5d409c3d68d,Immersive Roulette,1,Vermelho,Impar,2026-09-24 15:39:09,2026-09-24T18:38:18.104Z,2026-09-24T18:39:09.523Z,
6ab56e521caeb5d409c3d68e,XXXtreme Lightning Roulette,8,Preto,Par,2026-09-24 15:39:14,2026-09-24T18:38:24.575Z,2026-09-24T18:39:14.021Z,2x100 5x100 22x2000
6ab56e531caeb5d409c3d68f,Auto Roulette,36,Vermelho,Par,2026-09-24 15:39:15,2026-09-24T18:38:30.733Z,2026-09-24T18:39:15.199Z,
6ab56e551caeb5d409c3d690,Lightning Roulette,32,Vermelho,Par,2026-09-24 15:39:17,2026-09-24T18:38:35.420Z,2026-09-24T18:39:17.678Z,3x100 25x200 31x150
6ab56e79466af71c3502a73f,Red Door Roulette,20,Preto,Par,2026-09-24 15:39:53,2026-09-24T18:38:58.777Z,2026-09-24T18:39:53.178Z,18x1 25x1 31x1 33x1 34x1
6ab56e7e1caeb5d409c3d693,Auto Roulette,3,Vermelho,Impar,2026-09-24 15:39:58,2026-09-24T18:39:18.296Z,2026-09-24T18:39:58.162Z,
6ab56e7e1caeb5d409c3d694,Immersive Roulette,24,Preto,Par,2026-09-24 15:39:58,2026-09-24T18:39:12.591Z,2026-09-24T18:39:58.386Z,
6ab56e851caeb5d409c3d696,Lightning Roulette,23,Vermelho,Impar,2026-09-24 15:40:05,2026-09-24T18:39:20.787Z,2026-09-24T18:40:05.177Z,9x50 23x50 34x100
6ab56e8aaaef331d53d7e6da,XXXtreme Lightning Roulette,15,Preto,Impar,2026-09-24 15:40:07,2026-09-24T18:39:17.115Z,2026-09-24T18:40:07.983Z,1x100 10x100 23x50 25x50
6ab56eab1caeb5d409c3d69a,Auto Roulette,13,Preto,Impar,2026-09-24 15:40:43,2026-09-24T18:40:01.257Z,2026-09-24T18:40:43.168Z,
6ab56eb31caeb5d409c3d69b,Immersive Roulette,27,Vermelho,Impar,2026-09-24 15:40:51,2026-09-24T18:40:01.479Z,2026-09-24T18:40:51.271Z,
6ab56eb61caeb5d409c3d69c,Lightning Roulette,5,Vermelho,Impar,2026-09-24 15:40:54,2026-09-24T18:40:08.333Z,2026-09-24T18:40:54.193Z,6x50 11x100 28x400
6ab56eb7466af71c3502a745,Red Door Roulette,30,Vermelho,Par,2026-09-24 15:40:55,2026-09-24T18:39:56.256Z,2026-09-24T18:40:55.185Z,1x1 5x1 6x1 8x1 10x2 13x1 20x1
6ab56ebfaaef331d53d7e6dc,XXXtreme Lightning Roulette,5,Vermelho,Impar,2026-09-24 15:41:01,2026-09-24T18:40:11.082Z,2026-09-24T18:41:01.488Z,9x50 33x100 10x50 7x50 3x100 17x200 25x100
6ab56ec81caeb5d409c3d69f,Gold Vault Roulette,11,Preto,Impar,2026-09-24 15:41:11,2026-09-24T18:40:30.492Z,2026-09-24T18:41:11.843Z,19x50 27x50 30x50 35x50 36x100
6ab56ed61caeb5d409c3d6a1,Auto Roulette,8,Preto,Par,2026-09-24 15:41:26,2026-09-24T18:40:46.268Z,2026-09-24T18:41:26.174Z,
6ab56ee71caeb5d409c3d6a2,Lightning Roulette,35,Preto,Impar,2026-09-24 15:41:43,2026-09-24T18:40:57.319Z,2026-09-24T18:41:43.180Z,18x50 20x100 35x100
6ab56eea1caeb5d409c3d6a3,Immersive Roulette,9,Vermelho,Impar,2026-09-24 15:41:46,2026-09-24T18:40:54.366Z,2026-09-24T18:41:46.163Z,
6ab56eeb1caeb5d409c3d6a4,XXXtreme Lightning Roulette,14,Vermelho,Par,2026-09-24 15:41:47,2026-09-24T18:41:04.588Z,2026-09-24T18:41:47.011Z,8x100 28x600 29x1000
6ab56f031caeb5d409c3d6a7,Auto Roulette,3,Vermelho,Impar,2026-09-24 15:42:11,2026-09-24T18:41:29.287Z,2026-09-24T18:42:11.164Z,
6ab56f1d1caeb5d409c3d6aa,Lightning Roulette,9,Vermelho,Impar,2026-09-24 15:42:37,2026-09-24T18:41:46.287Z,2026-09-24T18:42:37.193Z,6x150 26x200 33x100
6ab56f1f1caeb5d409c3d6ab,XXXtreme Lightning Roulette,31,Preto,Impar,2026-09-24 15:42:39,2026-09-24T18:41:50.094Z,2026-09-24T18:42:39.512Z,14x50 29x200 35x600
6ab56f221caeb5d409c3d6ac,Immersive Roulette,6,Preto,Par,2026-09-24 15:42:42,2026-09-24T18:41:49.249Z,2026-09-24T18:42:42.239Z,
6ab56f2b1caeb5d409c3d6ae,Auto Roulette,9,Vermelho,Impar,2026-09-24 15:42:50,2026-09-24T18:42:14.252Z,2026-09-24T18:42:50.666Z,
6ab56f2f466af71c3502a74d,Red Door Roulette,22,Preto,Par,2026-09-24 15:42:55,2026-09-24T18:40:58.287Z,2026-09-24T18:42:55.548Z,1x1 5x1 11x1 12x1 16x1 22x1 23x2 28x1 32x5 34x1
6ab56f4b1caeb5d409c3d6af,Lightning Roulette,14,Vermelho,Par,2026-09-24 15:43:23,2026-09-24T18:42:40.305Z,2026-09-24T18:43:23.172Z,21x200 25x100
6ab56f501caeb5d409c3d6b1,XXXtreme Lightning Roulette,13,Preto,Impar,2026-09-24 15:43:28,2026-09-24T18:42:42.627Z,2026-09-24T18:43:28.019Z,15x600 29x600
6ab56f571caeb5d409c3d6b2,Immersive Roulette,10,Preto,Par,2026-09-24 15:43:35,2026-09-24T18:42:45.308Z,2026-09-24T18:43:35.135Z,
6ab56f581caeb5d409c3d6b3,Auto Roulette,8,Preto,Par,2026-09-24 15:43:35,2026-09-24T18:42:53.735Z,2026-09-24T18:43:35.661Z,
6ab56f591caeb5d409c3d6b4,Gold Vault Roulette,8,Preto,Par,2026-09-24 15:43:36,2026-09-24T18:42:53.492Z,2026-09-24T18:43:36.830Z,0x50 2x50 3x100 5x50 8x50 16x50 17x150 18x50 24x50 29x50 31x500 35x50 36x150
6ab56f6e466af71c3502a752,Red Door Roulette,6,Preto,Par,2026-09-24 15:43:58,2026-09-24T18:42:56.676Z,2026-09-24T18:43:58.192Z,7x1 15x1 17x1 19x1 21x2 26x1 36x1
6ab56f781caeb5d409c3d6b7,Lightning Roulette,27,Vermelho,Impar,2026-09-24 15:44:08,2026-09-24T18:43:26.282Z,2026-09-24T18:44:08.195Z,16x150 24x50
6ab56f811caeb5d409c3d6b8,XXXtreme Lightning Roulette,4,Preto,Par,2026-09-24 15:44:17,2026-09-24T18:43:31.082Z,2026-09-24T18:44:17.536Z,5x100 18x100 35x150
6ab56f851caeb5d409c3d6ba,Immersive Roulette,10,Preto,Par,2026-09-24 15:44:20,2026-09-24T18:43:38.211Z,2026-09-24T18:44:20.828Z,
6ab56f891caeb5d409c3d6bb,Gold Vault Roulette,22,Preto,Par,2026-09-24 15:44:25,2026-09-24T18:43:39.969Z,2026-09-24T18:44:25.748Z,0x50 3x50 4x50 5x50 6x100 11x50 15x150 30x100
6ab56fa71caeb5d409c3d6be,Lightning Roulette,13,Preto,Impar,2026-09-24 15:44:55,2026-09-24T18:44:11.311Z,2026-09-24T18:44:55.198Z,12x50 13x150 17x50
6ab56fb51caeb5d409c3d6c0,Immersive Roulette,23,Vermelho,Impar,2026-09-24 15:45:09,2026-09-24T18:44:23.902Z,2026-09-24T18:45:09.285Z,
6ab56fb91caeb5d409c3d6c1,XXXtreme Lightning Roulette,18,Vermelho,Par,2026-09-24 15:45:13,2026-09-24T18:44:20.613Z,2026-09-24T18:45:13.524Z,0x100 6x100 33x50
6ab56fbc1caeb5d409c3d6c2,Gold Vault Roulette,23,Vermelho,Impar,2026-09-24 15:45:16,2026-09-24T18:44:28.884Z,2026-09-24T18:45:16.271Z,2x50 8x50 11x50 14x50 22x50 24x50 28x50 33x50 35x100
6ab56feb1caeb5d409c3d6c7,Lightning Roulette,12,Vermelho,Par,2026-09-24 15:45:43,2026-09-24T18:44:58.279Z,2026-09-24T18:45:43.683Z,18x50 33x150
6ab56feb1caeb5d409c3d6c8,Auto Roulette,30,Vermelho,Par,2026-09-24 15:45:45,2026-09-24T18:45:03.752Z,2026-09-24T18:45:45.186Z,
6ab56feb1caeb5d409c3d6c9,Immersive Roulette,17,Preto,Impar,2026-09-24 15:46:01,2026-09-24T18:45:12.343Z,2026-09-24T18:46:01.354Z,
6ab56fed1caeb5d409c3d6cb,XXXtreme Lightning Roulette,7,Vermelho,Impar,2026-09-24 15:46:05,2026-09-24T18:45:16.611Z,2026-09-24T18:46:05.546Z,0x100 1x50 14x300 18x200
6ab570041caeb5d409c3d6cf,Auto Roulette,1,Vermelho,Impar,2026-09-24 15:46:28,2026-09-24T18:45:48.227Z,2026-09-24T18:46:28.177Z,
6ab5700f1caeb5d409c3d6d0,Lightning Roulette,34,Vermelho,Par,2026-09-24 15:46:38,2026-09-24T18:45:46.820Z,2026-09-24T18:46:38.706Z,8x100 19x100
6ab5701b1caeb5d409c3d6d2,Immersive Roulette,15,Preto,Impar,2026-09-24 15:46:51,2026-09-24T18:46:04.427Z,2026-09-24T18:46:51.418Z,
6ab5701d1caeb5d409c3d6d3,XXXtreme Lightning Roulette,31,Preto,Impar,2026-09-24 15:46:53,2026-09-24T18:46:08.612Z,2026-09-24T18:46:53.037Z,12x150 18x150 26x100
6ab5702d1caeb5d409c3d6d8,Auto Roulette,29,Preto,Impar,2026-09-24 15:47:08,2026-09-24T18:46:31.245Z,2026-09-24T18:47:08.668Z,
6ab570411caeb5d409c3d6da,Lightning Roulette,5,Vermelho,Impar,2026-09-24 15:47:29,2026-09-24T18:46:41.791Z,2026-09-24T18:47:29.188Z,7x100 22x500
6ab5704e1caeb5d409c3d6db,XXXtreme Lightning Roulette,23,Vermelho,Impar,2026-09-24 15:47:42,2026-09-24T18:46:56.128Z,2026-09-24T18:47:42.030Z,5x100 36x100
6ab5704e1caeb5d409c3d6dc,Immersive Roulette,26,Preto,Par,2026-09-24 15:47:42,2026-09-24T18:46:54.488Z,2026-09-24T18:47:42.267Z,
6ab570521caeb5d409c3d6dd,Gold Vault Roulette,1,Vermelho,Impar,2026-09-24 15:47:46,2026-09-24T18:47:00.854Z,2026-09-24T18:47:46.216Z,3x50 5x500 9x50 14x50 24x50 26x50 28x50 31x50 35x50
6ab570561caeb5d409c3d6e0,Auto Roulette,24,Preto,Par,2026-09-24 15:47:50,2026-09-24T18:47:11.765Z,2026-09-24T18:47:50.167Z,
6ab570721caeb5d409c3d6e2,Lightning Roulette,10,Preto,Par,2026-09-24 15:48:18,2026-09-24T18:47:32.336Z,2026-09-24T18:48:18.248Z,5x50 9x50 26x50
6ab570801caeb5d409c3d6e5,XXXtreme Lightning Roulette,18,Vermelho,Par,2026-09-24 15:48:32,2026-09-24T18:47:45.129Z,2026-09-24T18:48:32.065Z,5x100 9x100 20x100 22x100
6ab57081466af71c3502a76d,Red Door Roulette,25,Vermelho,Impar,2026-09-24 15:48:33,2026-09-24T18:46:33.759Z,2026-09-24T18:48:33.514Z,1x1 2x1 7x1 15x1 24x1 25x1 33x1 34x1
6ab570831caeb5d409c3d6e6,Immersive Roulette,5,Vermelho,Impar,2026-09-24 15:48:35,2026-09-24T18:47:45.338Z,2026-09-24T18:48:35.576Z,
6ab570841caeb5d409c3d6e7,Auto Roulette,10,Preto,Par,2026-09-24 15:48:36,2026-09-24T18:47:53.251Z,2026-09-24T18:48:36.151Z,
6ab570861caeb5d409c3d6e8,Gold Vault Roulette,33,Preto,Impar,2026-09-24 15:48:37,2026-09-24T18:47:49.295Z,2026-09-24T18:48:37.898Z,1x50 4x50 7x100 14x50 20x50 22x50 25x50 29x50 31x100 35x50
6ab570a11caeb5d409c3d6ea,Lightning Roulette,22,Preto,Par,2026-09-24 15:49:05,2026-09-24T18:48:21.365Z,2026-09-24T18:49:05.185Z,10x50 21x400 22x50
6ab570af1caeb5d409c3d6ed,Auto Roulette,34,Vermelho,Par,2026-09-24 15:49:19,2026-09-24T18:48:39.317Z,2026-09-24T18:49:19.165Z,
6ab570b51caeb5d409c3d6ee,XXXtreme Lightning Roulette,8,Preto,Par,2026-09-24 15:49:25,2026-09-24T18:48:35.127Z,2026-09-24T18:49:25.048Z,5x100 9x100
6ab570b61caeb5d409c3d6ef,Immersive Roulette,34,Vermelho,Par,2026-09-24 15:49:26,2026-09-24T18:48:38.638Z,2026-09-24T18:49:26.447Z,
6ab570b81caeb5d409c3d6f0,Gold Vault Roulette,34,Vermelho,Par,2026-09-24 15:49:28,2026-09-24T18:48:41.011Z,2026-09-24T18:49:28.790Z,1x50 4x50 11x50 18x50 31x50
6ab570d41caeb5d409c3d6f4,Lightning Roulette,18,Vermelho,Par,2026-09-24 15:49:56,2026-09-24T18:49:08.276Z,2026-09-24T18:49:56.197Z,22x50
6ab570d81caeb5d409c3d6f5,Auto Roulette,0,Verde,None,2026-09-24 15:50:00,2026-09-24T18:49:22.300Z,2026-09-24T18:50:00.663Z,
6ab570e81caeb5d409c3d6f6,Immersive Roulette,18,Vermelho,Par,2026-09-24 15:50:16,2026-09-24T18:49:29.561Z,2026-09-24T18:50:16.085Z,
6ab570e91caeb5d409c3d6f7,Gold Vault Roulette,10,Preto,Par,2026-09-24 15:50:17,2026-09-24T18:49:31.868Z,2026-09-24T18:50:17.281Z,1x50 6x100 13x50 14x100 15x100 31x50 32x100 34x100
6ab570eb1caeb5d409c3d6f8,XXXtreme Lightning Roulette,16,Vermelho,Par,2026-09-24 15:50:19,2026-09-24T18:49:28.136Z,2026-09-24T18:50:19.050Z,1x100 4x400 18x700 20x100 32x50 35x100
6ab571041caeb5d409c3d6fc,Auto Roulette,32,Vermelho,Par,2026-09-24 15:50:43,2026-09-24T18:50:03.750Z,2026-09-24T18:50:43.664Z,
6ab571091caeb5d409c3d6fd,Lightning Roulette,33,Preto,Impar,2026-09-24 15:50:47,2026-09-24T18:49:59.270Z,2026-09-24T18:50:47.187Z,12x100 15x50 22x500 23x50
6ab5711b1caeb5d409c3d6ff,Gold Vault Roulette,36,Vermelho,Par,2026-09-24 15:51:07,2026-09-24T18:50:20.382Z,2026-09-24T18:51:07.771Z,7x50 11x50 19x50 24x50 28x50 31x150 35x100
6ab5711c466af71c3502a780,Red Door Roulette,31,Preto,Impar,2026-09-24 15:51:08,2026-09-24T18:48:34.633Z,2026-09-24T18:51:08.473Z,1x1 2x5 5x3 6x2 12x1 22x1 25x1 31x1 34x1 35x2
6ab571201caeb5d409c3d701,XXXtreme Lightning Roulette,15,Preto,Impar,2026-09-24 15:51:12,2026-09-24T18:50:22.136Z,2026-09-24T18:51:12.061Z,22x100 23x700 29x150 33x50
6ab571211caeb5d409c3d702,Immersive Roulette,14,Vermelho,Par,2026-09-24 15:51:13,2026-09-24T18:50:19.160Z,2026-09-24T18:51:13.375Z,
6ab5712f1caeb5d409c3d703,Auto Roulette,33,Preto,Impar,2026-09-24 15:51:27,2026-09-24T18:50:46.766Z,2026-09-24T18:51:27.144Z,
6ab5713b1caeb5d409c3d704,Lightning Roulette,25,Vermelho,Impar,2026-09-24 15:51:37,2026-09-24T18:50:50.279Z,2026-09-24T18:51:37.190Z,21x100 30x500
6ab5714d1caeb5d409c3d706,Gold Vault Roulette,10,Preto,Par,2026-09-24 15:51:57,2026-09-24T18:51:10.872Z,2026-09-24T18:51:57.059Z,0x50 2x150 3x50 15x50 20x50 23x50 31x50
6ab571541caeb5d409c3d707,XXXtreme Lightning Roulette,7,Vermelho,Impar,2026-09-24 15:52:04,2026-09-24T18:51:15.159Z,2026-09-24T18:52:04.595Z,5x50 34x700
6ab571561caeb5d409c3d708,Immersive Roulette,30,Vermelho,Par,2026-09-24 15:52:05,2026-09-24T18:51:16.459Z,2026-09-24T18:52:05.835Z,
6ab571591caeb5d409c3d709,Auto Roulette,21,Vermelho,Impar,2026-09-24 15:52:09,2026-09-24T18:51:30.254Z,2026-09-24T18:52:09.162Z,
6ab571681caeb5d409c3d70b,Lightning Roulette,6,Preto,Par,2026-09-24 15:52:24,2026-09-24T18:51:40.304Z,2026-09-24T18:52:24.187Z,11x150 22x50 30x100
6ab5717f1caeb5d409c3d70e,Gold Vault Roulette,13,Preto,Impar,2026-09-24 15:52:47,2026-09-24T18:52:00.170Z,2026-09-24T18:52:47.183Z,1x50 5x100 9x150 14x50 19x100 20x50 28x50 31x50 34x150 35x50
6ab571831caeb5d409c3d710,Auto Roulette,20,Preto,Par,2026-09-24 15:52:51,2026-09-24T18:52:12.239Z,2026-09-24T18:52:51.180Z,
6ab571871caeb5d409c3d711,XXXtreme Lightning Roulette,34,Vermelho,Par,2026-09-24 15:52:55,2026-09-24T18:52:07.672Z,2026-09-24T18:52:55.075Z,12x100 27x100
6ab571871caeb5d409c3d712,Immersive Roulette,27,Vermelho,Impar,2026-09-24 15:52:55,2026-09-24T18:52:08.895Z,2026-09-24T18:52:55.536Z,
6ab571981caeb5d409c3d714,Lightning Roulette,32,Vermelho,Par,2026-09-24 15:53:12,2026-09-24T18:52:27.305Z,2026-09-24T18:53:12.192Z,3x100 36x50
6ab571a2466af71c3502a78f,Red Door Roulette,25,Vermelho,Impar,2026-09-24 15:53:21,2026-09-24T18:51:09.582Z,2026-09-24T18:53:21.895Z,0x1 2x1 9x1 13x1 14x2 15x1 16x1 17x1 19x2 21x1 25x3 29x1 31x1 33x1 34x1
6ab571ae1caeb5d409c3d717,Auto Roulette,19,Vermelho,Impar,2026-09-24 15:53:34,2026-09-24T18:52:54.259Z,2026-09-24T18:53:34.170Z,
6ab571b21caeb5d409c3d719,Gold Vault Roulette,21,Vermelho,Impar,2026-09-24 15:53:38,2026-09-24T18:52:50.292Z,2026-09-24T18:53:38.075Z,3x50 9x50 11x50 17x50 20x50 25x500 28x50 34x100
6ab571b91caeb5d409c3d71a,XXXtreme Lightning Roulette,24,Preto,Par,2026-09-24 15:53:45,2026-09-24T18:52:58.150Z,2026-09-24T18:53:45.081Z,0x300 3x50 12x700 19x100 26x150 36x250
6ab571c11caeb5d409c3d71c,Immersive Roulette,2,Preto,Par,2026-09-24 15:53:53,2026-09-24T18:52:58.589Z,2026-09-24T18:53:53.249Z,
6ab571c81caeb5d409c3d71e,Lightning Roulette,14,Vermelho,Par,2026-09-24 15:53:59,2026-09-24T18:53:15.294Z,2026-09-24T18:53:59.690Z,10x100 13x50
6ab571db1caeb5d409c3d721,Auto Roulette,36,Vermelho,Par,2026-09-24 15:54:18,2026-09-24T18:53:37.267Z,2026-09-24T18:54:18.661Z,
6ab571fd1caeb5d409c3d724,XXXtreme Lightning Roulette,32,Vermelho,Par,2026-09-24 15:54:36,2026-09-24T18:53:48.156Z,2026-09-24T18:54:36.070Z,1x600 3x100 4x50
6ab571fd1caeb5d409c3d726,Immersive Roulette,29,Preto,Impar,2026-09-24 15:54:43,2026-09-24T18:53:56.318Z,2026-09-24T18:54:43.703Z,
6ab571fd1caeb5d409c3d727,Lightning Roulette,8,Preto,Par,2026-09-24 15:54:47,2026-09-24T18:54:02.813Z,2026-09-24T18:54:47.683Z,28x100 32x100 8x50
6ab572061caeb5d409c3d72b,Auto Roulette,14,Vermelho,Par,2026-09-24 15:55:01,2026-09-24T18:54:21.754Z,2026-09-24T18:55:01.677Z,
6ab572151caeb5d409c3d72d,Gold Vault Roulette,32,Vermelho,Par,2026-09-24 15:55:17,2026-09-24T18:54:32.114Z,2026-09-24T18:55:17.084Z,1x50 4x150 9x50 13x50 17x100 18x50 21x50 22x100
6ab5721f1caeb5d409c3d72f,XXXtreme Lightning Roulette,30,Vermelho,Par,2026-09-24 15:55:27,2026-09-24T18:54:39.171Z,2026-09-24T18:55:27.092Z,4x150 28x500 31x200
6ab572261caeb5d409c3d732,Immersive Roulette,8,Preto,Par,2026-09-24 15:55:33,2026-09-24T18:54:46.771Z,2026-09-24T18:55:33.803Z,
6ab572291caeb5d409c3d733,Lightning Roulette,28,Preto,Par,2026-09-24 15:55:37,2026-09-24T18:54:50.797Z,2026-09-24T18:55:37.687Z,12x50 22x100
6ab5722e1caeb5d409c3d734,Auto Roulette,18,Vermelho,Par,2026-09-24 15:55:42,2026-09-24T18:55:04.764Z,2026-09-24T18:55:42.140Z,
6ab57235466af71c3502a7a0,Red Door Roulette,2,Preto,Par,2026-09-24 15:55:49,2026-09-24T18:53:22.988Z,2026-09-24T18:55:49.048Z,2x1 15x1 29x1 32x1
6ab572481caeb5d409c3d738,Gold Vault Roulette,33,Preto,Impar,2026-09-24 15:56:08,2026-09-24T18:55:20.196Z,2026-09-24T18:56:08.353Z,2x100 7x100 9x50 19x50 21x100 22x100 23x50 29x50
6ab5724e1caeb5d409c3d739,XXXtreme Lightning Roulette,33,Preto,Impar,2026-09-24 15:56:14,2026-09-24T18:55:30.176Z,2026-09-24T18:56:14.085Z,9x100 14x50 15x50 20x50 26x100 32x100 36x700
6ab572581caeb5d409c3d73c,Immersive Roulette,25,Vermelho,Impar,2026-09-24 15:56:24,2026-09-24T18:55:36.900Z,2026-09-24T18:56:24.283Z,
6ab5725c1caeb5d409c3d73d,Lightning Roulette,14,Vermelho,Par,2026-09-24 15:56:28,2026-09-24T18:55:40.798Z,2026-09-24T18:56:28.195Z,21x100 23x100
6ab5725d1caeb5d409c3d73e,Auto Roulette,5,Vermelho,Impar,2026-09-24 15:56:28,2026-09-24T18:55:45.239Z,2026-09-24T18:56:28.661Z,
6ab5726d466af71c3502a7a6,Red Door Roulette,7,Vermelho,Impar,2026-09-24 15:56:45,2026-09-24T18:55:50.169Z,2026-09-24T18:56:45.228Z,0x1 2x1 8x1 27x1 28x1 33x2 36x1
6ab572791caeb5d409c3d742,Gold Vault Roulette,24,Preto,Par,2026-09-24 15:56:57,2026-09-24T18:56:11.464Z,2026-09-24T18:56:57.247Z,8x50 12x50 16x100 19x50 21x50 34x50 35x50
6ab572831caeb5d409c3d745,XXXtreme Lightning Roulette,26,Preto,Par,2026-09-24 15:57:07,2026-09-24T18:56:17.174Z,2026-09-24T18:57:07.099Z,8x600 14x100 34x100
6ab572881caeb5d409c3d746,Auto Roulette,7,Vermelho,Impar,2026-09-24 15:57:11,2026-09-24T18:56:31.761Z,2026-09-24T18:57:11.672Z,
6ab5728b1caeb5d409c3d747,Immersive Roulette,1,Vermelho,Impar,2026-09-24 15:57:15,2026-09-24T18:56:27.374Z,2026-09-24T18:57:15.549Z,
6ab5728e1caeb5d409c3d749,Lightning Roulette,24,Preto,Par,2026-09-24 15:57:17,2026-09-24T18:56:31.285Z,2026-09-24T18:57:17.698Z,14x100 22x50 25x50
6ab572a51caeb5d409c3d74d,Gold Vault Roulette,30,Vermelho,Par,2026-09-24 15:57:41,2026-09-24T18:57:00.340Z,2026-09-24T18:57:41.338Z,0x50 8x50 18x50 20x50 21x50 25x50 32x50
6ab572aa466af71c3502a7ad,Red Door Roulette,31,Preto,Impar,2026-09-24 15:57:46,2026-09-24T18:56:48.335Z,2026-09-24T18:57:46.212Z,3x1 11x1 12x1 17x1 19x1 30x1 33x7
6ab572b41caeb5d409c3d74e,XXXtreme Lightning Roulette,7,Vermelho,Impar,2026-09-24 15:57:56,2026-09-24T18:57:10.174Z,2026-09-24T18:57:56.604Z,11x600 24x600 25x100 28x350 31x50 35x100
6ab572b51caeb5d409c3d74f,Auto Roulette,32,Vermelho,Par,2026-09-24 15:57:57,2026-09-24T18:57:14.793Z,2026-09-24T18:57:57.188Z,
6ab572c31caeb5d409c3d751,Lightning Roulette,22,Preto,Par,2026-09-24 15:58:11,2026-09-24T18:57:20.822Z,2026-09-24T18:58:11.201Z,14x200 35x100 36x50
6ab572d41caeb5d409c3d753,Gold Vault Roulette,19,Vermelho,Impar,2026-09-24 15:58:28,2026-09-24T18:57:44.464Z,2026-09-24T18:58:28.233Z,1x50 14x50 15x500 16x50 17x50 20x50 26x50 27x50 29x50 35x100
6ab572df1caeb5d409c3d754,Auto Roulette,21,Vermelho,Impar,2026-09-24 15:58:39,2026-09-24T18:58:00.300Z,2026-09-24T18:58:39.145Z,
6ab572e4466af71c3502a7b7,Red Door Roulette,31,Preto,Impar,2026-09-24 15:58:43,2026-09-24T18:57:49.319Z,2026-09-24T18:58:43.711Z,5x1 6x1 7x1 9x1 10x1 14x1 21x1 22x1 30x1 35x1
6ab572e81caeb5d409c3d756,XXXtreme Lightning Roulette,19,Vermelho,Impar,2026-09-24 15:58:48,2026-09-24T18:57:59.687Z,2026-09-24T18:58:48.113Z,6x50 14x50 30x100
6ab572f11caeb5d409c3d757,Lightning Roulette,30,Vermelho,Par,2026-09-24 15:58:57,2026-09-24T18:58:14.314Z,2026-09-24T18:58:57.206Z,7x50 13x200 26x50
6ab572f51caeb5d409c3d75a,Immersive Roulette,22,Preto,Par,2026-09-24 15:59:01,2026-09-24T18:58:12.738Z,2026-09-24T18:59:01.338Z,
6ab573091caeb5d409c3d75c,Gold Vault Roulette,28,Preto,Par,2026-09-24 15:59:20,2026-09-24T18:58:31.335Z,2026-09-24T18:59:20.756Z,1x100 2x50 5x50 6x100 15x150 28x50 36x50
6ab5730a1caeb5d409c3d75f,Auto Roulette,3,Vermelho,Impar,2026-09-24 15:59:21,2026-09-24T18:58:42.208Z,2026-09-24T18:59:21.719Z,
6ab5731d466af71c3502a7be,Red Door Roulette,3,Vermelho,Impar,2026-09-24 15:59:40,2026-09-24T18:58:46.806Z,2026-09-24T18:59:40.691Z,15x3 18x1 24x1 30x1 33x1 36x4
6ab5731e1caeb5d409c3d761,XXXtreme Lightning Roulette,8,Preto,Par,2026-09-24 15:59:42,2026-09-24T18:58:51.197Z,2026-09-24T18:59:42.124Z,2x100 7x600 18x100
6ab5731e1caeb5d409c3d760,Lightning Roulette,28,Preto,Par,2026-09-24 15:59:42,2026-09-24T18:59:00.396Z,2026-09-24T18:59:42.192Z,17x100 21x50 23x50
6ab5732a1caeb5d409c3d763,Immersive Roulette,32,Vermelho,Par,2026-09-24 15:59:53,2026-09-24T18:59:04.394Z,2026-09-24T18:59:53.788Z,
6ab573351caeb5d409c3d766,Auto Roulette,6,Preto,Par,2026-09-24 16:00:05,2026-09-24T18:59:24.809Z,2026-09-24T19:00:05.143Z,
6ab573351caeb5d409c3d767,Gold Vault Roulette,35,Preto,Impar,2026-09-24 16:00:05,2026-09-24T18:59:23.863Z,2026-09-24T19:00:05.627Z,8x50 13x50 14x100 19x50 20x500 22x100 23x50 25x100 33x50 34x50 35x50 36x50
6ab5734b1caeb5d409c3d76a,Lightning Roulette,6,Preto,Par,2026-09-24 16:00:27,2026-09-24T18:59:45.287Z,2026-09-24T19:00:27.201Z,19x150 20x400 27x100
6ab573501caeb5d409c3d76b,XXXtreme Lightning Roulette,30,Vermelho,Par,2026-09-24 16:00:32,2026-09-24T18:59:45.211Z,2026-09-24T19:00:32.113Z,17x100
6ab57356466af71c3502a7c6,Red Door Roulette,27,Vermelho,Impar,2026-09-24 16:00:38,2026-09-24T18:59:43.813Z,2026-09-24T19:00:38.248Z,11x1 16x1 22x1 26x1 28x1 32x1 36x1
6ab5735b1caeb5d409c3d76c,Immersive Roulette,0,Verde,None,2026-09-24 16:00:42,2026-09-24T18:59:56.840Z,2026-09-24T19:00:42.648Z,
6ab573611caeb5d409c3d76e,Auto Roulette,32,Vermelho,Par,2026-09-24 16:00:49,2026-09-24T19:00:08.256Z,2026-09-24T19:00:49.142Z,
6ab573681caeb5d409c3d76f,Gold Vault Roulette,30,Vermelho,Par,2026-09-24 16:00:56,2026-09-24T19:00:08.740Z,2026-09-24T19:00:56.560Z,6x50 10x50 16x50 18x50 21x50
6ab573781caeb5d409c3d770,Lightning Roulette,0,Verde,None,2026-09-24 16:01:12,2026-09-24T19:00:30.308Z,2026-09-24T19:01:12.218Z,18x50 23x100 36x50
6ab573821caeb5d409c3d772,XXXtreme Lightning Roulette,7,Vermelho,Impar,2026-09-24 16:01:22,2026-09-24T19:00:35.198Z,2026-09-24T19:01:22.120Z,4x100 24x100
6ab5738c1caeb5d409c3d774,Immersive Roulette,30,Vermelho,Par,2026-09-24 16:01:32,2026-09-24T19:00:45.710Z,2026-09-24T19:01:32.347Z,
6ab5738d1caeb5d409c3d775,Auto Roulette,0,Verde,None,2026-09-24 16:01:32,2026-09-24T19:00:52.201Z,2026-09-24T19:01:32.654Z,
6ab57390466af71c3502a7cc,Red Door Roulette,2,Preto,Par,2026-09-24 16:01:36,2026-09-24T19:00:41.356Z,2026-09-24T19:01:36.211Z,5x1 9x1 12x1 13x1 36x1
6ab5739b1caeb5d409c3d776,Gold Vault Roulette,6,Preto,Par,2026-09-24 16:01:47,2026-09-24T19:00:59.681Z,2026-09-24T19:01:47.447Z,1x150 2x50 7x50 8x50 9x50 24x150 25x100 33x50 35x100
6ab573a91caeb5d409c3d777,Lightning Roulette,6,Preto,Par,2026-09-24 16:02:01,2026-09-24T19:01:15.322Z,2026-09-24T19:02:01.694Z,1x300 24x200 26x100
6ab573b31caeb5d409c3d779,XXXtreme Lightning Roulette,2,Preto,Par,2026-09-24 16:02:11,2026-09-24T19:01:25.206Z,2026-09-24T19:02:11.624Z,6x100 7x200 28x700 32x100
6ab573b91caeb5d409c3d77a,Auto Roulette,24,Preto,Par,2026-09-24 16:02:16,2026-09-24T19:01:35.719Z,2026-09-24T19:02:16.653Z,
6ab573bf1caeb5d409c3d77b,Immersive Roulette,1,Vermelho,Impar,2026-09-24 16:02:23,2026-09-24T19:01:35.398Z,2026-09-24T19:02:23.208Z,
6ab573c41caeb5d409c3d77d,Gold Vault Roulette,21,Vermelho,Impar,2026-09-24 16:02:28,2026-09-24T19:01:50.542Z,2026-09-24T19:02:28.321Z,3x50 20x50 22x50 28x100 29x50 32x50 33x50 35x50
6ab573db1caeb5d409c3d780,Lightning Roulette,36,Vermelho,Par,2026-09-24 16:02:50,2026-09-24T19:02:04.802Z,2026-09-24T19:02:50.694Z,1x200 7x50 10x100 16x100 25x300
6ab573e51caeb5d409c3d782,XXXtreme Lightning Roulette,7,Vermelho,Impar,2026-09-24 16:03:01,2026-09-24T19:02:14.706Z,2026-09-24T19:03:01.625Z,15x50 25x100 34x50
6ab573e71caeb5d409c3d783,Auto Roulette,27,Vermelho,Impar,2026-09-24 16:03:03,2026-09-24T19:02:19.769Z,2026-09-24T19:03:03.161Z,
6ab573f11caeb5d409c3d785,Immersive Roulette,27,Vermelho,Impar,2026-09-24 16:03:13,2026-09-24T19:02:26.312Z,2026-09-24T19:03:13.677Z,
6ab573f51caeb5d409c3d787,Gold Vault Roulette,20,Preto,Par,2026-09-24 16:03:17,2026-09-24T19:02:31.470Z,2026-09-24T19:03:17.214Z,0x500 7x50 9x50 11x50 14x100 25x50 33x50
6ab57407466af71c3502a7db,Red Door Roulette,3,Vermelho,Impar,2026-09-24 16:03:35,2026-09-24T19:01:39.318Z,2026-09-24T19:03:35.163Z,2x1 3x1 6x3 9x1 10x1 16x1 18x1 19x1 30x1
6ab574081caeb5d409c3d78a,Lightning Roulette,31,Preto,Impar,2026-09-24 16:03:36,2026-09-24T19:02:53.779Z,2026-09-24T19:03:36.701Z,25x350 33x50
6ab574151caeb5d409c3d78b,Auto Roulette,19,Vermelho,Impar,2026-09-24 16:03:49,2026-09-24T19:03:06.222Z,2026-09-24T19:03:49.149Z,
6ab574171caeb5d409c3d78c,XXXtreme Lightning Roulette,24,Preto,Par,2026-09-24 16:03:51,2026-09-24T19:03:04.724Z,2026-09-24T19:03:51.639Z,0x100 4x2000 5x50 7x50 8x100 11x50 23x100 30x150
6ab574231caeb5d409c3d78f,Immersive Roulette,24,Preto,Par,2026-09-24 16:04:03,2026-09-24T19:03:16.842Z,2026-09-24T19:04:03.371Z,
6ab574261caeb5d409c3d791,Gold Vault Roulette,22,Preto,Par,2026-09-24 16:04:06,2026-09-24T19:03:20.318Z,2026-09-24T19:04:06.118Z,2x50 5x50 9x50 14x50 18x150 21x50 22x100 23x50 26x100 32x50 35x50 36x50
6ab574381caeb5d409c3d793,Lightning Roulette,24,Preto,Par,2026-09-24 16:04:24,2026-09-24T19:03:39.800Z,2026-09-24T19:04:24.196Z,3x150 24x50
6ab5743f1caeb5d409c3d794,Auto Roulette,31,Preto,Impar,2026-09-24 16:04:31,2026-09-24T19:03:52.245Z,2026-09-24T19:04:31.164Z,
6ab57440466af71c3502a7e1,Red Door Roulette,24,Preto,Par,2026-09-24 16:04:32,2026-09-24T19:03:36.278Z,2026-09-24T19:04:32.208Z,8x4 9x1 16x1 18x1 20x1 22x1 23x3 36x1
6ab5744c1caeb5d409c3d798,XXXtreme Lightning Roulette,9,Vermelho,Impar,2026-09-24 16:04:44,2026-09-24T19:03:54.726Z,2026-09-24T19:04:44.141Z,4x100 16x200 32x700
6ab574551caeb5d409c3d79a,Immersive Roulette,16,Vermelho,Par,2026-09-24 16:04:52,2026-09-24T19:04:06.480Z,2026-09-24T19:04:52.650Z,
6ab574691caeb5d409c3d79c,Lightning Roulette,21,Vermelho,Impar,2026-09-24 16:05:13,2026-09-24T19:04:27.330Z,2026-09-24T19:05:13.190Z,13x200 18x200 35x50
6ab5746a1caeb5d409c3d79d,Auto Roulette,21,Vermelho,Impar,2026-09-24 16:05:14,2026-09-24T19:04:34.237Z,2026-09-24T19:05:14.177Z,
6ab574801caeb5d409c3d79f,XXXtreme Lightning Roulette,12,Vermelho,Par,2026-09-24 16:05:35,2026-09-24T19:04:47.216Z,2026-09-24T19:05:35.636Z,0x200 18x100 19x50 28x150 29x100 31x150
6ab574861caeb5d409c3d7a0,Immersive Roulette,27,Vermelho,Impar,2026-09-24 16:05:41,2026-09-24T19:04:55.715Z,2026-09-24T19:05:41.917Z,
6ab5748c1caeb5d409c3d7a2,Gold Vault Roulette,11,Preto,Impar,2026-09-24 16:05:48,2026-09-24T19:05:00.906Z,2026-09-24T19:05:48.699Z,3x50 9x50 10x100 13x50 15x50 21x50 22x100 24x50 25x50 28x50 29x100 35x50
6ab574931caeb5d409c3d7a3,Auto Roulette,19,Vermelho,Impar,2026-09-24 16:05:55,2026-09-24T19:05:17.273Z,2026-09-24T19:05:55.178Z,
6ab574981caeb5d409c3d7a4,Lightning Roulette,0,Verde,None,2026-09-24 16:06:00,2026-09-24T19:05:16.278Z,2026-09-24T19:06:00.200Z,31x100 32x100 34x50
6ab574b61caeb5d409c3d7a7,XXXtreme Lightning Roulette,27,Vermelho,Impar,2026-09-24 16:06:30,2026-09-24T19:05:38.728Z,2026-09-24T19:06:30.151Z,18x100 23x700 28x250 31x50 36x50
6ab574b8466af71c3502a7f1,Red Door Roulette,3,Vermelho,Impar,2026-09-24 16:06:32,2026-09-24T19:04:35.352Z,2026-09-24T19:06:32.664Z,3x1 10x1 20x1 21x1 24x1 32x2
6ab574ba1caeb5d409c3d7a8,Immersive Roulette,15,Preto,Impar,2026-09-24 16:06:34,2026-09-24T19:05:44.976Z,2026-09-24T19:06:34.003Z,
6ab574be1caeb5d409c3d7a9,Gold Vault Roulette,4,Preto,Par,2026-09-24 16:06:38,2026-09-24T19:05:51.802Z,2026-09-24T19:06:38.012Z,1x50 8x50 13x50 15x50 17x50 22x50 30x50 31x50 32x50 35x50
6ab574be1caeb5d409c3d7aa,Auto Roulette,12,Vermelho,Par,2026-09-24 16:06:38,2026-09-24T19:05:58.294Z,2026-09-24T19:06:38.187Z,
6ab574ca1caeb5d409c3d7ac,Lightning Roulette,27,Vermelho,Impar,2026-09-24 16:06:50,2026-09-24T19:06:03.312Z,2026-09-24T19:06:50.688Z,0x100 25x100 28x100
6ab574e61caeb5d409c3d7ad,Auto Roulette,15,Preto,Impar,2026-09-24 16:07:18,2026-09-24T19:06:41.303Z,2026-09-24T19:07:18.153Z,
6ab574e81caeb5d409c3d7ae,XXXtreme Lightning Roulette,5,Vermelho,Impar,2026-09-24 16:07:20,2026-09-24T19:06:33.227Z,2026-09-24T19:07:20.162Z,7x100 18x150 29x50
6ab574eb1caeb5d409c3d7af,Gold Vault Roulette,30,Vermelho,Par,2026-09-24 16:07:23,2026-09-24T19:06:41.144Z,2026-09-24T19:07:23.713Z,4x500 5x50 7x100 11x50 13x50 15x50 18x100 20x50 21x50 22x50 23x100 25x100 28x50 31x50 36x50
6ab574ee1caeb5d409c3d7b1,Immersive Roulette,4,Preto,Par,2026-09-24 16:07:26,2026-09-24T19:06:37.096Z,2026-09-24T19:07:26.510Z,
6ab574f7466af71c3502a7f9,Red Door Roulette,5,Vermelho,Impar,2026-09-24 16:07:35,2026-09-24T19:06:33.787Z,2026-09-24T19:07:35.220Z,1x1 6x1 16x2 17x1 19x3 22x1 34x1 36x2
6ab574f81caeb5d409c3d7b3,Lightning Roulette,11,Preto,Impar,2026-09-24 16:07:35,2026-09-24T19:06:53.828Z,2026-09-24T19:07:35.710Z,7x50 17x150 24x50
6ab575131caeb5d409c3d7b6,Auto Roulette,11,Preto,Impar,2026-09-24 16:08:03,2026-09-24T19:07:21.261Z,2026-09-24T19:08:03.143Z,
6ab5751d1caeb5d409c3d7b9,XXXtreme Lightning Roulette,9,Vermelho,Impar,2026-09-24 16:08:13,2026-09-24T19:07:23.242Z,2026-09-24T19:08:13.160Z,10x100 13x100 15x200 18x50 19x100 29x700 33x50 34x200
6ab575211caeb5d409c3d7bb,Immersive Roulette,16,Vermelho,Par,2026-09-24 16:08:17,2026-09-24T19:07:29.589Z,2026-09-24T19:08:17.363Z,
6ab575241caeb5d409c3d7bc,Lightning Roulette,12,Vermelho,Par,2026-09-24 16:08:20,2026-09-24T19:07:38.819Z,2026-09-24T19:08:20.203Z,14x100 22x100 31x50
6ab57534466af71c3502a802,Red Door Roulette,12,Vermelho,Par,2026-09-24 16:08:35,2026-09-24T19:07:38.286Z,2026-09-24T19:08:35.710Z,4x1 16x1 18x1 24x1 29x1 34x3
6ab575391caeb5d409c3d7be,Auto Roulette,11,Preto,Impar,2026-09-24 16:08:41,2026-09-24T19:08:06.221Z,2026-09-24T19:08:41.648Z,
6ab5754d1caeb5d409c3d7c2,XXXtreme Lightning Roulette,34,Vermelho,Par,2026-09-24 16:09:01,2026-09-24T19:08:16.255Z,2026-09-24T19:09:01.153Z,25x100 31x600
6ab575531caeb5d409c3d7c3,Lightning Roulette,13,Preto,Impar,2026-09-24 16:09:07,2026-09-24T19:08:23.296Z,2026-09-24T19:09:07.192Z,3x200 8x50
6ab575541caeb5d409c3d7c4,Immersive Roulette,15,Preto,Impar,2026-09-24 16:09:08,2026-09-24T19:08:20.430Z,2026-09-24T19:09:08.620Z,
6ab575671caeb5d409c3d7c6,Auto Roulette,4,Preto,Par,2026-09-24 16:09:27,2026-09-24T19:08:44.749Z,2026-09-24T19:09:27.179Z,
6ab5756d466af71c3502a808,Red Door Roulette,14,Vermelho,Par,2026-09-24 16:09:32,2026-09-24T19:08:38.785Z,2026-09-24T19:09:32.710Z,2x1 4x1 7x1 11x1 12x1 18x1 22x1 23x1 25x1 26x1 27x1 28x1 29x1 32x1 36x1
6ab575801caeb5d409c3d7ca,Lightning Roulette,12,Vermelho,Par,2026-09-24 16:09:52,2026-09-24T19:09:10.292Z,2026-09-24T19:09:52.719Z,16x400 17x100 19x100
6ab575841caeb5d409c3d7cc,XXXtreme Lightning Roulette,19,Vermelho,Impar,2026-09-24 16:09:54,2026-09-24T19:09:04.239Z,2026-09-24T19:09:54.153Z,16x100 36x50 8x200
6ab575841caeb5d409c3d7cb,Gold Vault Roulette,31,Preto,Impar,2026-09-24 16:09:55,2026-09-24T19:09:08.708Z,2026-09-24T19:09:55.692Z,2x50 5x50 18x50 20x50 24x50 29x50 32x100
6ab5758b1caeb5d409c3d7cd,Immersive Roulette,19,Vermelho,Impar,2026-09-24 16:10:03,2026-09-24T19:09:11.685Z,2026-09-24T19:10:03.075Z,
6ab575981caeb5d409c3d7cf,Auto Roulette,19,Vermelho,Impar,2026-09-24 16:10:15,2026-09-24T19:09:30.280Z,2026-09-24T19:10:15.663Z,
6ab575ad1caeb5d409c3d7d3,Lightning Roulette,2,Preto,Par,2026-09-24 16:10:37,2026-09-24T19:09:55.838Z,2026-09-24T19:10:37.199Z,7x100 17x100 25x50 31x150
6ab575b31caeb5d409c3d7d4,Gold Vault Roulette,7,Vermelho,Impar,2026-09-24 16:10:42,2026-09-24T19:09:58.821Z,2026-09-24T19:10:42.993Z,6x50 13x500 15x150 21x50 22x50 27x100 28x50 30x100 32x50
6ab575b51caeb5d409c3d7d5,XXXtreme Lightning Roulette,1,Vermelho,Impar,2026-09-24 16:10:43,2026-09-24T19:09:57.263Z,2026-09-24T19:10:43.157Z,12x50 26x100
6ab575bd1caeb5d409c3d7d7,Immersive Roulette,9,Vermelho,Impar,2026-09-24 16:10:53,2026-09-24T19:10:06.125Z,2026-09-24T19:10:53.529Z,
6ab575c11caeb5d409c3d7d9,Auto Roulette,2,Preto,Par,2026-09-24 16:10:56,2026-09-24T19:10:18.729Z,2026-09-24T19:10:56.670Z,
6ab575df1caeb5d409c3d7dd,Lightning Roulette,13,Preto,Impar,2026-09-24 16:11:27,2026-09-24T19:10:40.273Z,2026-09-24T19:11:27.707Z,23x50 32x50
6ab575e11caeb5d409c3d7de,Gold Vault Roulette,18,Vermelho,Par,2026-09-24 16:11:29,2026-09-24T19:10:46.135Z,2026-09-24T19:11:29.497Z,2x100 16x500 22x50 24x50 26x50 29x50 36x50
6ab575e5466af71c3502a816,Red Door Roulette,1,Vermelho,Impar,2026-09-24 16:11:33,2026-09-24T19:09:35.831Z,2026-09-24T19:11:33.133Z,1x1 8x1 9x1 12x1 23x1 25x1 27x2 34x10 35x7 36x1
6ab575e81caeb5d409c3d7df,XXXtreme Lightning Roulette,0,Verde,None,2026-09-24 16:11:36,2026-09-24T19:10:46.256Z,2026-09-24T19:11:36.676Z,15x100 16x150 35x100
6ab575eb1caeb5d409c3d7e1,Auto Roulette,8,Preto,Par,2026-09-24 16:11:38,2026-09-24T19:10:59.755Z,2026-09-24T19:11:38.653Z,
6ab575f11caeb5d409c3d7e3,Immersive Roulette,6,Preto,Par,2026-09-24 16:11:45,2026-09-24T19:10:56.607Z,2026-09-24T19:11:45.227Z,
6ab576111caeb5d409c3d7e6,Lightning Roulette,24,Preto,Par,2026-09-24 16:12:17,2026-09-24T19:11:30.818Z,2026-09-24T19:12:17.697Z,0x50 2x50 30x50
6ab576141caeb5d409c3d7e7,Gold Vault Roulette,29,Preto,Impar,2026-09-24 16:12:19,2026-09-24T19:11:32.569Z,2026-09-24T19:12:19.955Z,2x50 4x50 14x50 25x150 26x150 32x50
6ab5761b1caeb5d409c3d7ea,Auto Roulette,21,Vermelho,Impar,2026-09-24 16:12:27,2026-09-24T19:11:41.755Z,2026-09-24T19:12:27.178Z,
6ab5761f1caeb5d409c3d7eb,XXXtreme Lightning Roulette,14,Vermelho,Par,2026-09-24 16:12:30,2026-09-24T19:11:39.774Z,2026-09-24T19:12:30.731Z,3x100 4x600 7x100 9x100 22x50 23x100 32x600 33x50
6ab57623466af71c3502a81d,Red Door Roulette,1,Vermelho,Impar,2026-09-24 16:12:34,2026-09-24T19:11:34.243Z,2026-09-24T19:12:34.712Z,20x1 24x1 36x1
6ab576241caeb5d409c3d7ec,Immersive Roulette,4,Preto,Par,2026-09-24 16:12:36,2026-09-24T19:11:48.292Z,2026-09-24T19:12:36.503Z,
6ab576411caeb5d409c3d7f2,Gold Vault Roulette,24,Preto,Par,2026-09-24 16:13:05,2026-09-24T19:12:23.107Z,2026-09-24T19:13:05.666Z,5x50 8x50 10x150 18x50 20x50 22x50 30x50 32x50
6ab576411caeb5d409c3d7f3,Lightning Roulette,13,Preto,Impar,2026-09-24 16:13:05,2026-09-24T19:12:20.798Z,2026-09-24T19:13:05.711Z,23x100 24x100 35x200
6ab576521caeb5d409c3d7f4,XXXtreme Lightning Roulette,9,Vermelho,Impar,2026-09-24 16:13:22,2026-09-24T19:12:33.805Z,2026-09-24T19:13:22.696Z,20x600 27x100 32x200
6ab576591caeb5d409c3d7f6,Immersive Roulette,16,Vermelho,Par,2026-09-24 16:13:29,2026-09-24T19:12:39.552Z,2026-09-24T19:13:29.007Z,
6ab576701caeb5d409c3d7f9,Lightning Roulette,36,Vermelho,Par,2026-09-24 16:13:52,2026-09-24T19:13:08.840Z,2026-09-24T19:13:52.316Z,0x500 3x150
6ab576861caeb5d409c3d7fc,XXXtreme Lightning Roulette,6,Preto,Par,2026-09-24 16:14:13,2026-09-24T19:13:25.776Z,2026-09-24T19:14:13.699Z,9x100 11x100 33x100
6ab5768b1caeb5d409c3d7fd,Immersive Roulette,24,Preto,Par,2026-09-24 16:14:19,2026-09-24T19:13:32.093Z,2026-09-24T19:14:19.485Z,
6ab5769f1caeb5d409c3d800,Auto Roulette,19,Vermelho,Impar,2026-09-24 16:14:38,2026-09-24T19:13:59.278Z,2026-09-24T19:14:38.646Z,
6ab576a01caeb5d409c3d801,Gold Vault Roulette,7,Vermelho,Impar,2026-09-24 16:14:40,2026-09-24T19:13:55.353Z,2026-09-24T19:14:40.669Z,3x50 13x50 14x50 18x50 25x50 26x50 36x50
6ab576a21caeb5d409c3d802,Lightning Roulette,21,Vermelho,Impar,2026-09-24 16:14:41,2026-09-24T19:13:55.406Z,2026-09-24T19:14:41.711Z,21x100 24x50 27x100
6ab576bb1caeb5d409c3d805,XXXtreme Lightning Roulette,8,Preto,Par,2026-09-24 16:15:07,2026-09-24T19:14:16.792Z,2026-09-24T19:15:07.691Z,6x100
6ab576c11caeb5d409c3d807,Immersive Roulette,6,Preto,Par,2026-09-24 16:15:13,2026-09-24T19:14:22.592Z,2026-09-24T19:15:13.588Z,
6ab576c91caeb5d409c3d808,Auto Roulette,30,Vermelho,Par,2026-09-24 16:15:20,2026-09-24T19:14:41.769Z,2026-09-24T19:15:20.641Z,
6ab576d01caeb5d409c3d809,Lightning Roulette,4,Preto,Par,2026-09-24 16:15:28,2026-09-24T19:14:44.809Z,2026-09-24T19:15:28.704Z,3x100 12x50 26x500
6ab576d11caeb5d409c3d80a,Gold Vault Roulette,21,Vermelho,Impar,2026-09-24 16:15:29,2026-09-24T19:14:43.775Z,2026-09-24T19:15:29.575Z,0x50 3x50 4x50 6x50 9x50 10x50 15x50 27x150 29x150
6ab576d4466af71c3502a831,Red Door Roulette,18,Vermelho,Par,2026-09-24 16:15:32,2026-09-24T19:13:49.874Z,2026-09-24T19:15:32.557Z,10x1 18x1 24x1 26x4 29x1 35x1
6ab576f01caeb5d409c3d80d,XXXtreme Lightning Roulette,28,Preto,Par,2026-09-24 16:16:00,2026-09-24T19:15:10.786Z,2026-09-24T19:16:00.713Z,0x100 4x100 6x50 15x100 18x100 28x50 30x1000
6ab576f21caeb5d409c3d80e,Immersive Roulette,31,Preto,Impar,2026-09-24 16:16:02,2026-09-24T19:15:16.678Z,2026-09-24T19:16:02.462Z,
6ab576f51caeb5d409c3d80f,Auto Roulette,22,Preto,Par,2026-09-24 16:16:04,2026-09-24T19:15:23.743Z,2026-09-24T19:16:04.663Z,
6ab577021caeb5d409c3d810,Gold Vault Roulette,17,Preto,Impar,2026-09-24 16:16:17,2026-09-24T19:15:32.651Z,2026-09-24T19:16:17.645Z,11x100 12x50 13x50 17x50 30x150 35x50
6ab577041caeb5d409c3d812,Lightning Roulette,9,Vermelho,Impar,2026-09-24 16:16:19,2026-09-24T19:15:31.806Z,2026-09-24T19:16:19.713Z,3x500 10x100 34x50
6ab577221caeb5d409c3d814,Auto Roulette,9,Vermelho,Impar,2026-09-24 16:16:50,2026-09-24T19:16:07.743Z,2026-09-24T19:16:50.641Z,
6ab577231caeb5d409c3d815,XXXtreme Lightning Roulette,33,Preto,Impar,2026-09-24 16:16:51,2026-09-24T19:16:03.804Z,2026-09-24T19:16:51.705Z,0x100 13x100 17x100 33x100 35x100
6ab577311caeb5d409c3d817,Gold Vault Roulette,34,Vermelho,Par,2026-09-24 16:17:04,2026-09-24T19:16:20.758Z,2026-09-24T19:17:04.923Z,0x100 8x150 10x100 13x50 15x500 16x100 21x50 24x50
6ab577311caeb5d409c3d818,Lightning Roulette,11,Preto,Impar,2026-09-24 16:17:05,2026-09-24T19:16:22.800Z,2026-09-24T19:17:05.244Z,9x100 21x100 28x150
6ab5774a1caeb5d409c3d81c,Auto Roulette,36,Vermelho,Par,2026-09-24 16:17:30,2026-09-24T19:16:53.725Z,2026-09-24T19:17:30.143Z,
6ab5774f466af71c3502a841,Red Door Roulette,14,Vermelho,Par,2026-09-24 16:17:35,2026-09-24T19:15:33.677Z,2026-09-24T19:17:35.807Z,3x1 6x1 8x1 9x1 13x1 14x1 16x1 20x1 22x1 24x1 25x1 28x1 30x1 32x1 34x1
6ab577581caeb5d409c3d81e,Immersive Roulette,27,Vermelho,Impar,2026-09-24 16:17:44,2026-09-24T19:16:58.424Z,2026-09-24T19:17:44.598Z,
6ab577591caeb5d409c3d81f,XXXtreme Lightning Roulette,6,Preto,Par,2026-09-24 16:17:45,2026-09-24T19:16:54.802Z,2026-09-24T19:17:45.732Z,2x50 23x50 35x50
6ab5775f1caeb5d409c3d820,Gold Vault Roulette,13,Preto,Impar,2026-09-24 16:17:51,2026-09-24T19:17:08.011Z,2026-09-24T19:17:51.381Z,7x50 9x150 16x50 17x50 22x50
6ab577601caeb5d409c3d821,Lightning Roulette,20,Preto,Par,2026-09-24 16:17:52,2026-09-24T19:17:08.347Z,2026-09-24T19:17:52.210Z,21x100 27x100 35x100
6ab577791caeb5d409c3d824,Auto Roulette,3,Vermelho,Impar,2026-09-24 16:18:16,2026-09-24T19:17:33.216Z,2026-09-24T19:18:16.660Z,
6ab5778a466af71c3502a849,Red Door Roulette,29,Preto,Impar,2026-09-24 16:18:33,2026-09-24T19:17:36.916Z,2026-09-24T19:18:33.752Z,0x2 2x1 7x1 9x1 13x15 20x1 31x1
6ab5778c1caeb5d409c3d827,Immersive Roulette,0,Verde,None,2026-09-24 16:18:36,2026-09-24T19:17:47.680Z,2026-09-24T19:18:36.675Z,
6ab577901caeb5d409c3d829,XXXtreme Lightning Roulette,28,Preto,Par,2026-09-24 16:18:40,2026-09-24T19:17:48.827Z,2026-09-24T19:18:40.225Z,10x50 19x100 20x50 21x1000 23x100 24x100 32x100
6ab577921caeb5d409c3d82a,Gold Vault Roulette,12,Vermelho,Par,2026-09-24 16:18:41,2026-09-24T19:17:54.503Z,2026-09-24T19:18:41.880Z,0x50 1x100 5x50 12x50 13x50 29x50
6ab577961caeb5d409c3d82b,Lightning Roulette,26,Preto,Par,2026-09-24 16:18:44,2026-09-24T19:17:55.313Z,2026-09-24T19:18:44.692Z,24x100 33x50 5x50
6ab5779e1caeb5d409c3d82d,Auto Roulette,29,Preto,Impar,2026-09-24 16:18:54,2026-09-24T19:18:19.719Z,2026-09-24T19:18:54.644Z,
6ab577be1caeb5d409c3d831,Immersive Roulette,9,Vermelho,Impar,2026-09-24 16:19:25,2026-09-24T19:18:39.756Z,2026-09-24T19:19:25.975Z,
6ab577c41caeb5d409c3d833,Gold Vault Roulette,34,Vermelho,Par,2026-09-24 16:19:31,2026-09-24T19:18:44.962Z,2026-09-24T19:19:31.965Z,2x50 9x100 16x50 25x100 30x50
6ab577c71caeb5d409c3d835,XXXtreme Lightning Roulette,16,Vermelho,Par,2026-09-24 16:19:34,2026-09-24T19:18:43.309Z,2026-09-24T19:19:34.727Z,1x100 6x600 12x50 14x100 20x100 27x50
6ab577c8466af71c3502a851,Red Door Roulette,6,Preto,Par,2026-09-24 16:19:35,2026-09-24T19:18:36.847Z,2026-09-24T19:19:35.725Z,3x1 5x4 7x1 14x2 24x1 35x1
6ab577ca1caeb5d409c3d836,Auto Roulette,3,Vermelho,Impar,2026-09-24 16:19:38,2026-09-24T19:18:57.741Z,2026-09-24T19:19:38.144Z,
6ab577cc1caeb5d409c3d837,Lightning Roulette,5,Vermelho,Impar,2026-09-24 16:19:38,2026-09-24T19:18:47.824Z,2026-09-24T19:19:38.194Z,18x100 21x100 4x50
6ab577ed1caeb5d409c3d839,Gold Vault Roulette,0,Verde,None,2026-09-24 16:20:13,2026-09-24T19:19:35.099Z,2026-09-24T19:20:13.662Z,4x50 6x50 9x50 11x100 14x50 15x50 18x50 20x50 21x100 26x50 33x150 36x50
6ab577ef1caeb5d409c3d83b,Auto Roulette,25,Vermelho,Impar,2026-09-24 16:20:15,2026-09-24T19:19:41.213Z,2026-09-24T19:20:15.153Z,
6ab577f91caeb5d409c3d83d,XXXtreme Lightning Roulette,35,Preto,Impar,2026-09-24 16:20:25,2026-09-24T19:19:37.803Z,2026-09-24T19:20:25.226Z,7x100 14x200 28x50 33x50
6ab577fc1caeb5d409c3d83e,Lightning Roulette,21,Vermelho,Impar,2026-09-24 16:20:28,2026-09-24T19:19:41.313Z,2026-09-24T19:20:28.212Z,22x50 24x100 33x50
6ab57801466af71c3502a856,Red Door Roulette,35,Preto,Impar,2026-09-24 16:20:32,2026-09-24T19:19:38.809Z,2026-09-24T19:20:32.726Z,1x2 5x1 15x1 25x1 30x2
6ab5781b1caeb5d409c3d842,Auto Roulette,9,Vermelho,Impar,2026-09-24 16:20:59,2026-09-24T19:20:18.244Z,2026-09-24T19:20:59.195Z,
6ab5781c1caeb5d409c3d843,Gold Vault Roulette,31,Preto,Impar,2026-09-24 16:21:00,2026-09-24T19:20:16.777Z,2026-09-24T19:21:00.138Z,2x100 7x100 8x50 13x50 26x100
6ab578261caeb5d409c3d845,Immersive Roulette,31,Preto,Impar,2026-09-24 16:21:09,2026-09-24T19:20:20.690Z,2026-09-24T19:21:09.692Z,
6ab5782a1caeb5d409c3d846,Lightning Roulette,0,Verde,None,2026-09-24 16:21:13,2026-09-24T19:20:31.320Z,2026-09-24T19:21:13.695Z,2x100 7x200
6ab5782f1caeb5d409c3d847,XXXtreme Lightning Roulette,8,Preto,Par,2026-09-24 16:21:18,2026-09-24T19:20:28.323Z,2026-09-24T19:21:18.735Z,3x700 6x600 9x50 11x50 19x100 20x600 32x600 34x100 36x100
6ab5783a466af71c3502a85f,Red Door Roulette,13,Preto,Impar,2026-09-24 16:21:30,2026-09-24T19:20:35.832Z,2026-09-24T19:21:30.216Z,1x1 2x1 4x1 11x1 12x1 20x1 21x5 24x1 32x1 34x1
6ab578441caeb5d409c3d84b,Auto Roulette,33,Preto,Impar,2026-09-24 16:21:39,2026-09-24T19:21:02.289Z,2026-09-24T19:21:39.651Z,
6ab578571caeb5d409c3d84d,Immersive Roulette,25,Vermelho,Impar,2026-09-24 16:21:59,2026-09-24T19:21:12.817Z,2026-09-24T19:21:59.396Z,
6ab578581caeb5d409c3d84e,Lightning Roulette,2,Preto,Par,2026-09-24 16:22:00,2026-09-24T19:21:16.825Z,2026-09-24T19:22:00.197Z,4x50 19x50 35x150
6ab578631caeb5d409c3d850,XXXtreme Lightning Roulette,15,Preto,Impar,2026-09-24 16:22:10,2026-09-24T19:21:21.841Z,2026-09-24T19:22:10.746Z,8x100 10x600 11x50 14x100 19x100 22x100 35x150 36x100
6ab578741caeb5d409c3d854,Auto Roulette,28,Preto,Par,2026-09-24 16:22:27,2026-09-24T19:21:42.748Z,2026-09-24T19:22:27.660Z,
6ab5787d1caeb5d409c3d855,Gold Vault Roulette,18,Vermelho,Par,2026-09-24 16:22:37,2026-09-24T19:21:52.490Z,2026-09-24T19:22:37.120Z,4x50 7x50 8x50 13x100 19x50 26x50 32x100 33x150
6ab578881caeb5d409c3d857,Immersive Roulette,19,Vermelho,Impar,2026-09-24 16:22:47,2026-09-24T19:22:02.474Z,2026-09-24T19:22:47.926Z,
6ab578891caeb5d409c3d858,Lightning Roulette,10,Preto,Par,2026-09-24 16:22:49,2026-09-24T19:22:03.280Z,2026-09-24T19:22:49.210Z,12x100 15x50 36x150
6ab578921caeb5d409c3d859,XXXtreme Lightning Roulette,21,Vermelho,Impar,2026-09-24 16:22:58,2026-09-24T19:22:13.847Z,2026-09-24T19:22:58.736Z,10x100 14x100 15x100 18x50
6ab5789e1caeb5d409c3d85d,Auto Roulette,27,Vermelho,Impar,2026-09-24 16:23:09,2026-09-24T19:22:30.739Z,2026-09-24T19:23:09.648Z,
6ab578ad1caeb5d409c3d85e,Gold Vault Roulette,24,Preto,Par,2026-09-24 16:23:25,2026-09-24T19:22:40.228Z,2026-09-24T19:23:25.248Z,0x150 1x50 8x50 15x50 17x50 18x100 20x50 24x100 26x50 27x50 29x50 30x50 32x100 35x50 36x50
6ab578b71caeb5d409c3d860,Lightning Roulette,12,Vermelho,Par,2026-09-24 16:23:35,2026-09-24T19:22:52.317Z,2026-09-24T19:23:35.728Z,5x100 9x50 34x200
6ab578b91caeb5d409c3d861,Immersive Roulette,18,Vermelho,Par,2026-09-24 16:23:37,2026-09-24T19:22:50.993Z,2026-09-24T19:23:37.164Z,
6ab578c61caeb5d409c3d864,XXXtreme Lightning Roulette,36,Vermelho,Par,2026-09-24 16:23:49,2026-09-24T19:23:01.813Z,2026-09-24T19:23:49.744Z,6x100 7x50 20x100 30x100
6ab578c71caeb5d409c3d865,Auto Roulette,12,Vermelho,Par,2026-09-24 16:23:51,2026-09-24T19:23:12.749Z,2026-09-24T19:23:51.155Z,
6ab578e61caeb5d409c3d867,Lightning Roulette,33,Preto,Impar,2026-09-24 16:24:22,2026-09-24T19:23:38.834Z,2026-09-24T19:24:22.221Z,12x50 31x50 34x50
6ab578ee1caeb5d409c3d86a,Immersive Roulette,18,Vermelho,Par,2026-09-24 16:24:30,2026-09-24T19:23:40.232Z,2026-09-24T19:24:30.062Z,
6ab578f11caeb5d409c3d86b,Auto Roulette,19,Vermelho,Impar,2026-09-24 16:24:33,2026-09-24T19:23:54.240Z,2026-09-24T19:24:33.144Z,
6ab578f51caeb5d409c3d86c,XXXtreme Lightning Roulette,24,Preto,Par,2026-09-24 16:24:37,2026-09-24T19:23:52.842Z,2026-09-24T19:24:37.249Z,4x100 16x100 20x100 29x100
6ab578f6466af71c3502a876,Red Door Roulette,24,Preto,Par,2026-09-24 16:24:38,2026-09-24T19:21:33.333Z,2026-09-24T19:24:38.651Z,2x1 4x1 7x2 24x1 26x1 29x1 31x1
6ab579101caeb5d409c3d86d,Gold Vault Roulette,24,Preto,Par,2026-09-24 16:25:04,2026-09-24T19:24:17.588Z,2026-09-24T19:25:04.180Z,2x50 8x500 16x50 18x50 27x100 29x50 35x100
6ab579151caeb5d409c3d86f,Lightning Roulette,15,Preto,Impar,2026-09-24 16:25:09,2026-09-24T19:24:25.305Z,2026-09-24T19:25:09.212Z,18x50 20x100
6ab5791a1caeb5d409c3d871,Auto Roulette,20,Preto,Par,2026-09-24 16:25:14,2026-09-24T19:24:36.269Z,2026-09-24T19:25:14.635Z,
6ab579201caeb5d409c3d872,Immersive Roulette,18,Vermelho,Par,2026-09-24 16:25:20,2026-09-24T19:24:33.133Z,2026-09-24T19:25:20.148Z,
6ab579251caeb5d409c3d873,XXXtreme Lightning Roulette,14,Vermelho,Par,2026-09-24 16:25:25,2026-09-24T19:24:40.347Z,2026-09-24T19:25:25.272Z,0x100 3x100 5x100 11x600 22x50 26x100 31x50
6ab5793c1caeb5d409c3d874,Gold Vault Roulette,1,Vermelho,Impar,2026-09-24 16:25:47,2026-09-24T19:25:07.248Z,2026-09-24T19:25:47.842Z,0x50 1x50 4x50 5x50 6x50 8x50 12x50 17x50 19x50 24x150 28x50 30x50 31x50 35x500
6ab579431caeb5d409c3d877,Auto Roulette,24,Preto,Par,2026-09-24 16:25:55,2026-09-24T19:25:17.759Z,2026-09-24T19:25:55.650Z,
6ab579461caeb5d409c3d878,Lightning Roulette,25,Vermelho,Impar,2026-09-24 16:25:57,2026-09-24T19:25:12.328Z,2026-09-24T19:25:57.711Z,10x100 28x50
6ab579511caeb5d409c3d879,Immersive Roulette,4,Preto,Par,2026-09-24 16:26:09,2026-09-24T19:25:23.244Z,2026-09-24T19:26:09.030Z,
6ab579551caeb5d409c3d87a,XXXtreme Lightning Roulette,11,Preto,Impar,2026-09-24 16:26:13,2026-09-24T19:25:28.354Z,2026-09-24T19:26:13.262Z,19x100
6ab5796b1caeb5d409c3d87e,Gold Vault Roulette,9,Vermelho,Impar,2026-09-24 16:26:35,2026-09-24T19:25:50.956Z,2026-09-24T19:26:35.109Z,0x100 15x50 18x50 21x50 25x50 33x50 34x50
6ab5796d1caeb5d409c3d87f,Auto Roulette,1,Vermelho,Impar,2026-09-24 16:26:36,2026-09-24T19:25:58.750Z,2026-09-24T19:26:36.637Z,
6ab5796e466af71c3502a884,Red Door Roulette,2,Preto,Par,2026-09-24 16:26:38,2026-09-24T19:24:39.777Z,2026-09-24T19:26:38.281Z,2x1 8x1 9x2 16x1 17x1 18x1 22x1 25x1
6ab579781caeb5d409c3d880,Lightning Roulette,21,Vermelho,Impar,2026-09-24 16:26:47,2026-09-24T19:26:00.843Z,2026-09-24T19:26:47.705Z,21x100 35x50
6ab579801caeb5d409c3d882,Immersive Roulette,32,Vermelho,Par,2026-09-24 16:26:56,2026-09-24T19:26:12.095Z,2026-09-24T19:26:56.287Z,
6ab579891caeb5d409c3d884,XXXtreme Lightning Roulette,12,Vermelho,Par,2026-09-24 16:27:05,2026-09-24T19:26:16.347Z,2026-09-24T19:27:05.263Z,1x200 4x100 9x100 23x200 27x100 29x50
6ab579971caeb5d409c3d887,Auto Roulette,29,Preto,Impar,2026-09-24 16:27:19,2026-09-24T19:26:39.703Z,2026-09-24T19:27:19.135Z,
6ab5799a1caeb5d409c3d888,Gold Vault Roulette,31,Preto,Impar,2026-09-24 16:27:22,2026-09-24T19:26:38.224Z,2026-09-24T19:27:22.775Z,9x50 10x50 13x50 14x500 16x100 19x50 20x50 21x50 23x50 26x50
6ab579a7466af71c3502a88c,Red Door Roulette,25,Vermelho,Impar,2026-09-24 16:27:35,2026-09-24T19:26:39.386Z,2026-09-24T19:27:35.231Z,1x1 6x1 18x2 19x1 22x1 27x1 35x1
6ab579aa1caeb5d409c3d889,Lightning Roulette,11,Preto,Impar,2026-09-24 16:27:38,2026-09-24T19:26:50.838Z,2026-09-24T19:27:38.194Z,13x200
6ab579b31caeb5d409c3d88a,Immersive Roulette,0,Verde,None,2026-09-24 16:27:47,2026-09-24T19:26:59.370Z,2026-09-24T19:27:47.198Z,
6ab579bb1caeb5d409c3d88b,XXXtreme Lightning Roulette,1,Vermelho,Impar,2026-09-24 16:27:54,2026-09-24T19:27:08.348Z,2026-09-24T19:27:54.766Z,0x50 6x50 16x50 33x250
6ab579c21caeb5d409c3d88f,Auto Roulette,32,Vermelho,Par,2026-09-24 16:28:02,2026-09-24T19:27:22.234Z,2026-09-24T19:28:02.143Z,
6ab579c91caeb5d409c3d891,Gold Vault Roulette,1,Vermelho,Impar,2026-09-24 16:28:08,2026-09-24T19:27:25.892Z,2026-09-24T19:28:08.842Z,2x50 5x50 12x50 13x50 14x100 15x50 16x50 19x50 24x50 25x50 29x150 33x50 36x150
6ab579d71caeb5d409c3d893,Lightning Roulette,25,Vermelho,Impar,2026-09-24 16:28:22,2026-09-24T19:27:41.272Z,2026-09-24T19:28:22.709Z,1x100 2x50 20x50
6ab579e1466af71c3502a892,Red Door Roulette,5,Vermelho,Impar,2026-09-24 16:28:33,2026-09-24T19:27:38.315Z,2026-09-24T19:28:33.252Z,10x1 11x1 13x1 17x1 22x1 28x1 30x1 34x1
6ab579e31caeb5d409c3d894,Immersive Roulette,6,Preto,Par,2026-09-24 16:28:35,2026-09-24T19:27:50.265Z,2026-09-24T19:28:35.255Z,
6ab579ed1caeb5d409c3d897,Auto Roulette,32,Vermelho,Par,2026-09-24 16:28:44,2026-09-24T19:28:05.210Z,2026-09-24T19:28:44.629Z,
6ab579ef1caeb5d409c3d898,XXXtreme Lightning Roulette,3,Vermelho,Impar,2026-09-24 16:28:47,2026-09-24T19:27:57.867Z,2026-09-24T19:28:47.275Z,7x50 13x50 14x100 18x400 26x50 30x100 36x100
6ab579fa1caeb5d409c3d899,Gold Vault Roulette,22,Preto,Par,2026-09-24 16:28:58,2026-09-24T19:28:11.922Z,2026-09-24T19:28:58.116Z,2x50 8x50 9x50 11x50 23x50 24x50 30x50 35x50
6ab57a0a1caeb5d409c3d89c,Lightning Roulette,7,Vermelho,Impar,2026-09-24 16:29:14,2026-09-24T19:28:25.827Z,2026-09-24T19:29:14.214Z,9x200 15x100
6ab57a171caeb5d409c3d89e,Auto Roulette,12,Vermelho,Par,2026-09-24 16:29:27,2026-09-24T19:28:47.737Z,2026-09-24T19:29:27.672Z,
6ab57a191caeb5d409c3d89f,Immersive Roulette,33,Preto,Impar,2026-09-24 16:29:29,2026-09-24T19:28:38.325Z,2026-09-24T19:29:29.336Z,
6ab57a251caeb5d409c3d8a0,XXXtreme Lightning Roulette,0,Verde,None,2026-09-24 16:29:40,2026-09-24T19:28:50.371Z,2026-09-24T19:29:40.799Z,11x100 22x600 31x600 36x100
6ab57a2a1caeb5d409c3d8a1,Gold Vault Roulette,22,Preto,Par,2026-09-24 16:29:46,2026-09-24T19:29:01.239Z,2026-09-24T19:29:46.653Z,0x50 5x100 6x50 13x100 16x50 17x50 19x100 23x150 32x50 34x50
6ab57a3d1caeb5d409c3d8a4,Lightning Roulette,21,Vermelho,Impar,2026-09-24 16:30:05,2026-09-24T19:29:17.320Z,2026-09-24T19:30:05.208Z,7x150 18x50
6ab57a431caeb5d409c3d8a6,Auto Roulette,21,Vermelho,Impar,2026-09-24 16:30:10,2026-09-24T19:29:30.773Z,2026-09-24T19:30:10.651Z,
6ab57a4e1caeb5d409c3d8a8,Immersive Roulette,21,Vermelho,Impar,2026-09-24 16:30:22,2026-09-24T19:29:32.412Z,2026-09-24T19:30:22.624Z,
6ab57a591caeb5d409c3d8aa,XXXtreme Lightning Roulette,10,Preto,Par,2026-09-24 16:30:32,2026-09-24T19:29:43.876Z,2026-09-24T19:30:32.805Z,14x100 27x100 33x150
6ab57a5b466af71c3502a89d,Red Door Roulette,12,Vermelho,Par,2026-09-24 16:30:35,2026-09-24T19:28:36.380Z,2026-09-24T19:30:35.327Z,7x1 11x3 12x1 16x2 27x1
6ab57a5c1caeb5d409c3d8ac,Gold Vault Roulette,10,Preto,Par,2026-09-24 16:30:36,2026-09-24T19:29:49.789Z,2026-09-24T19:30:36.365Z,0x50 6x50 7x50 8x50 9x50 17x50 19x50 20x100 21x50 26x50 28x50 31x50 33x50 35x50
6ab57a6c1caeb5d409c3d8ae,Lightning Roulette,12,Vermelho,Par,2026-09-24 16:30:52,2026-09-24T19:30:08.355Z,2026-09-24T19:30:52.223Z,30x50 33x100
6ab57a721caeb5d409c3d8af,Auto Roulette,8,Preto,Par,2026-09-24 16:30:57,2026-09-24T19:30:13.786Z,2026-09-24T19:30:57.641Z,
6ab57a861caeb5d409c3d8b1,Immersive Roulette,24,Preto,Par,2026-09-24 16:31:17,2026-09-24T19:30:25.707Z,2026-09-24T19:31:17.924Z,
6ab57a8b1caeb5d409c3d8b2,XXXtreme Lightning Roulette,4,Preto,Par,2026-09-24 16:31:22,2026-09-24T19:30:35.904Z,2026-09-24T19:31:22.803Z,1x50 17x400 34x100 35x50
6ab57a8d1caeb5d409c3d8b4,Gold Vault Roulette,21,Vermelho,Impar,2026-09-24 16:31:24,2026-09-24T19:30:39.492Z,2026-09-24T19:31:24.845Z,4x50 21x50 32x100 35x50 36x50
6ab57a99466af71c3502a8a5,Red Door Roulette,0,Verde,None,2026-09-24 16:31:36,2026-09-24T19:30:36.442Z,2026-09-24T19:31:36.733Z,8x1 11x1 12x1 14x1 23x1 24x1 26x1 31x1
6ab57a9e1caeb5d409c3d8b6,Lightning Roulette,20,Preto,Par,2026-09-24 16:31:41,2026-09-24T19:30:55.313Z,2026-09-24T19:31:41.702Z,2x50 12x50 28x150
6ab57aa01caeb5d409c3d8b7,Auto Roulette,2,Preto,Par,2026-09-24 16:31:44,2026-09-24T19:31:00.724Z,2026-09-24T19:31:44.141Z,
6ab57ab71caeb5d409c3d8ba,Immersive Roulette,2,Preto,Par,2026-09-24 16:32:07,2026-09-24T19:31:21.020Z,2026-09-24T19:32:07.216Z,
6ab57abd1caeb5d409c3d8bb,XXXtreme Lightning Roulette,27,Vermelho,Impar,2026-09-24 16:32:12,2026-09-24T19:31:25.875Z,2026-09-24T19:32:12.800Z,8x100 9x50 26x150 27x200 34x100
6ab57aca1caeb5d409c3d8bc,Auto Roulette,36,Vermelho,Par,2026-09-24 16:32:25,2026-09-24T19:31:47.261Z,2026-09-24T19:32:25.645Z,
6ab57acd1caeb5d409c3d8bd,Lightning Roulette,33,Preto,Impar,2026-09-24 16:32:28,2026-09-24T19:31:44.831Z,2026-09-24T19:32:28.716Z,0x50 28x100 29x100
6ab57ad6466af71c3502a8ae,Red Door Roulette,11,Preto,Impar,2026-09-24 16:32:38,2026-09-24T19:31:39.824Z,2026-09-24T19:32:38.230Z,7x1 13x1 20x1 21x1 29x1 32x1
6ab57aec1caeb5d409c3d8c0,Gold Vault Roulette,34,Vermelho,Par,2026-09-24 16:33:00,2026-09-24T19:32:16.872Z,2026-09-24T19:33:00.256Z,1x50 5x50 12x100 13x100 15x50 30x100 32x50
6ab57aee1caeb5d409c3d8c2,Immersive Roulette,29,Preto,Impar,2026-09-24 16:33:01,2026-09-24T19:32:10.296Z,2026-09-24T19:33:01.707Z,
6ab57af31caeb5d409c3d8c3,XXXtreme Lightning Roulette,34,Vermelho,Par,2026-09-24 16:33:06,2026-09-24T19:32:15.878Z,2026-09-24T19:33:06.810Z,2x100 7x300 18x50 20x1000 26x50 32x200
6ab57af41caeb5d409c3d8c4,Auto Roulette,10,Preto,Par,2026-09-24 16:33:07,2026-09-24T19:32:28.741Z,2026-09-24T19:33:07.675Z,
6ab57aff1caeb5d409c3d8c6,Lightning Roulette,7,Vermelho,Impar,2026-09-24 16:33:19,2026-09-24T19:32:31.805Z,2026-09-24T19:33:19.206Z,5x100 23x50
6ab57b0f466af71c3502a8b7,Red Door Roulette,20,Preto,Par,2026-09-24 16:33:34,2026-09-24T19:32:41.334Z,2026-09-24T19:33:34.748Z,4x1 6x1 11x1 22x1 26x1 27x1 32x1
6ab57b221caeb5d409c3d8cb,Immersive Roulette,12,Vermelho,Par,2026-09-24 16:33:53,2026-09-24T19:33:04.799Z,2026-09-24T19:33:53.850Z,
6ab57b241caeb5d409c3d8cc,Auto Roulette,14,Vermelho,Par,2026-09-24 16:33:55,2026-09-24T19:33:10.754Z,2026-09-24T19:33:55.655Z,
6ab57b281caeb5d409c3d8cd,XXXtreme Lightning Roulette,33,Preto,Impar,2026-09-24 16:33:59,2026-09-24T19:33:09.939Z,2026-09-24T19:33:59.812Z,26x100 32x100 36x600
6ab57b341caeb5d409c3d8d2,Lightning Roulette,4,Preto,Par,2026-09-24 16:34:11,2026-09-24T19:33:22.334Z,2026-09-24T19:34:11.712Z,0x50 1x50 11x150
6ab57b49466af71c3502a8bc,Red Door Roulette,15,Preto,Impar,2026-09-24 16:34:33,2026-09-24T19:33:37.822Z,2026-09-24T19:34:33.248Z,0x3 1x1 4x1 5x1 18x1 23x1 36x1
6ab57b4b1caeb5d409c3d8d4,Gold Vault Roulette,2,Preto,Par,2026-09-24 16:34:35,2026-09-24T19:33:49.869Z,2026-09-24T19:34:35.671Z,17x100 19x100 20x100 22x50 32x50
6ab57b4e1caeb5d409c3d8d5,Auto Roulette,1,Vermelho,Impar,2026-09-24 16:34:38,2026-09-24T19:33:58.759Z,2026-09-24T19:34:38.152Z,
6ab57b541caeb5d409c3d8d7,Immersive Roulette,31,Preto,Impar,2026-09-24 16:34:44,2026-09-24T19:33:56.854Z,2026-09-24T19:34:44.654Z,
6ab57b591caeb5d409c3d8d9,XXXtreme Lightning Roulette,27,Vermelho,Impar,2026-09-24 16:34:49,2026-09-24T19:34:02.893Z,2026-09-24T19:34:49.316Z,10x50 31x150
6ab57b671caeb5d409c3d8db,Lightning Roulette,18,Vermelho,Par,2026-09-24 16:35:02,2026-09-24T19:34:14.823Z,2026-09-24T19:35:02.702Z,19x50 21x200 34x200
6ab57b7b1caeb5d409c3d8de,Gold Vault Roulette,34,Vermelho,Par,2026-09-24 16:35:22,2026-09-24T19:34:38.775Z,2026-09-24T19:35:22.955Z,10x100 14x150 19x50 24x50 28x50 30x150 33x50 35x50
6ab57b7d1caeb5d409c3d8df,Auto Roulette,1,Vermelho,Impar,2026-09-24 16:35:25,2026-09-24T19:34:41.238Z,2026-09-24T19:35:25.633Z,
6ab57b81466af71c3502a8c3,Red Door Roulette,14,Vermelho,Par,2026-09-24 16:35:29,2026-09-24T19:34:36.415Z,2026-09-24T19:35:29.240Z,0x1 1x1 4x1 8x1 9x1 12x1 15x1 23x3 30x1 32x1 35x1
6ab57b891caeb5d409c3d8e1,Immersive Roulette,24,Preto,Par,2026-09-24 16:35:36,2026-09-24T19:34:47.764Z,2026-09-24T19:35:36.763Z,
6ab57b8d1caeb5d409c3d8e2,XXXtreme Lightning Roulette,2,Preto,Par,2026-09-24 16:35:40,2026-09-24T19:34:52.417Z,2026-09-24T19:35:40.814Z,8x400 12x100 15x100 23x100 34x200 35x600
6ab57b941caeb5d409c3d8e3,Lightning Roulette,35,Preto,Impar,2026-09-24 16:35:48,2026-09-24T19:35:05.810Z,2026-09-24T19:35:48.214Z,15x200 28x50 32x100
6ab57ba71caeb5d409c3d8e4,Gold Vault Roulette,12,Vermelho,Par,2026-09-24 16:36:07,2026-09-24T19:35:26.041Z,2026-09-24T19:36:07.401Z,1x50 4x50 5x100 9x50 13x50 14x500 20x50 21x50 22x50 24x50 25x50 27x50 29x50 30x50 31x50 32x50 33x50 34x50
6ab57ba81caeb5d409c3d8e6,Auto Roulette,6,Preto,Par,2026-09-24 16:36:08,2026-09-24T19:35:28.733Z,2026-09-24T19:36:08.158Z,
6ab57bbb466af71c3502a8cb,Red Door Roulette,15,Preto,Impar,2026-09-24 16:36:27,2026-09-24T19:35:32.347Z,2026-09-24T19:36:27.281Z,1x2 2x1 6x1 21x1 30x3 32x1 36x1
6ab57bbd1caeb5d409c3d8e8,Immersive Roulette,14,Vermelho,Par,2026-09-24 16:36:29,2026-09-24T19:35:39.828Z,2026-09-24T19:36:29.619Z,
6ab57bc11caeb5d409c3d8ea,XXXtreme Lightning Roulette,16,Vermelho,Par,2026-09-24 16:36:33,2026-09-24T19:35:43.899Z,2026-09-24T19:36:33.370Z,6x100 15x50 21x200
6ab57bc61caeb5d409c3d8eb,Lightning Roulette,25,Vermelho,Impar,2026-09-24 16:36:38,2026-09-24T19:35:51.320Z,2026-09-24T19:36:38.222Z,15x100 28x50
6ab57bd41caeb5d409c3d8ed,Gold Vault Roulette,0,Verde,None,2026-09-24 16:36:52,2026-09-24T19:36:10.497Z,2026-09-24T19:36:52.296Z,1x50 3x100 6x500 15x150 16x50
6ab57bd51caeb5d409c3d8ee,Auto Roulette,3,Vermelho,Impar,2026-09-24 16:36:52,2026-09-24T19:36:11.229Z,2026-09-24T19:36:52.654Z,
6ab57bf11caeb5d409c3d8f2,Immersive Roulette,31,Preto,Impar,2026-09-24 16:37:21,2026-09-24T19:36:32.707Z,2026-09-24T19:37:21.686Z,
6ab57bf71caeb5d409c3d8f3,XXXtreme Lightning Roulette,9,Vermelho,Impar,2026-09-24 16:37:26,2026-09-24T19:36:36.454Z,2026-09-24T19:37:26.818Z,7x100 20x100
6ab57bf81caeb5d409c3d8f4,Lightning Roulette,8,Preto,Par,2026-09-24 16:37:28,2026-09-24T19:36:41.335Z,2026-09-24T19:37:28.213Z,12x100 26x50 33x100
6ab57bf8466af71c3502a8d3,Red Door Roulette,21,Vermelho,Impar,2026-09-24 16:37:28,2026-09-24T19:36:30.380Z,2026-09-24T19:37:28.236Z,14x1 17x1 24x1 32x1
6ab57bfe1caeb5d409c3d8f5,Auto Roulette,2,Preto,Par,2026-09-24 16:37:34,2026-09-24T19:36:55.802Z,2026-09-24T19:37:34.148Z,
6ab57c221caeb5d409c3d8f7,Immersive Roulette,9,Vermelho,Impar,2026-09-24 16:38:09,2026-09-24T19:37:24.771Z,2026-09-24T19:38:09.769Z,
6ab57c271caeb5d409c3d8f8,Lightning Roulette,12,Vermelho,Par,2026-09-24 16:38:15,2026-09-24T19:37:31.365Z,2026-09-24T19:38:15.212Z,5x500 30x50 32x100
6ab57c2c1caeb5d409c3d8f9,Auto Roulette,22,Preto,Par,2026-09-24 16:38:20,2026-09-24T19:37:37.222Z,2026-09-24T19:38:20.145Z,
6ab57c2c1caeb5d409c3d8fa,XXXtreme Lightning Roulette,24,Preto,Par,2026-09-24 16:38:20,2026-09-24T19:37:29.915Z,2026-09-24T19:38:20.345Z,14x200 16x100 20x100
6ab57c34466af71c3502a8da,Red Door Roulette,19,Vermelho,Impar,2026-09-24 16:38:28,2026-09-24T19:37:31.385Z,2026-09-24T19:38:28.249Z,2x1 3x1 4x1 8x1 10x1 16x1 18x4 23x1 26x1 27x2 33x1 35x1 36x1
6ab57c521caeb5d409c3d8fe,Immersive Roulette,16,Vermelho,Par,2026-09-24 16:38:58,2026-09-24T19:38:12.849Z,2026-09-24T19:38:58.268Z,
6ab57c561caeb5d409c3d900,Auto Roulette,26,Preto,Par,2026-09-24 16:39:01,2026-09-24T19:38:23.254Z,2026-09-24T19:39:01.632Z,
6ab57c561caeb5d409c3d901,Lightning Roulette,22,Preto,Par,2026-09-24 16:39:02,2026-09-24T19:38:18.331Z,2026-09-24T19:39:02.711Z,7x150 9x50
6ab57c621caeb5d409c3d904,Gold Vault Roulette,4,Preto,Par,2026-09-24 16:39:13,2026-09-24T19:38:31.547Z,2026-09-24T19:39:13.707Z,5x50 8x50 14x50 15x50 19x50 23x50 24x50 33x100 36x100
6ab57c641caeb5d409c3d905,XXXtreme Lightning Roulette,11,Preto,Impar,2026-09-24 16:39:14,2026-09-24T19:38:23.429Z,2026-09-24T19:39:14.829Z,25x100 27x50 32x50
6ab57c72466af71c3502a8e3,Red Door Roulette,21,Vermelho,Impar,2026-09-24 16:39:29,2026-09-24T19:38:31.340Z,2026-09-24T19:39:29.756Z,0x1 2x2 3x1 8x1 18x1 19x5
6ab57c7f1caeb5d409c3d90a,Auto Roulette,30,Vermelho,Par,2026-09-24 16:39:43,2026-09-24T19:39:04.723Z,2026-09-24T19:39:43.142Z,
6ab57c801caeb5d409c3d90b,Immersive Roulette,13,Preto,Impar,2026-09-24 16:39:44,2026-09-24T19:39:01.384Z,2026-09-24T19:39:44.736Z,
6ab57c821caeb5d409c3d90d,Lightning Roulette,25,Vermelho,Impar,2026-09-24 16:39:46,2026-09-24T19:39:05.835Z,2026-09-24T19:39:46.236Z,3x50 5x100 15x100 30x150
6ab57c971caeb5d409c3d90f,XXXtreme Lightning Roulette,36,Vermelho,Par,2026-09-24 16:40:04,2026-09-24T19:39:17.933Z,2026-09-24T19:40:04.839Z,11x50 25x100 3x50 36x100
6ab57cab466af71c3502a8e9,Red Door Roulette,21,Vermelho,Impar,2026-09-24 16:40:26,2026-09-24T19:39:32.886Z,2026-09-24T19:40:26.738Z,0x1 5x1 12x1 13x1 28x1 29x1 30x1 34x10
6ab57cac1caeb5d409c3d913,Auto Roulette,33,Preto,Impar,2026-09-24 16:40:27,2026-09-24T19:39:46.205Z,2026-09-24T19:40:27.636Z,
6ab57caf1caeb5d409c3d914,Immersive Roulette,35,Preto,Impar,2026-09-24 16:40:31,2026-09-24T19:39:47.802Z,2026-09-24T19:40:31.598Z,
6ab57cb41caeb5d409c3d915,Lightning Roulette,8,Preto,Par,2026-09-24 16:40:35,2026-09-24T19:39:49.364Z,2026-09-24T19:40:35.702Z,9x50 32x50
6ab57cc11caeb5d409c3d917,Gold Vault Roulette,8,Preto,Par,2026-09-24 16:40:49,2026-09-24T19:40:04.497Z,2026-09-24T19:40:49.460Z,2x500 5x50 7x50 9x100 18x50 22x50
6ab57cc91caeb5d409c3d918,XXXtreme Lightning Roulette,11,Preto,Impar,2026-09-24 16:40:57,2026-09-24T19:40:07.933Z,2026-09-24T19:40:57.338Z,7x700 28x100
6ab57cda1caeb5d409c3d91b,Auto Roulette,33,Preto,Impar,2026-09-24 16:41:14,2026-09-24T19:40:30.722Z,2026-09-24T19:41:14.156Z,
6ab57ce11caeb5d409c3d91c,Lightning Roulette,30,Vermelho,Par,2026-09-24 16:41:21,2026-09-24T19:40:38.869Z,2026-09-24T19:41:21.222Z,1x50 15x100 21x50
6ab57ce31caeb5d409c3d91d,Immersive Roulette,32,Vermelho,Par,2026-09-24 16:41:23,2026-09-24T19:40:34.653Z,2026-09-24T19:41:23.270Z,
6ab57ce4466af71c3502a8f1,Red Door Roulette,28,Preto,Par,2026-09-24 16:41:23,2026-09-24T19:40:29.821Z,2026-09-24T19:41:23.756Z,0x1 1x1 4x1 8x1 9x1 12x1 18x1 26x1 31x1 33x1 36x1
6ab57cf11caeb5d409c3d91e,Gold Vault Roulette,6,Preto,Par,2026-09-24 16:41:37,2026-09-24T19:40:52.582Z,2026-09-24T19:41:37.187Z,2x100 3x50 5x50 8x50 9x50 12x500 18x100 23x50 27x50 32x50 33x100 34x100
6ab57cfc1caeb5d409c3d921,XXXtreme Lightning Roulette,14,Vermelho,Par,2026-09-24 16:41:47,2026-09-24T19:41:00.434Z,2026-09-24T19:41:47.850Z,2x50 22x50
6ab57d011caeb5d409c3d923,Auto Roulette,31,Preto,Impar,2026-09-24 16:41:52,2026-09-24T19:41:17.277Z,2026-09-24T19:41:52.635Z,
6ab57d121caeb5d409c3d925,Lightning Roulette,26,Preto,Par,2026-09-24 16:42:10,2026-09-24T19:41:24.310Z,2026-09-24T19:42:10.212Z,17x100 34x200 35x50
6ab57d151caeb5d409c3d926,Immersive Roulette,19,Vermelho,Impar,2026-09-24 16:42:13,2026-09-24T19:41:26.340Z,2026-09-24T19:42:13.341Z,
6ab57d20466af71c3502a8f9,Red Door Roulette,18,Vermelho,Par,2026-09-24 16:42:22,2026-09-24T19:41:26.854Z,2026-09-24T19:42:22.244Z,4x1 14x1 7x1 3x2 6x5 1x1
6ab57d1f1caeb5d409c3d927,Gold Vault Roulette,5,Vermelho,Impar,2026-09-24 16:42:23,2026-09-24T19:41:40.414Z,2026-09-24T19:42:23.723Z,3x50 8x50 10x50 11x50 12x50 17x50 18x50 31x50
6ab57d2d1caeb5d409c3d92b,XXXtreme Lightning Roulette,5,Vermelho,Impar,2026-09-24 16:42:37,2026-09-24T19:41:50.952Z,2026-09-24T19:42:37.358Z,1x100 10x150 17x100 19x100 22x50 26x50 30x50
6ab57d431caeb5d409c3d92c,Lightning Roulette,28,Preto,Par,2026-09-24 16:42:59,2026-09-24T19:42:13.362Z,2026-09-24T19:42:59.719Z,4x50 6x100 14x200 18x100
6ab57d481caeb5d409c3d92d,Immersive Roulette,31,Preto,Impar,2026-09-24 16:43:04,2026-09-24T19:42:16.397Z,2026-09-24T19:43:04.593Z,
6ab57d501caeb5d409c3d92f,Gold Vault Roulette,25,Vermelho,Impar,2026-09-24 16:43:11,2026-09-24T19:42:26.808Z,2026-09-24T19:43:11.813Z,2x100 8x50 17x50 18x50 20x50 25x50 30x50 31x50 34x100
6ab57d5f466af71c3502a901,Red Door Roulette,0,Verde,None,2026-09-24 16:43:23,2026-09-24T19:42:25.342Z,2026-09-24T19:43:23.243Z,11x1 21x1 25x1 29x1 6x1 36x1
6ab57d5e1caeb5d409c3d931,XXXtreme Lightning Roulette,25,Vermelho,Impar,2026-09-24 16:43:26,2026-09-24T19:42:40.446Z,2026-09-24T19:43:26.374Z,20x100
6ab57d721caeb5d409c3d934,Lightning Roulette,32,Vermelho,Par,2026-09-24 16:43:46,2026-09-24T19:43:02.869Z,2026-09-24T19:43:46.718Z,2x150 22x50 24x50
6ab57d7d1caeb5d409c3d937,Immersive Roulette,23,Vermelho,Impar,2026-09-24 16:43:57,2026-09-24T19:43:07.663Z,2026-09-24T19:43:57.485Z,
6ab57d7e1caeb5d409c3d938,Gold Vault Roulette,20,Preto,Par,2026-09-24 16:43:57,2026-09-24T19:43:14.902Z,2026-09-24T19:43:57.889Z,7x50 11x50 16x150 23x50 25x100 27x50 29x50 32x50
6ab57d941caeb5d409c3d93a,XXXtreme Lightning Roulette,3,Vermelho,Impar,2026-09-24 16:44:19,2026-09-24T19:43:29.465Z,2026-09-24T19:44:19.863Z,29x700 33x100 35x100
6ab57d9e1caeb5d409c3d93b,Lightning Roulette,15,Preto,Impar,2026-09-24 16:44:29,2026-09-24T19:43:49.822Z,2026-09-24T19:44:29.718Z,16x100 29x150 31x100
6ab57dad1caeb5d409c3d93d,Gold Vault Roulette,26,Preto,Par,2026-09-24 16:44:44,2026-09-24T19:44:01.005Z,2026-09-24T19:44:44.806Z,6x50 7x50 12x100 17x50 19x50 21x100 31x50 35x50
6ab57dad1caeb5d409c3d93e,Immersive Roulette,6,Preto,Par,2026-09-24 16:44:45,2026-09-24T19:44:00.583Z,2026-09-24T19:44:45.552Z,
6ab57db41caeb5d409c3d941,Auto Roulette,7,Vermelho,Impar,2026-09-24 16:44:51,2026-09-24T19:44:09.763Z,2026-09-24T19:44:51.655Z,
6ab57dc91caeb5d409c3d944,XXXtreme Lightning Roulette,33,Preto,Impar,2026-09-24 16:45:13,2026-09-24T19:44:22.959Z,2026-09-24T19:45:13.370Z,12x100 30x50
6ab57dcc466af71c3502a90e,Red Door Roulette,31,Preto,Impar,2026-09-24 16:45:14,2026-09-24T19:43:26.360Z,2026-09-24T19:45:14.013Z,12x1 4x1 15x1 24x1 5x1 31x1 20x1 7x1 17x1 14x1
6ab57dce1caeb5d409c3d945,Lightning Roulette,7,Vermelho,Impar,2026-09-24 16:45:17,2026-09-24T19:44:32.854Z,2026-09-24T19:45:17.724Z,17x100 20x50
6ab57ddc1caeb5d409c3d948,Gold Vault Roulette,9,Vermelho,Impar,2026-09-24 16:45:32,2026-09-24T19:44:47.890Z,2026-09-24T19:45:32.068Z,10x50 13x50 18x50 22x100 27x100 29x50
6ab57dde1caeb5d409c3d949,Immersive Roulette,10,Preto,Par,2026-09-24 16:45:34,2026-09-24T19:44:48.652Z,2026-09-24T19:45:34.068Z,
6ab57de21caeb5d409c3d94a,Auto Roulette,23,Vermelho,Impar,2026-09-24 16:45:37,2026-09-24T19:44:54.779Z,2026-09-24T19:45:37.658Z,
6ab57df91caeb5d409c3d94e,XXXtreme Lightning Roulette,31,Preto,Impar,2026-09-24 16:46:01,2026-09-24T19:45:16.473Z,2026-09-24T19:46:01.380Z,0x100 11x600 17x50
6ab57dfd1caeb5d409c3d94f,Lightning Roulette,9,Vermelho,Impar,2026-09-24 16:46:05,2026-09-24T19:45:20.826Z,2026-09-24T19:46:05.243Z,16x50 32x100
6ab57e08466af71c3502a917,Red Door Roulette,14,Vermelho,Par,2026-09-24 16:46:15,2026-09-24T19:45:20.227Z,2026-09-24T19:46:15.744Z,8x4 16x1 27x4 29x1 30x1 33x1 35x1
6ab57e081caeb5d409c3d952,Gold Vault Roulette,29,Preto,Impar,2026-09-24 16:46:16,2026-09-24T19:45:35.152Z,2026-09-24T19:46:16.157Z,5x100 6x100 20x50 22x50 26x50 27x50 30x500 32x100 33x50 34x50
6ab57e0d1caeb5d409c3d953,Auto Roulette,32,Vermelho,Par,2026-09-24 16:46:21,2026-09-24T19:45:40.791Z,2026-09-24T19:46:21.653Z,
6ab57e131caeb5d409c3d954,Immersive Roulette,10,Preto,Par,2026-09-24 16:46:26,2026-09-24T19:45:37.145Z,2026-09-24T19:46:26.924Z,
6ab57e2b1caeb5d409c3d956,Lightning Roulette,2,Preto,Par,2026-09-24 16:46:51,2026-09-24T19:46:08.361Z,2026-09-24T19:46:51.208Z,28x100 29x100
6ab57e301caeb5d409c3d957,XXXtreme Lightning Roulette,2,Preto,Par,2026-09-24 16:46:55,2026-09-24T19:46:04.483Z,2026-09-24T19:46:55.880Z,2x100 4x50 6x50 9x50 11x200 13x100 28x50
6ab57e351caeb5d409c3d95a,Auto Roulette,31,Preto,Impar,2026-09-24 16:47:01,2026-09-24T19:46:24.758Z,2026-09-24T19:47:01.138Z,
6ab57e381caeb5d409c3d95b,Gold Vault Roulette,30,Vermelho,Par,2026-09-24 16:47:03,2026-09-24T19:46:19.313Z,2026-09-24T19:47:03.865Z,18x50 25x50 26x100 30x50 34x50 36x150
6ab57e41466af71c3502a91e,Red Door Roulette,31,Preto,Impar,2026-09-24 16:47:12,2026-09-24T19:46:18.845Z,2026-09-24T19:47:12.763Z,12x1 15x1 22x1
6ab57e481caeb5d409c3d95d,Immersive Roulette,23,Vermelho,Impar,2026-09-24 16:47:20,2026-09-24T19:46:30.021Z,2026-09-24T19:47:20.606Z,
6ab57e571caeb5d409c3d95e,Lightning Roulette,21,Vermelho,Impar,2026-09-24 16:47:35,2026-09-24T19:46:54.310Z,2026-09-24T19:47:35.719Z,14x150 17x100 29x50
6ab57e5f1caeb5d409c3d960,Auto Roulette,22,Preto,Par,2026-09-24 16:47:42,2026-09-24T19:47:04.209Z,2026-09-24T19:47:42.632Z,
6ab57e681caeb5d409c3d961,Gold Vault Roulette,30,Vermelho,Par,2026-09-24 16:47:51,2026-09-24T19:47:06.957Z,2026-09-24T19:47:51.944Z,2x100 6x50 8x50 15x50 21x100 22x50
6ab57e6b1caeb5d409c3d963,XXXtreme Lightning Roulette,1,Vermelho,Impar,2026-09-24 16:47:55,2026-09-24T19:46:58.977Z,2026-09-24T19:47:55.389Z,3x200 12x50 35x100
6ab57e7a1caeb5d409c3d966,Immersive Roulette,13,Preto,Impar,2026-09-24 16:48:10,2026-09-24T19:47:23.675Z,2026-09-24T19:48:10.295Z,
6ab57e7c466af71c3502a925,Red Door Roulette,35,Preto,Impar,2026-09-24 16:48:12,2026-09-24T19:47:15.898Z,2026-09-24T19:48:12.247Z,3x1 14x1 29x1 30x1
6ab57e8a1caeb5d409c3d96a,Lightning Roulette,18,Vermelho,Par,2026-09-24 16:48:23,2026-09-24T19:47:38.841Z,2026-09-24T19:48:23.707Z,11x50 25x100 7x100
6ab57e8a1caeb5d409c3d969,Auto Roulette,36,Vermelho,Par,2026-09-24 16:48:26,2026-09-24T19:47:45.718Z,2026-09-24T19:48:26.152Z,
6ab57ea01caeb5d409c3d96d,XXXtreme Lightning Roulette,33,Preto,Impar,2026-09-24 16:48:47,2026-09-24T19:47:58.610Z,2026-09-24T19:48:47.902Z,0x50 1x50 6x200 16x300 24x100 30x100
6ab57ea91caeb5d409c3d96e,Immersive Roulette,6,Preto,Par,2026-09-24 16:48:57,2026-09-24T19:48:13.391Z,2026-09-24T19:48:57.573Z,
6ab57eb61caeb5d409c3d971,Auto Roulette,32,Vermelho,Par,2026-09-24 16:49:09,2026-09-24T19:48:29.273Z,2026-09-24T19:49:09.639Z,
6ab57eb81caeb5d409c3d972,Lightning Roulette,18,Vermelho,Par,2026-09-24 16:49:10,2026-09-24T19:48:26.794Z,2026-09-24T19:49:10.208Z,14x100 28x100 5x50
6ab57eb8466af71c3502a92c,Red Door Roulette,26,Preto,Par,2026-09-24 16:49:11,2026-09-24T19:48:15.350Z,2026-09-24T19:49:11.760Z,0x1 6x1 16x2 19x3 27x1 29x1
6ab57ed31caeb5d409c3d975,XXXtreme Lightning Roulette,8,Preto,Par,2026-09-24 16:49:38,2026-09-24T19:48:50.991Z,2026-09-24T19:49:38.907Z,3x100 21x50 25x50
6ab57ede1caeb5d409c3d977,Auto Roulette,9,Vermelho,Impar,2026-09-24 16:49:50,2026-09-24T19:49:12.713Z,2026-09-24T19:49:50.128Z,
6ab57ee71caeb5d409c3d979,Lightning Roulette,32,Vermelho,Par,2026-09-24 16:49:57,2026-09-24T19:49:13.328Z,2026-09-24T19:49:57.700Z,24x100 28x50 35x100
6ab57ef01caeb5d409c3d97b,Gold Vault Roulette,6,Preto,Par,2026-09-24 16:50:08,2026-09-24T19:49:24.834Z,2026-09-24T19:50:08.599Z,2x100 11x50 17x150 20x50 21x50 22x50 24x100
6ab57ef4466af71c3502a932,Red Door Roulette,6,Preto,Par,2026-09-24 16:50:11,2026-09-24T19:49:14.896Z,2026-09-24T19:50:11.766Z,5x2 11x1 14x1 18x1 19x1 20x1 21x1 25x1 28x1 31x1
6ab57f061caeb5d409c3d97d,XXXtreme Lightning Roulette,12,Vermelho,Par,2026-09-24 16:50:30,2026-09-24T19:49:41.987Z,2026-09-24T19:50:30.406Z,5x100 10x50
6ab57f091caeb5d409c3d97e,Auto Roulette,0,Verde,None,2026-09-24 16:50:33,2026-09-24T19:49:53.217Z,2026-09-24T19:50:33.129Z,
6ab57f111caeb5d409c3d980,Immersive Roulette,34,Vermelho,Par,2026-09-24 16:50:41,2026-09-24T19:49:49.102Z,2026-09-24T19:50:41.322Z,
6ab57f161caeb5d409c3d982,Lightning Roulette,36,Vermelho,Par,2026-09-24 16:50:46,2026-09-24T19:50:00.845Z,2026-09-24T19:50:46.211Z,16x100 17x50
6ab57f231caeb5d409c3d983,Gold Vault Roulette,3,Vermelho,Impar,2026-09-24 16:50:59,2026-09-24T19:50:11.733Z,2026-09-24T19:50:59.065Z,0x500 4x50 10x150 11x50 22x50 27x50 34x50 36x50
6ab57f30466af71c3502a93a,Red Door Roulette,27,Vermelho,Impar,2026-09-24 16:51:12,2026-09-24T19:50:14.914Z,2026-09-24T19:51:12.257Z,5x1 14x1 15x1 16x1 30x1
6ab57f341caeb5d409c3d984,Auto Roulette,3,Vermelho,Impar,2026-09-24 16:51:16,2026-09-24T19:50:36.244Z,2026-09-24T19:51:16.139Z,
6ab57f391caeb5d409c3d985,XXXtreme Lightning Roulette,25,Vermelho,Impar,2026-09-24 16:51:21,2026-09-24T19:50:33.489Z,2026-09-24T19:51:21.414Z,0x50 5x100 7x50 13x100 15x50 27x100 33x50
6ab57f451caeb5d409c3d988,Immersive Roulette,1,Vermelho,Impar,2026-09-24 16:51:33,2026-09-24T19:50:44.409Z,2026-09-24T19:51:33.021Z,
6ab57f481caeb5d409c3d989,Lightning Roulette,23,Vermelho,Impar,2026-09-24 16:51:36,2026-09-24T19:50:49.307Z,2026-09-24T19:51:36.716Z,4x50 27x100
6ab57f501caeb5d409c3d98a,Gold Vault Roulette,26,Preto,Par,2026-09-24 16:51:43,2026-09-24T19:51:02.149Z,2026-09-24T19:51:43.943Z,5x50 6x100 8x50 10x50 16x50 21x50 27x100 28x100 30x100
6ab57f5d1caeb5d409c3d98b,Auto Roulette,0,Verde,None,2026-09-24 16:51:57,2026-09-24T19:51:19.199Z,2026-09-24T19:51:57.157Z,
6ab57f69466af71c3502a942,Red Door Roulette,27,Vermelho,Impar,2026-09-24 16:52:09,2026-09-24T19:51:15.364Z,2026-09-24T19:52:09.270Z,0x1 16x1 24x1
6ab57f6c1caeb5d409c3d98e,XXXtreme Lightning Roulette,11,Preto,Impar,2026-09-24 16:52:12,2026-09-24T19:51:24.506Z,2026-09-24T19:52:12.426Z,12x50 19x100 32x50
6ab57f781caeb5d409c3d990,Lightning Roulette,32,Vermelho,Par,2026-09-24 16:52:24,2026-09-24T19:51:39.840Z,2026-09-24T19:52:24.717Z,12x100 24x50 33x200
6ab57f7c1caeb5d409c3d991,Immersive Roulette,11,Preto,Impar,2026-09-24 16:52:28,2026-09-24T19:51:36.122Z,2026-09-24T19:52:28.304Z,
6ab57f811caeb5d409c3d992,Gold Vault Roulette,24,Preto,Par,2026-09-24 16:52:32,2026-09-24T19:51:47.080Z,2026-09-24T19:52:32.825Z,1x150 2x50 5x150 12x50 20x50 26x50 27x50
6ab57f8a1caeb5d409c3d995,Auto Roulette,2,Preto,Par,2026-09-24 16:52:41,2026-09-24T19:52:00.243Z,2026-09-24T19:52:41.652Z,
6ab57fa11caeb5d409c3d997,XXXtreme Lightning Roulette,0,Verde,None,2026-09-24 16:53:04,2026-09-24T19:52:15.510Z,2026-09-24T19:53:04.918Z,4x200 5x50 10x100 11x50 34x50 35x200 36x100
6ab57fa41caeb5d409c3d999,Lightning Roulette,25,Vermelho,Impar,2026-09-24 16:53:08,2026-09-24T19:52:27.821Z,2026-09-24T19:53:08.228Z,13x200 17x100 28x50 31x50
6ab57fa4466af71c3502a94a,Red Door Roulette,22,Preto,Par,2026-09-24 16:53:08,2026-09-24T19:52:12.379Z,2026-09-24T19:53:08.246Z,3x4 5x1 15x1 17x4 20x1 33x2 34x1
6ab57fb11caeb5d409c3d99a,Auto Roulette,34,Vermelho,Par,2026-09-24 16:53:21,2026-09-24T19:52:44.768Z,2026-09-24T19:53:21.166Z,
6ab57fb21caeb5d409c3d99b,Immersive Roulette,3,Vermelho,Impar,2026-09-24 16:53:22,2026-09-24T19:52:31.375Z,2026-09-24T19:53:22.372Z,
6ab57fb31caeb5d409c3d99c,Gold Vault Roulette,24,Preto,Par,2026-09-24 16:53:22,2026-09-24T19:52:35.893Z,2026-09-24T19:53:22.919Z,1x50 3x50 7x50 8x100 15x50 16x50 18x50 20x100 21x100 26x50 28x50 29x150 30x50 35x50
6ab57fd11caeb5d409c3d9a1,XXXtreme Lightning Roulette,17,Preto,Impar,2026-09-24 16:53:52,2026-09-24T19:53:08.014Z,2026-09-24T19:53:52.923Z,1x100 30x700
6ab57fd21caeb5d409c3d9a2,Lightning Roulette,26,Preto,Par,2026-09-24 16:53:53,2026-09-24T19:53:11.371Z,2026-09-24T19:53:53.721Z,18x50 33x150
6ab57fdb1caeb5d409c3d9a4,Auto Roulette,28,Preto,Par,2026-09-24 16:54:02,2026-09-24T19:53:24.297Z,2026-09-24T19:54:02.637Z,
6ab57fe71caeb5d409c3d9a7,Immersive Roulette,3,Vermelho,Impar,2026-09-24 16:54:15,2026-09-24T19:53:25.426Z,2026-09-24T19:54:15.249Z,
6ab57fe81caeb5d409c3d9a8,Gold Vault Roulette,34,Vermelho,Par,2026-09-24 16:54:16,2026-09-24T19:53:26.043Z,2026-09-24T19:54:16.216Z,1x50 9x150 12x50 13x100 22x50 24x100 26x50 28x50 34x50
6ab580001caeb5d409c3d9aa,Lightning Roulette,31,Preto,Impar,2026-09-24 16:54:40,2026-09-24T19:53:56.849Z,2026-09-24T19:54:40.224Z,0x100 3x200
6ab580041caeb5d409c3d9ab,Auto Roulette,1,Vermelho,Impar,2026-09-24 16:54:44,2026-09-24T19:54:05.721Z,2026-09-24T19:54:44.130Z,
6ab580051caeb5d409c3d9ac,XXXtreme Lightning Roulette,28,Preto,Par,2026-09-24 16:54:44,2026-09-24T19:53:56.016Z,2026-09-24T19:54:44.930Z,7x150 10x50 20x100
6ab58015466af71c3502a959,Red Door Roulette,24,Preto,Par,2026-09-24 16:55:01,2026-09-24T19:53:11.359Z,2026-09-24T19:55:01.252Z,1x1 5x1 6x3 7x1 9x3 12x1 17x1 24x1
6ab5801e1caeb5d409c3d9b2,Gold Vault Roulette,29,Preto,Impar,2026-09-24 16:55:10,2026-09-24T19:54:19.383Z,2026-09-24T19:55:10.384Z,1x50 9x50 12x50 14x150 19x50 22x50 30x50 32x50 35x50
6ab580251caeb5d409c3d9b3,Immersive Roulette,32,Vermelho,Par,2026-09-24 16:55:16,2026-09-24T19:54:18.321Z,2026-09-24T19:55:16.917Z,
6ab5802f1caeb5d409c3d9b5,Lightning Roulette,28,Preto,Par,2026-09-24 16:55:27,2026-09-24T19:54:43.364Z,2026-09-24T19:55:27.215Z,7x200 8x100 25x200
6ab580311caeb5d409c3d9b6,Auto Roulette,13,Preto,Impar,2026-09-24 16:55:28,2026-09-24T19:54:47.210Z,2026-09-24T19:55:28.633Z,
6ab580391caeb5d409c3d9b8,XXXtreme Lightning Roulette,11,Preto,Impar,2026-09-24 16:55:36,2026-09-24T19:54:48.009Z,2026-09-24T19:55:36.933Z,8x600 29x100
6ab58051466af71c3502a961,Red Door Roulette,30,Vermelho,Par,2026-09-24 16:56:01,2026-09-24T19:55:02.363Z,2026-09-24T19:56:01.261Z,2x1 10x1 20x1 21x1 23x1 25x1 26x1 29x1 31x1
6ab580531caeb5d409c3d9b9,Gold Vault Roulette,3,Vermelho,Impar,2026-09-24 16:56:03,2026-09-24T19:55:13.535Z,2026-09-24T19:56:03.312Z,9x50 14x50 17x100 21x100 31x150 33x50
6ab580571caeb5d409c3d9ba,Immersive Roulette,21,Vermelho,Impar,2026-09-24 16:56:07,2026-09-24T19:55:19.991Z,2026-09-24T19:56:07.384Z,
6ab5805d1caeb5d409c3d9bd,Auto Roulette,26,Preto,Par,2026-09-24 16:56:12,2026-09-24T19:55:31.761Z,2026-09-24T19:56:12.636Z,
6ab580601caeb5d409c3d9bf,Lightning Roulette,15,Preto,Impar,2026-09-24 16:56:16,2026-09-24T19:55:30.329Z,2026-09-24T19:56:16.229Z,12x500 20x200 31x50
6ab5806b1caeb5d409c3d9c0,XXXtreme Lightning Roulette,34,Vermelho,Par,2026-09-24 16:56:27,2026-09-24T19:55:40.021Z,2026-09-24T19:56:27.440Z,0x100 3x150 7x50 12x100 33x100 34x100 36x100
6ab580881caeb5d409c3d9c3,Gold Vault Roulette,17,Preto,Impar,2026-09-24 16:56:56,2026-09-24T19:56:06.413Z,2026-09-24T19:56:56.218Z,2x50 4x50 5x50 6x50 8x50 11x50 12x100 17x50 18x50 20x50 27x50 31x50
6ab580891caeb5d409c3d9c4,Auto Roulette,29,Preto,Impar,2026-09-24 16:56:57,2026-09-24T19:56:15.700Z,2026-09-24T19:56:57.624Z,
6ab5808c1caeb5d409c3d9c6,Immersive Roulette,33,Preto,Impar,2026-09-24 16:56:59,2026-09-24T19:56:10.466Z,2026-09-24T19:56:59.851Z,
6ab5808d466af71c3502a966,Red Door Roulette,28,Preto,Par,2026-09-24 16:57:00,2026-09-24T19:56:04.343Z,2026-09-24T19:57:00.756Z,9x3 12x1 15x5 25x1 26x1 27x1
6ab5808e1caeb5d409c3d9c7,Lightning Roulette,12,Vermelho,Par,2026-09-24 16:57:01,2026-09-24T19:56:19.325Z,2026-09-24T19:57:01.720Z,32x300
6ab580a21caeb5d409c3d9ca,XXXtreme Lightning Roulette,28,Preto,Par,2026-09-24 16:57:21,2026-09-24T19:56:30.523Z,2026-09-24T19:57:21.946Z,12x150 18x100 19x50
6ab580b21caeb5d409c3d9cd,Auto Roulette,34,Vermelho,Par,2026-09-24 16:57:37,2026-09-24T19:57:00.719Z,2026-09-24T19:57:37.643Z,
6ab580bd1caeb5d409c3d9d0,Gold Vault Roulette,7,Vermelho,Impar,2026-09-24 16:57:49,2026-09-24T19:56:59.300Z,2026-09-24T19:57:49.491Z,3x50 12x50 21x100 22x50 24x50 25x50 26x50
6ab580be1caeb5d409c3d9d1,Immersive Roulette,16,Vermelho,Par,2026-09-24 16:57:50,2026-09-24T19:57:02.916Z,2026-09-24T19:57:50.292Z,
6ab580c01caeb5d409c3d9d2,Lightning Roulette,21,Vermelho,Impar,2026-09-24 16:57:51,2026-09-24T19:57:04.836Z,2026-09-24T19:57:51.729Z,9x200 32x50
6ab580c5466af71c3502a96f,Red Door Roulette,15,Preto,Impar,2026-09-24 16:57:57,2026-09-24T19:57:03.832Z,2026-09-24T19:57:57.298Z,17x1 19x1 31x1
6ab580d21caeb5d409c3d9d4,XXXtreme Lightning Roulette,29,Preto,Impar,2026-09-24 16:58:10,2026-09-24T19:57:25.021Z,2026-09-24T19:58:10.454Z,14x50 27x100 31x50 33x50 34x100 35x100
6ab580dc1caeb5d409c3d9d5,Auto Roulette,15,Preto,Impar,2026-09-24 16:58:20,2026-09-24T19:57:40.748Z,2026-09-24T19:58:20.123Z,
6ab580fb1caeb5d409c3d9d9,Immersive Roulette,13,Preto,Impar,2026-09-24 16:58:41,2026-09-24T19:57:53.353Z,2026-09-24T19:58:41.586Z,
6ab580fb1caeb5d409c3d9da,Gold Vault Roulette,16,Vermelho,Par,2026-09-24 16:58:42,2026-09-24T19:57:52.640Z,2026-09-24T19:58:42.388Z,7x100 14x50 21x50 26x50 32x150 34x50
6ab580fb1caeb5d409c3d9db,Lightning Roulette,12,Vermelho,Par,2026-09-24 16:58:42,2026-09-24T19:57:54.816Z,2026-09-24T19:58:42.727Z,5x400 22x100 32x100
6ab58100466af71c3502a976,Red Door Roulette,24,Preto,Par,2026-09-24 16:58:55,2026-09-24T19:58:00.414Z,2026-09-24T19:58:55.772Z,11x2 13x4 19x1 25x1 30x2 33x1
6ab581081caeb5d409c3d9dd,Auto Roulette,28,Preto,Par,2026-09-24 16:59:03,2026-09-24T19:58:23.209Z,2026-09-24T19:59:03.641Z,
6ab5810a1caeb5d409c3d9de,XXXtreme Lightning Roulette,22,Preto,Par,2026-09-24 16:59:06,2026-09-24T19:58:13.544Z,2026-09-24T19:59:06.444Z,5x100
6ab581251caeb5d409c3d9e2,Lightning Roulette,25,Vermelho,Impar,2026-09-24 16:59:33,2026-09-24T19:58:45.844Z,2026-09-24T19:59:33.230Z,8x50 12x50 27x50
6ab581271caeb5d409c3d9e3,Immersive Roulette,25,Vermelho,Impar,2026-09-24 16:59:34,2026-09-24T19:58:44.680Z,2026-09-24T19:59:34.828Z,
6ab581271caeb5d409c3d9e4,Gold Vault Roulette,36,Vermelho,Par,2026-09-24 16:59:35,2026-09-24T19:58:45.587Z,2026-09-24T19:59:35.306Z,1x100 5x150 12x100 14x50 15x50 16x50 24x150 30x100 31x50 33x50
6ab581351caeb5d409c3d9e6,Auto Roulette,0,Verde,None,2026-09-24 16:59:49,2026-09-24T19:59:06.698Z,2026-09-24T19:59:49.125Z,
6ab58139466af71c3502a97a,Red Door Roulette,15,Preto,Impar,2026-09-24 16:59:52,2026-09-24T19:58:58.900Z,2026-09-24T19:59:52.753Z,3x1 11x2 16x1 20x1 21x7 27x1 30x7 32x1 36x1
6ab5813f1caeb5d409c3d9e7,XXXtreme Lightning Roulette,6,Preto,Par,2026-09-24 16:59:59,2026-09-24T19:59:09.547Z,2026-09-24T19:59:59.476Z,0x50 3x100 4x600 5x200 17x100 33x200
6ab581531caeb5d409c3d9e9,Lightning Roulette,20,Preto,Par,2026-09-24 17:00:19,2026-09-24T19:59:36.311Z,2026-09-24T20:00:19.231Z,0x100 12x100 20x100
6ab5815a1caeb5d409c3d9eb,Immersive Roulette,2,Preto,Par,2026-09-24 17:00:26,2026-09-24T19:59:37.921Z,2026-09-24T20:00:26.089Z,
6ab5815a1caeb5d409c3d9ea,Gold Vault Roulette,9,Vermelho,Impar,2026-09-24 17:00:26,2026-09-24T19:59:38.416Z,2026-09-24T20:00:26.207Z,7x50 8x50 19x50 28x100 34x50
6ab581601caeb5d409c3d9ed,Auto Roulette,20,Preto,Par,2026-09-24 17:00:32,2026-09-24T19:59:52.207Z,2026-09-24T20:00:32.147Z,
6ab581721caeb5d409c3d9f0,XXXtreme Lightning Roulette,7,Vermelho,Impar,2026-09-24 17:00:50,2026-09-24T20:00:02.554Z,2026-09-24T20:00:50.472Z,22x100 24x100
6ab58175466af71c3502a97f,Red Door Roulette,30,Vermelho,Par,2026-09-24 17:00:53,2026-09-24T19:59:55.901Z,2026-09-24T20:00:53.268Z,8x1 11x4 16x3 17x2 18x1 32x1
6ab581871caeb5d409c3d9f3,Lightning Roulette,24,Preto,Par,2026-09-24 17:01:10,2026-09-24T20:00:22.333Z,2026-09-24T20:01:10.735Z,25x100 29x50
6ab5818a1caeb5d409c3d9f4,Auto Roulette,11,Preto,Impar,2026-09-24 17:01:14,2026-09-24T20:00:35.245Z,2026-09-24T20:01:14.637Z,
6ab5818b1caeb5d409c3d9f5,Gold Vault Roulette,19,Vermelho,Impar,2026-09-24 17:01:15,2026-09-24T20:00:29.325Z,2026-09-24T20:01:15.097Z,2x50 5x50 23x100 29x50 32x50
6ab581941caeb5d409c3d9f7,Immersive Roulette,8,Preto,Par,2026-09-24 17:01:23,2026-09-24T20:00:29.171Z,2026-09-24T20:01:23.777Z,
6ab581a51caeb5d409c3d9f9,XXXtreme Lightning Roulette,10,Preto,Par,2026-09-24 17:01:40,2026-09-24T20:00:53.564Z,2026-09-24T20:01:40.969Z,4x1000 6x300 18x50
6ab581b21caeb5d409c3d9fc,Lightning Roulette,27,Vermelho,Impar,2026-09-24 17:01:54,2026-09-24T20:01:13.895Z,2026-09-24T20:01:54.221Z,1x50 22x150 24x100
6ab581b81caeb5d409c3d9fd,Auto Roulette,8,Preto,Par,2026-09-24 17:02:00,2026-09-24T20:01:17.753Z,2026-09-24T20:02:00.631Z,
6ab581bf1caeb5d409c3d9ff,Gold Vault Roulette,29,Preto,Impar,2026-09-24 17:02:07,2026-09-24T20:01:18.218Z,2026-09-24T20:02:07.204Z,2x50 7x50 12x50 13x50 31x50
6ab581c71caeb5d409c3da00,Immersive Roulette,32,Vermelho,Par,2026-09-24 17:02:15,2026-09-24T20:01:26.872Z,2026-09-24T20:02:15.477Z,
6ab581da1caeb5d409c3da03,XXXtreme Lightning Roulette,31,Preto,Impar,2026-09-24 17:02:33,2026-09-24T20:01:44.037Z,2026-09-24T20:02:33.475Z,12x150 17x50 23x100
6ab581de1caeb5d409c3da04,Lightning Roulette,29,Preto,Impar,2026-09-24 17:02:38,2026-09-24T20:01:57.289Z,2026-09-24T20:02:38.732Z,5x50 16x100
6ab581e81caeb5d409c3da07,Auto Roulette,29,Preto,Impar,2026-09-24 17:02:48,2026-09-24T20:02:03.714Z,2026-09-24T20:02:48.137Z,
6ab581f31caeb5d409c3da09,Gold Vault Roulette,29,Preto,Impar,2026-09-24 17:02:59,2026-09-24T20:02:10.321Z,2026-09-24T20:02:59.311Z,17x50 20x50 25x50 27x50 30x500 31x50 36x50
6ab582001caeb5d409c3da0c,Immersive Roulette,4,Preto,Par,2026-09-24 17:03:11,2026-09-24T20:02:18.579Z,2026-09-24T20:03:11.951Z,
6ab58208466af71c3502a98b,Red Door Roulette,3,Vermelho,Impar,2026-09-24 17:03:20,2026-09-24T20:00:56.347Z,2026-09-24T20:03:20.509Z,1x1 3x1 11x1 20x1 25x1 28x1 34x1 36x1
6ab5820b1caeb5d409c3da0d,Lightning Roulette,18,Vermelho,Par,2026-09-24 17:03:23,2026-09-24T20:02:41.835Z,2026-09-24T20:03:23.732Z,3x300 6x100 8x100 32x50
6ab5820d1caeb5d409c3da0f,XXXtreme Lightning Roulette,11,Preto,Impar,2026-09-24 17:03:24,2026-09-24T20:02:36.563Z,2026-09-24T20:03:24.982Z,1x50 9x50 14x100 15x700 16x350 29x100
6ab582161caeb5d409c3da11,Auto Roulette,11,Preto,Impar,2026-09-24 17:03:34,2026-09-24T20:02:51.193Z,2026-09-24T20:03:34.147Z,
6ab582371caeb5d409c3da15,Immersive Roulette,12,Vermelho,Par,2026-09-24 17:04:06,2026-09-24T20:03:15.027Z,2026-09-24T20:04:06.846Z,
6ab5823d1caeb5d409c3da17,Lightning Roulette,4,Preto,Par,2026-09-24 17:04:13,2026-09-24T20:03:26.839Z,2026-09-24T20:04:13.735Z,1x100 13x150 22x200
6ab582401caeb5d409c3da19,XXXtreme Lightning Roulette,34,Vermelho,Par,2026-09-24 17:04:15,2026-09-24T20:03:28.063Z,2026-09-24T20:04:15.993Z,1x100 3x100 11x100 16x100 31x100 32x50
6ab58241466af71c3502a98f,Red Door Roulette,22,Preto,Par,2026-09-24 17:04:17,2026-09-24T20:03:21.621Z,2026-09-24T20:04:17.274Z,0x1 6x1 7x1 11x1 13x1 15x1 19x1 20x1 25x1 30x1 33x1
6ab582431caeb5d409c3da1a,Auto Roulette,5,Vermelho,Impar,2026-09-24 17:04:19,2026-09-24T20:03:37.231Z,2026-09-24T20:04:19.143Z,
6ab5826c1caeb5d409c3da1f,Auto Roulette,29,Preto,Impar,2026-09-24 17:05:00,2026-09-24T20:04:22.217Z,2026-09-24T20:05:00.144Z,
6ab5826d1caeb5d409c3da20,Lightning Roulette,0,Verde,None,2026-09-24 17:05:01,2026-09-24T20:04:16.858Z,2026-09-24T20:05:01.231Z,0x50 22x100 30x50
6ab5826f1caeb5d409c3da21,Immersive Roulette,7,Vermelho,Impar,2026-09-24 17:05:03,2026-09-24T20:04:09.910Z,2026-09-24T20:05:03.352Z,
6ab582731caeb5d409c3da22,XXXtreme Lightning Roulette,10,Preto,Par,2026-09-24 17:05:07,2026-09-24T20:04:19.072Z,2026-09-24T20:05:07.485Z,11x100 14x100 31x600 33x50 35x100 36x50
6ab58279466af71c3502a994,Red Door Roulette,31,Preto,Impar,2026-09-24 17:05:12,2026-09-24T20:04:20.383Z,2026-09-24T20:05:12.771Z,15x1 21x1 22x1 28x1 29x1 32x1 36x1
6ab5828c1caeb5d409c3da24,Gold Vault Roulette,0,Verde,None,2026-09-24 17:05:31,2026-09-24T20:04:44.600Z,2026-09-24T20:05:31.983Z,3x50 6x50 8x150 18x50 20x50 22x150 28x50
6ab582981caeb5d409c3da26,Auto Roulette,34,Vermelho,Par,2026-09-24 17:05:43,2026-09-24T20:05:03.232Z,2026-09-24T20:05:43.634Z,
6ab582a01caeb5d409c3da28,Lightning Roulette,13,Preto,Impar,2026-09-24 17:05:52,2026-09-24T20:05:04.353Z,2026-09-24T20:05:52.238Z,16x100 19x100
6ab582a61caeb5d409c3da29,Immersive Roulette,36,Vermelho,Par,2026-09-24 17:05:58,2026-09-24T20:05:06.447Z,2026-09-24T20:05:58.587Z,
6ab582a91caeb5d409c3da2a,XXXtreme Lightning Roulette,26,Preto,Par,2026-09-24 17:06:00,2026-09-24T20:05:10.579Z,2026-09-24T20:06:00.989Z,20x600 27x100
6ab582b3466af71c3502a998,Red Door Roulette,15,Preto,Impar,2026-09-24 17:06:10,2026-09-24T20:05:15.860Z,2026-09-24T20:06:10.775Z,14x1 17x1 21x5 22x1 23x1 27x1
6ab582c01caeb5d409c3da2e,Auto Roulette,4,Preto,Par,2026-09-24 17:06:24,2026-09-24T20:05:46.713Z,2026-09-24T20:06:24.133Z,
6ab582d01caeb5d409c3da30,Lightning Roulette,13,Preto,Impar,2026-09-24 17:06:40,2026-09-24T20:05:55.364Z,2026-09-24T20:06:40.231Z,24x50 33x50
6ab582da1caeb5d409c3da31,XXXtreme Lightning Roulette,24,Preto,Par,2026-09-24 17:06:50,2026-09-24T20:06:04.088Z,2026-09-24T20:06:50.502Z,13x100 34x100
6ab582dc1caeb5d409c3da32,Immersive Roulette,35,Preto,Impar,2026-09-24 17:06:51,2026-09-24T20:06:01.652Z,2026-09-24T20:06:51.820Z,
6ab582eb1caeb5d409c3da34,Auto Roulette,25,Vermelho,Impar,2026-09-24 17:07:07,2026-09-24T20:06:27.229Z,2026-09-24T20:07:07.177Z,
6ab582ed466af71c3502a99d,Red Door Roulette,6,Preto,Par,2026-09-24 17:07:09,2026-09-24T20:06:13.854Z,2026-09-24T20:07:09.256Z,5x1 12x1 16x3 17x1 18x1 25x1 29x1 32x1
6ab583011caeb5d409c3da35,Lightning Roulette,0,Verde,None,2026-09-24 17:07:29,2026-09-24T20:06:43.345Z,2026-09-24T20:07:29.728Z,33x100 35x300
6ab5830d1caeb5d409c3da37,XXXtreme Lightning Roulette,15,Preto,Impar,2026-09-24 17:07:39,2026-09-24T20:06:53.579Z,2026-09-24T20:07:39.489Z,8x100 24x100 27x100 3x500 6x50 36x50
6ab583121caeb5d409c3da39,Immersive Roulette,19,Vermelho,Impar,2026-09-24 17:07:46,2026-09-24T20:06:54.886Z,2026-09-24T20:07:46.284Z,
6ab583141caeb5d409c3da3a,Auto Roulette,29,Preto,Impar,2026-09-24 17:07:48,2026-09-24T20:07:10.279Z,2026-09-24T20:07:48.649Z,
6ab583281caeb5d409c3da3c,Gold Vault Roulette,5,Vermelho,Impar,2026-09-24 17:08:08,2026-09-24T20:07:18.458Z,2026-09-24T20:08:08.290Z,4x50 9x50 11x50 15x50 17x50 18x50 20x50 21x100 26x50 29x50 31x50
6ab58329466af71c3502a9a2,Red Door Roulette,19,Vermelho,Impar,2026-09-24 17:08:09,2026-09-24T20:07:12.374Z,2026-09-24T20:08:09.281Z,9x1 13x1 14x3 15x1 31x1
6ab583321caeb5d409c3da3d,Lightning Roulette,18,Vermelho,Par,2026-09-24 17:08:18,2026-09-24T20:07:32.866Z,2026-09-24T20:08:18.225Z,2x500 10x50 19x150 27x100 32x50
6ab583401caeb5d409c3da41,XXXtreme Lightning Roulette,6,Preto,Par,2026-09-24 17:08:28,2026-09-24T20:07:42.595Z,2026-09-24T20:08:28.005Z,19x100 20x50 23x100
6ab583411caeb5d409c3da42,Auto Roulette,21,Vermelho,Impar,2026-09-24 17:08:32,2026-09-24T20:07:51.734Z,2026-09-24T20:08:32.670Z,
6ab5834a1caeb5d409c3da43,Immersive Roulette,18,Vermelho,Par,2026-09-24 17:08:41,2026-09-24T20:07:49.364Z,2026-09-24T20:08:41.960Z,
6ab5835d1caeb5d409c3da45,Gold Vault Roulette,31,Preto,Impar,2026-09-24 17:09:00,2026-09-24T20:08:11.385Z,2026-09-24T20:09:00.823Z,1x50 3x50 14x50 16x50 17x100 18x500 19x100
6ab5835f1caeb5d409c3da46,Lightning Roulette,33,Preto,Impar,2026-09-24 17:09:03,2026-09-24T20:08:21.356Z,2026-09-24T20:09:03.239Z,9x50 12x50 31x100
6ab58366466af71c3502a9a8,Red Door Roulette,28,Preto,Par,2026-09-24 17:09:10,2026-09-24T20:08:12.376Z,2026-09-24T20:09:10.269Z,3x1 12x1 15x1 27x1
6ab5836a1caeb5d409c3da49,Auto Roulette,23,Vermelho,Impar,2026-09-24 17:09:14,2026-09-24T20:08:35.798Z,2026-09-24T20:09:14.141Z,
6ab583721caeb5d409c3da4a,XXXtreme Lightning Roulette,28,Preto,Par,2026-09-24 17:09:22,2026-09-24T20:08:31.103Z,2026-09-24T20:09:22.019Z,29x50 35x100
6ab583821caeb5d409c3da4c,Immersive Roulette,21,Vermelho,Impar,2026-09-24 17:09:38,2026-09-24T20:08:45.015Z,2026-09-24T20:09:38.425Z,
6ab583921caeb5d409c3da50,Lightning Roulette,36,Vermelho,Par,2026-09-24 17:09:54,2026-09-24T20:09:06.333Z,2026-09-24T20:09:54.729Z,15x250 16x100
6ab583951caeb5d409c3da51,Gold Vault Roulette,17,Preto,Impar,2026-09-24 17:09:57,2026-09-24T20:09:03.974Z,2026-09-24T20:09:57.700Z,11x50 17x50 18x100 22x50 32x100 33x50
6ab5839b1caeb5d409c3da52,Auto Roulette,15,Preto,Impar,2026-09-24 17:10:03,2026-09-24T20:09:17.236Z,2026-09-24T20:10:03.139Z,
6ab5839e466af71c3502a9ac,Red Door Roulette,29,Preto,Impar,2026-09-24 17:10:06,2026-09-24T20:09:13.385Z,2026-09-24T20:10:06.277Z,5x1 7x1 8x7 15x1 21x1
6ab583a31caeb5d409c3da53,XXXtreme Lightning Roulette,35,Preto,Impar,2026-09-24 17:10:11,2026-09-24T20:09:25.118Z,2026-09-24T20:10:11.519Z,5x50 7x50 10x100 12x50 21x100 25x50
6ab583bb1caeb5d409c3da56,Immersive Roulette,29,Preto,Impar,2026-09-24 17:10:34,2026-09-24T20:09:41.501Z,2026-09-24T20:10:34.894Z,
6ab583dd1caeb5d409c3da57,Lightning Roulette,11,Preto,Impar,2026-09-24 17:10:45,2026-09-24T20:09:57.868Z,2026-09-24T20:10:45.302Z,15x200 21x100 31x50
6ab583dd1caeb5d409c3da58,Auto Roulette,32,Vermelho,Par,2026-09-24 17:10:46,2026-09-24T20:10:06.255Z,2026-09-24T20:10:46.638Z,
6ab583dd1caeb5d409c3da5a,Gold Vault Roulette,17,Preto,Impar,2026-09-24 17:10:49,2026-09-24T20:10:00.798Z,2026-09-24T20:10:49.385Z,6x50 16x50 18x50 32x50 35x50
6ab583dd1caeb5d409c3da5c,XXXtreme Lightning Roulette,0,Verde,None,2026-09-24 17:11:02,2026-09-24T20:10:14.639Z,2026-09-24T20:11:02.524Z,4x100 23x100 29x100 30x200 31x100 35x150
6ab583dd466af71c3502a9b1,Red Door Roulette,13,Preto,Impar,2026-09-24 17:11:02,2026-09-24T20:10:09.411Z,2026-09-24T20:11:02.770Z,0x1 20x1 31x1 32x1
6ab583ef1caeb5d409c3da60,Auto Roulette,16,Vermelho,Par,2026-09-24 17:11:27,2026-09-24T20:10:49.741Z,2026-09-24T20:11:27.140Z,
6ab583f21caeb5d409c3da61,Lightning Roulette,35,Preto,Impar,2026-09-24 17:11:29,2026-09-24T20:10:48.449Z,2026-09-24T20:11:29.754Z,9x50 10x100
6ab583f41caeb5d409c3da62,Immersive Roulette,0,Verde,None,2026-09-24 17:11:32,2026-09-24T20:10:37.990Z,2026-09-24T20:11:32.182Z,
6ab583fb1caeb5d409c3da64,Gold Vault Roulette,24,Preto,Par,2026-09-24 17:11:39,2026-09-24T20:10:52.485Z,2026-09-24T20:11:39.461Z,5x50 9x50 16x50 20x50 23x50 29x50 31x50 36x50
6ab584071caeb5d409c3da66,XXXtreme Lightning Roulette,35,Preto,Impar,2026-09-24 17:11:51,2026-09-24T20:11:05.613Z,2026-09-24T20:11:51.527Z,1x150 15x50 27x100
6ab584151caeb5d409c3da69,Auto Roulette,16,Vermelho,Par,2026-09-24 17:12:04,2026-09-24T20:11:30.215Z,2026-09-24T20:12:04.646Z,
6ab584221caeb5d409c3da6b,Lightning Roulette,4,Preto,Par,2026-09-24 17:12:18,2026-09-24T20:11:32.823Z,2026-09-24T20:12:18.731Z,15x500 28x50
6ab584281caeb5d409c3da6d,Immersive Roulette,28,Preto,Par,2026-09-24 17:12:23,2026-09-24T20:11:35.239Z,2026-09-24T20:12:23.858Z,
6ab5842d1caeb5d409c3da6f,Gold Vault Roulette,32,Vermelho,Par,2026-09-24 17:12:29,2026-09-24T20:11:42.580Z,2026-09-24T20:12:29.181Z,11x50 16x50 27x50 30x50 31x50 32x500
6ab584381caeb5d409c3da72,XXXtreme Lightning Roulette,5,Vermelho,Impar,2026-09-24 17:12:40,2026-09-24T20:11:54.605Z,2026-09-24T20:12:40.536Z,3x100 6x50 10x600 13x100 15x100 35x100
6ab58449466af71c3502a9b9,Red Door Roulette,17,Preto,Impar,2026-09-24 17:12:53,2026-09-24T20:11:05.875Z,2026-09-24T20:12:53.425Z,4x3 11x1 24x1 32x1 27x1 30x1 3x1 17x1 25x1
6ab584501caeb5d409c3da74,Lightning Roulette,24,Preto,Par,2026-09-24 17:13:04,2026-09-24T20:12:21.857Z,2026-09-24T20:13:04.234Z,6x100 24x100 34x100
6ab5845c1caeb5d409c3da77,Immersive Roulette,11,Preto,Impar,2026-09-24 17:13:16,2026-09-24T20:12:26.958Z,2026-09-24T20:13:16.351Z,
6ab5845f1caeb5d409c3da79,Gold Vault Roulette,12,Vermelho,Par,2026-09-24 17:13:19,2026-09-24T20:12:32.270Z,2026-09-24T20:13:19.654Z,0x100 1x50 4x50 5x50 7x50 11x50 12x50 13x100 14x50 15x50 17x50 26x100 30x50 34x50 36x50
6ab5846a1caeb5d409c3da7b,Auto Roulette,31,Preto,Impar,2026-09-24 17:13:29,2026-09-24T20:12:52.749Z,2026-09-24T20:13:29.652Z,
6ab5846b1caeb5d409c3da7c,XXXtreme Lightning Roulette,9,Vermelho,Impar,2026-09-24 17:13:31,2026-09-24T20:12:43.659Z,2026-09-24T20:13:31.052Z,13x100 15x100 25x1000
6ab584801caeb5d409c3da7f,Lightning Roulette,11,Preto,Impar,2026-09-24 17:13:52,2026-09-24T20:13:07.347Z,2026-09-24T20:13:52.722Z,4x50 5x50 16x50 29x200 34x100
6ab58487466af71c3502a9bd,Red Door Roulette,28,Preto,Par,2026-09-24 17:13:59,2026-09-24T20:13:00.652Z,2026-09-24T20:13:59.269Z,6x10 7x1 9x1 11x1 20x1 21x1
6ab584921caeb5d409c3da81,Auto Roulette,8,Preto,Par,2026-09-24 17:14:10,2026-09-24T20:13:32.711Z,2026-09-24T20:14:10.655Z,
6ab584931caeb5d409c3da82,Gold Vault Roulette,31,Preto,Impar,2026-09-24 17:14:11,2026-09-24T20:13:22.752Z,2026-09-24T20:14:11.357Z,1x150 13x50 15x50 22x500 28x100 31x100 32x50
6ab584951caeb5d409c3da83,Immersive Roulette,17,Preto,Impar,2026-09-24 17:14:13,2026-09-24T20:13:19.432Z,2026-09-24T20:14:13.186Z,
6ab584a11caeb5d409c3da85,XXXtreme Lightning Roulette,32,Vermelho,Par,2026-09-24 17:14:25,2026-09-24T20:13:34.136Z,2026-09-24T20:14:25.034Z,15x100 18x100 35x100
6ab584ae1caeb5d409c3da88,Lightning Roulette,21,Vermelho,Impar,2026-09-24 17:14:38,2026-09-24T20:13:55.814Z,2026-09-24T20:14:38.240Z,11x150 31x100
6ab584be1caeb5d409c3da8b,Auto Roulette,9,Vermelho,Impar,2026-09-24 17:14:54,2026-09-24T20:14:13.746Z,2026-09-24T20:14:54.131Z,
6ab584c2466af71c3502a9c3,Red Door Roulette,32,Vermelho,Par,2026-09-24 17:14:58,2026-09-24T20:14:02.362Z,2026-09-24T20:14:58.279Z,4x1 10x1 13x1 15x1 22x3 29x1 31x1 33x1 35x1 36x1
6ab584c41caeb5d409c3da8c,Gold Vault Roulette,10,Preto,Par,2026-09-24 17:15:00,2026-09-24T20:14:14.489Z,2026-09-24T20:15:00.270Z,1x100 6x50 9x100 12x50 18x150 21x50 29x100 31x100 36x50
6ab584cb1caeb5d409c3da8f,Immersive Roulette,24,Preto,Par,2026-09-24 17:15:06,2026-09-24T20:14:16.239Z,2026-09-24T20:15:06.891Z,
6ab584d61caeb5d409c3da90,XXXtreme Lightning Roulette,32,Vermelho,Par,2026-09-24 17:15:18,2026-09-24T20:14:28.129Z,2026-09-24T20:15:18.045Z,0x100 1x50 2x100 15x50 21x50 31x100 34x100
6ab584da1caeb5d409c3da91,Lightning Roulette,33,Preto,Impar,2026-09-24 17:15:22,2026-09-24T20:14:41.390Z,2026-09-24T20:15:22.244Z,2x50 4x50
6ab584eb1caeb5d409c3da94,Auto Roulette,30,Vermelho,Par,2026-09-24 17:15:39,2026-09-24T20:14:57.254Z,2026-09-24T20:15:39.149Z,
6ab584fa1caeb5d409c3da96,Gold Vault Roulette,13,Preto,Impar,2026-09-24 17:15:53,2026-09-24T20:15:03.387Z,2026-09-24T20:15:53.931Z,5x50 6x50 10x50 29x50 30x50 32x100
6ab584fc466af71c3502a9c7,Red Door Roulette,35,Preto,Impar,2026-09-24 17:15:56,2026-09-24T20:15:01.371Z,2026-09-24T20:15:56.292Z,1x1 5x1 21x1 30x1
6ab584ff1caeb5d409c3da97,Immersive Roulette,19,Vermelho,Impar,2026-09-24 17:15:59,2026-09-24T20:15:09.950Z,2026-09-24T20:15:59.356Z,
6ab5850a1caeb5d409c3da9a,XXXtreme Lightning Roulette,16,Vermelho,Par,2026-09-24 17:16:10,2026-09-24T20:15:21.131Z,2026-09-24T20:16:10.055Z,1x100 5x50 23x100
6ab5850b1caeb5d409c3da9b,Lightning Roulette,26,Preto,Par,2026-09-24 17:16:11,2026-09-24T20:15:25.374Z,2026-09-24T20:16:11.231Z,7x150 9x200 34x100
6ab585181caeb5d409c3da9c,Auto Roulette,32,Vermelho,Par,2026-09-24 17:16:24,2026-09-24T20:15:42.249Z,2026-09-24T20:16:24.131Z,
6ab5852f1caeb5d409c3da9e,Gold Vault Roulette,18,Vermelho,Par,2026-09-24 17:16:47,2026-09-24T20:15:57.081Z,2026-09-24T20:16:47.246Z,0x50 2x50 5x50 9x100 16x150 18x50 19x100 28x50 29x50 33x150
6ab58538466af71c3502a9cd,Red Door Roulette,32,Vermelho,Par,2026-09-24 17:16:55,2026-09-24T20:15:59.397Z,2026-09-24T20:16:55.780Z,6x1 9x1 12x1 14x1 17x1 36x2
6ab585391caeb5d409c3daa0,Lightning Roulette,34,Vermelho,Par,2026-09-24 17:16:57,2026-09-24T20:16:14.377Z,2026-09-24T20:16:57.733Z,0x100 18x100
6ab5853c1caeb5d409c3daa1,XXXtreme Lightning Roulette,35,Preto,Impar,2026-09-24 17:17:00,2026-09-24T20:16:13.149Z,2026-09-24T20:17:00.059Z,0x600 2x50 3x100 15x300 16x50 18x600 27x50
6ab585441caeb5d409c3daa2,Auto Roulette,23,Vermelho,Impar,2026-09-24 17:17:08,2026-09-24T20:16:27.221Z,2026-09-24T20:17:08.148Z,
6ab585631caeb5d409c3daa7,Gold Vault Roulette,5,Vermelho,Impar,2026-09-24 17:17:39,2026-09-24T20:16:50.340Z,2026-09-24T20:17:39.335Z,0x50 4x50 5x50 8x50 15x50 17x50 21x100 23x50 24x50
6ab5856a1caeb5d409c3daa8,Immersive Roulette,1,Vermelho,Impar,2026-09-24 17:17:45,2026-09-24T20:16:58.114Z,2026-09-24T20:17:45.913Z,
6ab5856a1caeb5d409c3daa9,Lightning Roulette,14,Vermelho,Par,2026-09-24 17:17:46,2026-09-24T20:17:00.816Z,2026-09-24T20:17:46.227Z,20x50 30x100
6ab5856e466af71c3502a9d3,Red Door Roulette,1,Vermelho,Impar,2026-09-24 17:17:50,2026-09-24T20:16:58.882Z,2026-09-24T20:17:50.283Z,4x1 5x7 6x1 13x1 14x1 17x3 18x1 19x1 24x1 26x1 28x1 29x1 31x1 34x1 36x3
6ab5856f1caeb5d409c3daaa,XXXtreme Lightning Roulette,8,Preto,Par,2026-09-24 17:17:51,2026-09-24T20:17:03.144Z,2026-09-24T20:17:51.068Z,0x100 3x50 15x150 18x50 23x50 26x200 27x50 29x50 34x100
6ab585701caeb5d409c3daab,Auto Roulette,9,Vermelho,Impar,2026-09-24 17:17:52,2026-09-24T20:17:11.226Z,2026-09-24T20:17:52.624Z,
6ab585981caeb5d409c3daaf,Gold Vault Roulette,19,Vermelho,Impar,2026-09-24 17:18:31,2026-09-24T20:17:42.435Z,2026-09-24T20:18:31.820Z,0x100 3x50 9x50 11x50 13x50 17x50 21x100 25x50
6ab5859c1caeb5d409c3dab1,Lightning Roulette,18,Vermelho,Par,2026-09-24 17:18:34,2026-09-24T20:17:49.347Z,2026-09-24T20:18:34.232Z,8x50
6ab5859c1caeb5d409c3dab0,Auto Roulette,35,Preto,Impar,2026-09-24 17:18:35,2026-09-24T20:17:55.731Z,2026-09-24T20:18:35.624Z,
6ab585a31caeb5d409c3dab4,XXXtreme Lightning Roulette,9,Vermelho,Impar,2026-09-24 17:18:43,2026-09-24T20:17:54.174Z,2026-09-24T20:18:43.078Z,4x100 30x200
6ab585aa466af71c3502a9d7,Red Door Roulette,19,Vermelho,Impar,2026-09-24 17:18:50,2026-09-24T20:17:53.402Z,2026-09-24T20:18:50.279Z,4x1 13x3 21x1 23x1 25x1 33x7 34x1
6ab585c41caeb5d409c3dab6,Auto Roulette,22,Preto,Par,2026-09-24 17:19:15,2026-09-24T20:18:38.729Z,2026-09-24T20:19:15.659Z,
6ab585c81caeb5d409c3dab7,Lightning Roulette,29,Preto,Impar,2026-09-24 17:19:20,2026-09-24T20:18:37.377Z,2026-09-24T20:19:20.256Z,13x100 27x150
6ab585ca1caeb5d409c3dab8,Gold Vault Roulette,17,Preto,Impar,2026-09-24 17:19:22,2026-09-24T20:18:34.938Z,2026-09-24T20:19:22.711Z,8x50 17x50 21x50 25x50 31x50 32x50 33x50
6ab585d61caeb5d409c3daba,XXXtreme Lightning Roulette,19,Vermelho,Impar,2026-09-24 17:19:34,2026-09-24T20:18:46.164Z,2026-09-24T20:19:34.583Z,4x100 20x100 26x100
6ab585d71caeb5d409c3dabb,Immersive Roulette,26,Preto,Par,2026-09-24 17:19:35,2026-09-24T20:18:42.278Z,2026-09-24T20:19:35.285Z,
6ab585e5466af71c3502a9dc,Red Door Roulette,23,Vermelho,Impar,2026-09-24 17:19:49,2026-09-24T20:18:53.403Z,2026-09-24T20:19:49.301Z,0x1 2x1 3x2 10x1 11x1 19x1 26x1 28x1 29x1 32x2
6ab585f01caeb5d409c3dabf,Auto Roulette,32,Vermelho,Par,2026-09-24 17:19:59,2026-09-24T20:19:18.767Z,2026-09-24T20:19:59.639Z,
6ab585f91caeb5d409c3dac0,Lightning Roulette,5,Vermelho,Impar,2026-09-24 17:20:08,2026-09-24T20:19:23.369Z,2026-09-24T20:20:08.738Z,21x150 26x50 27x100
6ab585ff1caeb5d409c3dac2,Gold Vault Roulette,10,Preto,Par,2026-09-24 17:20:15,2026-09-24T20:19:25.809Z,2026-09-24T20:20:15.185Z,1x100 17x50 19x50 29x100 34x50
6ab586081caeb5d409c3dac3,XXXtreme Lightning Roulette,3,Vermelho,Impar,2026-09-24 17:20:24,2026-09-24T20:19:37.655Z,2026-09-24T20:20:24.577Z,21x50 24x150 29x50
6ab5860b1caeb5d409c3dac4,Immersive Roulette,8,Preto,Par,2026-09-24 17:20:27,2026-09-24T20:19:38.343Z,2026-09-24T20:20:27.337Z,
6ab586191caeb5d409c3dac6,Auto Roulette,13,Preto,Impar,2026-09-24 17:20:40,2026-09-24T20:20:02.691Z,2026-09-24T20:20:40.645Z,
6ab58622466af71c3502a9e2,Red Door Roulette,6,Preto,Par,2026-09-24 17:20:49,2026-09-24T20:19:52.384Z,2026-09-24T20:20:49.783Z,1x1 12x2 21x1 22x1 23x1 24x1 26x1 28x1 29x5
6ab5862a1caeb5d409c3daca,Lightning Roulette,5,Vermelho,Impar,2026-09-24 17:20:57,2026-09-24T20:20:11.874Z,2026-09-24T20:20:57.740Z,12x50 17x50 21x100
6ab586371caeb5d409c3dacc,Gold Vault Roulette,16,Vermelho,Par,2026-09-24 17:21:09,2026-09-24T20:20:18.255Z,2026-09-24T20:21:09.664Z,4x100 24x50 10x50 1x50 20x50 19x50 23x50
6ab5863f1caeb5d409c3dace,XXXtreme Lightning Roulette,5,Vermelho,Impar,2026-09-24 17:21:19,2026-09-24T20:20:27.663Z,2026-09-24T20:21:19.080Z,0x200 31x50
6ab586411caeb5d409c3dacf,Immersive Roulette,23,Vermelho,Impar,2026-09-24 17:21:21,2026-09-24T20:20:30.402Z,2026-09-24T20:21:21.416Z,
6ab586421caeb5d409c3dad0,Auto Roulette,8,Preto,Par,2026-09-24 17:21:22,2026-09-24T20:20:43.741Z,2026-09-24T20:21:22.134Z,
6ab5865b1caeb5d409c3dad4,Lightning Roulette,1,Vermelho,Impar,2026-09-24 17:21:46,2026-09-24T20:21:00.834Z,2026-09-24T20:21:46.748Z,3x200 11x100 32x50
6ab5865c466af71c3502a9e7,Red Door Roulette,27,Vermelho,Impar,2026-09-24 17:21:48,2026-09-24T20:20:52.895Z,2026-09-24T20:21:48.284Z,1x1 8x1 10x1 14x1 15x1 16x4 19x1 23x1 25x1 30x1 32x3 35x1
6ab5866b1caeb5d409c3dad6,Gold Vault Roulette,35,Preto,Impar,2026-09-24 17:22:02,2026-09-24T20:21:12.767Z,2026-09-24T20:22:02.996Z,0x100 2x50 6x50 12x50 14x50 16x100 20x50 22x50 31x50
6ab5866c1caeb5d409c3dad7,Auto Roulette,24,Preto,Par,2026-09-24 17:22:04,2026-09-24T20:21:25.223Z,2026-09-24T20:22:04.135Z,
6ab5866f1caeb5d409c3dad8,XXXtreme Lightning Roulette,12,Vermelho,Par,2026-09-24 17:22:07,2026-09-24T20:21:22.165Z,2026-09-24T20:22:07.594Z,1x100 2x100 6x100
6ab586781caeb5d409c3dadb,Immersive Roulette,14,Vermelho,Par,2026-09-24 17:22:16,2026-09-24T20:21:24.503Z,2026-09-24T20:22:16.291Z,
6ab5868a1caeb5d409c3dadd,Lightning Roulette,22,Preto,Par,2026-09-24 17:22:34,2026-09-24T20:21:49.873Z,2026-09-24T20:22:34.247Z,20x100 24x50
6ab58696466af71c3502a9ec,Red Door Roulette,9,Vermelho,Impar,2026-09-24 17:22:46,2026-09-24T20:21:51.390Z,2026-09-24T20:22:46.287Z,6x4 8x1 26x1 28x1 36x1
6ab5869c1caeb5d409c3dae1,Auto Roulette,26,Preto,Par,2026-09-24 17:22:52,2026-09-24T20:22:07.191Z,2026-09-24T20:22:52.132Z,
6ab5869e1caeb5d409c3dae2,Gold Vault Roulette,10,Preto,Par,2026-09-24 17:22:53,2026-09-24T20:22:06.105Z,2026-09-24T20:22:53.130Z,12x50 8x50 23x50 22x50 32x100 17x50 20x500 2x50 29x50 28x100 24x100 16x50
6ab586a41caeb5d409c3dae3,XXXtreme Lightning Roulette,35,Preto,Impar,2026-09-24 17:23:00,2026-09-24T20:22:10.680Z,2026-09-24T20:23:00.088Z,11x100 32x50 34x150
6ab586ac1caeb5d409c3dae4,Immersive Roulette,19,Vermelho,Impar,2026-09-24 17:23:07,2026-09-24T20:22:19.374Z,2026-09-24T20:23:07.943Z,
6ab586ba1caeb5d409c3dae8,Lightning Roulette,35,Preto,Impar,2026-09-24 17:23:22,2026-09-24T20:22:37.344Z,2026-09-24T20:23:22.227Z,0x150 8x50 35x50
6ab586c81caeb5d409c3daea,Auto Roulette,29,Preto,Impar,2026-09-24 17:23:36,2026-09-24T20:22:55.227Z,2026-09-24T20:23:36.629Z,
6ab586cd1caeb5d409c3daeb,Gold Vault Roulette,2,Preto,Par,2026-09-24 17:23:41,2026-09-24T20:22:56.255Z,2026-09-24T20:23:41.697Z,0x50 6x50 10x50 15x100 18x150 22x100 26x100 34x50
6ab586d1466af71c3502a9ef,Red Door Roulette,33,Preto,Impar,2026-09-24 17:23:44,2026-09-24T20:22:49.427Z,2026-09-24T20:23:44.794Z,2x1 17x1 19x1 22x2 28x1
6ab586d91caeb5d409c3daec,XXXtreme Lightning Roulette,32,Vermelho,Par,2026-09-24 17:23:53,2026-09-24T20:23:03.181Z,2026-09-24T20:23:53.101Z,3x200 5x100 8x100 11x50 14x1000 24x50 29x50 32x50
6ab586e31caeb5d409c3daef,Immersive Roulette,18,Vermelho,Par,2026-09-24 17:24:03,2026-09-24T20:23:11.014Z,2026-09-24T20:24:03.657Z,
6ab586f01caeb5d409c3daf1,Lightning Roulette,13,Preto,Impar,2026-09-24 17:24:16,2026-09-24T20:23:25.300Z,2026-09-24T20:24:16.235Z,5x200 25x200 28x150
6ab586f51caeb5d409c3daf2,Auto Roulette,1,Vermelho,Impar,2026-09-24 17:24:21,2026-09-24T20:23:39.731Z,2026-09-24T20:24:21.122Z,
6ab587041caeb5d409c3daf4,Gold Vault Roulette,9,Vermelho,Impar,2026-09-24 17:24:35,2026-09-24T20:23:44.894Z,2026-09-24T20:24:35.853Z,1x50 2x50 3x50 8x50 11x50 14x50 21x100 25x50 26x50 28x50 30x50 31x50 32x100 33x50 34x50
6ab5870e466af71c3502a9f5,Red Door Roulette,5,Vermelho,Impar,2026-09-24 17:24:46,2026-09-24T20:23:47.902Z,2026-09-24T20:24:46.289Z,7x1 9x1 10x3 13x1 14x1 20x1 22x1 24x1 30x4 34x3
6ab5870e1caeb5d409c3daf7,XXXtreme Lightning Roulette,11,Preto,Impar,2026-09-24 17:24:46,2026-09-24T20:23:56.194Z,2026-09-24T20:24:46.614Z,5x50 8x100 9x100 19x150 29x100 33x100
6ab5871c1caeb5d409c3daf9,Auto Roulette,10,Preto,Par,2026-09-24 17:25:00,2026-09-24T20:24:24.218Z,2026-09-24T20:25:00.132Z,
6ab5871d1caeb5d409c3dafa,Immersive Roulette,8,Preto,Par,2026-09-24 17:25:01,2026-09-24T20:24:06.725Z,2026-09-24T20:25:01.310Z,
6ab5871e1caeb5d409c3dafb,Lightning Roulette,21,Vermelho,Impar,2026-09-24 17:25:02,2026-09-24T20:24:19.345Z,2026-09-24T20:25:02.227Z,16x100 18x200
6ab587381caeb5d409c3dafe,Gold Vault Roulette,6,Preto,Par,2026-09-24 17:25:27,2026-09-24T20:24:38.946Z,2026-09-24T20:25:27.938Z,12x100 14x50 18x50 24x50 26x50
6ab5873f1caeb5d409c3daff,XXXtreme Lightning Roulette,36,Vermelho,Par,2026-09-24 17:25:35,2026-09-24T20:24:49.705Z,2026-09-24T20:25:35.616Z,9x500 10x100 22x100 26x50 29x100 30x200 31x100 34x50
6ab58748466af71c3502a9fa,Red Door Roulette,2,Preto,Par,2026-09-24 17:25:43,2026-09-24T20:24:49.405Z,2026-09-24T20:25:43.796Z,1x1 5x1 7x1 9x1 11x1 18x1 21x1
6ab587481caeb5d409c3db01,Auto Roulette,7,Vermelho,Impar,2026-09-24 17:25:44,2026-09-24T20:25:03.248Z,2026-09-24T20:25:44.651Z,
6ab5874e1caeb5d409c3db02,Lightning Roulette,12,Vermelho,Par,2026-09-24 17:25:49,2026-09-24T20:25:05.376Z,2026-09-24T20:25:49.742Z,10x50 16x50 29x100
6ab587521caeb5d409c3db04,Immersive Roulette,11,Preto,Impar,2026-09-24 17:25:53,2026-09-24T20:25:04.397Z,2026-09-24T20:25:53.784Z,
6ab5876b1caeb5d409c3db06,Gold Vault Roulette,17,Preto,Impar,2026-09-24 17:26:19,2026-09-24T20:25:31.033Z,2026-09-24T20:26:19.634Z,0x500 2x50 7x50 11x50 14x50 18x50 22x100 23x50 30x50 31x50
6ab587731caeb5d409c3db07,Auto Roulette,23,Vermelho,Impar,2026-09-24 17:26:27,2026-09-24T20:25:47.738Z,2026-09-24T20:26:27.122Z,
6ab587741caeb5d409c3db08,XXXtreme Lightning Roulette,9,Vermelho,Impar,2026-09-24 17:26:28,2026-09-24T20:25:38.711Z,2026-09-24T20:26:28.614Z,7x50 9x100 25x150 31x100
6ab5877a1caeb5d409c3db09,Lightning Roulette,0,Verde,None,2026-09-24 17:26:34,2026-09-24T20:25:52.879Z,2026-09-24T20:26:34.246Z,11x50 33x50
6ab58786466af71c3502a9ff,Red Door Roulette,5,Vermelho,Impar,2026-09-24 17:26:45,2026-09-24T20:25:46.913Z,2026-09-24T20:26:45.827Z,2x1 3x1 7x1 8x1 10x4 13x1 23x1 34x1
6ab587861caeb5d409c3db0d,Immersive Roulette,36,Vermelho,Par,2026-09-24 17:26:46,2026-09-24T20:25:56.847Z,2026-09-24T20:26:46.246Z,
6ab587b6b7515fcac5d125fa,Gold Vault Roulette,22,Preto,Par,2026-09-24 17:27:10,2026-09-24T20:26:22.719Z,2026-09-24T20:27:10.533Z,1x50 3x50 16x50 24x50 25x500 33x50 34x50
6ab587b6b7515fcac5d125fb,Auto Roulette,18,Vermelho,Par,2026-09-24 17:27:11,2026-09-24T20:26:30.211Z,2026-09-24T20:27:11.627Z,
6ab587b659513f2275d0d3d7,Lightning Roulette,33,Preto,Impar,2026-09-24 17:27:18,2026-09-24T20:26:37.346Z,2026-09-24T20:27:18.226Z,13x200 21x100
6ab587b659513f2275d0d3d8,XXXtreme Lightning Roulette,27,Vermelho,Impar,2026-09-24 17:27:23,2026-09-24T20:26:31.703Z,2026-09-24T20:27:23.110Z,16x50 20x1000 18x50 11x50 9x200 6x50 1x50
6ab587b6b7515fcac5d125fd,XXXtreme Lightning Roulette,27,Vermelho,Impar,2026-09-24 17:27:23,2026-09-24T20:26:31.703Z,2026-09-24T20:27:23.125Z,1x50 6x50 9x200 11x50 16x50 18x50 20x1000
6ab587b9b7515fcac5d125fe,Immersive Roulette,12,Vermelho,Par,2026-09-24 17:27:37,2026-09-24T20:26:49.345Z,2026-09-24T20:27:37.525Z,
6ab587c2466af71c3502aa03,Red Door Roulette,32,Vermelho,Par,2026-09-24 17:27:45,2026-09-24T20:26:48.919Z,2026-09-24T20:27:45.795Z,3x1 6x1 7x1 9x1 13x1 22x1 23x1 30x1 31x1
6ab587cab7515fcac5d12601,Auto Roulette,10,Preto,Par,2026-09-24 17:27:54,2026-09-24T20:27:14.757Z,2026-09-24T20:27:54.641Z,
6ab587d1b7515fcac5d12604,Gold Vault Roulette,21,Vermelho,Impar,2026-09-24 17:28:01,2026-09-24T20:27:13.638Z,2026-09-24T20:28:01.434Z,0x50 7x50 8x50 15x50 23x50 26x50 36x50
6ab587d3b7515fcac5d12605,Lightning Roulette,14,Vermelho,Par,2026-09-24 17:28:03,2026-09-24T20:27:21.364Z,2026-09-24T20:28:03.237Z,2x50 17x50
6ab587dcb7515fcac5d12609,XXXtreme Lightning Roulette,34,Vermelho,Par,2026-09-24 17:28:12,2026-09-24T20:27:26.228Z,2026-09-24T20:28:12.123Z,4x50 23x100
6ab587f2b7515fcac5d1260d,Immersive Roulette,4,Preto,Par,2026-09-24 17:28:34,2026-09-24T20:27:40.594Z,2026-09-24T20:28:34.018Z,
6ab587f6b7515fcac5d1260e,Auto Roulette,18,Vermelho,Par,2026-09-24 17:28:37,2026-09-24T20:27:57.750Z,2026-09-24T20:28:37.620Z,
6ab587fe466af71c3502aa07,Red Door Roulette,19,Vermelho,Impar,2026-09-24 17:28:45,2026-09-24T20:27:48.953Z,2026-09-24T20:28:45.784Z,6x2 13x1 17x1 21x15 24x1 25x1 26x1 29x1 33x3
6ab58805b7515fcac5d12614,Gold Vault Roulette,22,Preto,Par,2026-09-24 17:28:53,2026-09-24T20:28:04.576Z,2026-09-24T20:28:53.499Z,10x50 13x150 14x50 15x150 16x50 22x50 26x50 28x50 32x50
6ab58805b7515fcac5d12615,Lightning Roulette,36,Vermelho,Par,2026-09-24 17:28:53,2026-09-24T20:28:06.352Z,2026-09-24T20:28:53.765Z,2x200 7x50 16x200
6ab5880cb7515fcac5d12616,XXXtreme Lightning Roulette,36,Vermelho,Par,2026-09-24 17:29:00,2026-09-24T20:28:15.220Z,2026-09-24T20:29:00.131Z,8x500 18x150
6ab5881bb7515fcac5d1261b,Auto Roulette,30,Vermelho,Par,2026-09-24 17:29:15,2026-09-24T20:28:40.720Z,2026-09-24T20:29:15.150Z,
6ab58826b7515fcac5d1261d,Immersive Roulette,36,Vermelho,Par,2026-09-24 17:29:26,2026-09-24T20:28:37.088Z,2026-09-24T20:29:26.070Z,
6ab58836b7515fcac5d12620,Lightning Roulette,31,Preto,Impar,2026-09-24 17:29:42,2026-09-24T20:28:56.934Z,2026-09-24T20:29:42.225Z,6x100 30x50
6ab5883ab7515fcac5d12622,Gold Vault Roulette,11,Preto,Impar,2026-09-24 17:29:46,2026-09-24T20:28:56.624Z,2026-09-24T20:29:46.394Z,10x50 16x100 18x50 24x50 30x50 36x100
6ab5883fb7515fcac5d12625,XXXtreme Lightning Roulette,35,Preto,Impar,2026-09-24 17:29:51,2026-09-24T20:29:03.227Z,2026-09-24T20:29:51.648Z,17x100 30x100
6ab58846b7515fcac5d12627,Auto Roulette,4,Preto,Par,2026-09-24 17:29:58,2026-09-24T20:29:18.255Z,2026-09-24T20:29:58.132Z,
6ab58859b7515fcac5d1262b,Immersive Roulette,6,Preto,Par,2026-09-24 17:30:17,2026-09-24T20:29:29.122Z,2026-09-24T20:30:17.355Z,
6ab5886ab7515fcac5d1262e,Lightning Roulette,30,Vermelho,Par,2026-09-24 17:30:34,2026-09-24T20:29:45.320Z,2026-09-24T20:30:34.738Z,1x100 6x100 27x150
6ab5886fb7515fcac5d12630,Gold Vault Roulette,29,Preto,Impar,2026-09-24 17:30:39,2026-09-24T20:29:49.483Z,2026-09-24T20:30:39.273Z,1x50 4x50 13x50 14x150 15x50 19x50 28x50
6ab58871b7515fcac5d12631,Auto Roulette,3,Vermelho,Impar,2026-09-24 17:30:41,2026-09-24T20:30:01.230Z,2026-09-24T20:30:41.131Z,
6ab58872b7515fcac5d12632,XXXtreme Lightning Roulette,1,Vermelho,Impar,2026-09-24 17:30:42,2026-09-24T20:29:54.720Z,2026-09-24T20:30:42.151Z,1x100 11x100 26x50
6ab58878466af71c3502aa0e,Red Door Roulette,26,Preto,Par,2026-09-24 17:30:48,2026-09-24T20:28:48.875Z,2026-09-24T20:30:48.082Z,2x1 8x1 13x1 15x1 17x1 23x1 24x2 26x1 28x1 30x1 36x1
6ab58890b7515fcac5d12639,Immersive Roulette,13,Preto,Impar,2026-09-24 17:31:12,2026-09-24T20:30:20.414Z,2026-09-24T20:31:12.624Z,
6ab5889cb7515fcac5d1263d,Lightning Roulette,31,Preto,Impar,2026-09-24 17:31:24,2026-09-24T20:30:37.820Z,2026-09-24T20:31:24.751Z,17x100 36x350
6ab588a0b7515fcac5d12640,Auto Roulette,2,Preto,Par,2026-09-24 17:31:28,2026-09-24T20:30:44.248Z,2026-09-24T20:31:28.125Z,
6ab588a0b7515fcac5d1263f,Gold Vault Roulette,13,Preto,Impar,2026-09-24 17:31:28,2026-09-24T20:30:42.369Z,2026-09-24T20:31:28.148Z,0x100 1x100 12x50 14x150 20x50 23x50 34x50 35x50
6ab588a8b7515fcac5d12641,XXXtreme Lightning Roulette,34,Vermelho,Par,2026-09-24 17:31:35,2026-09-24T20:30:45.274Z,2026-09-24T20:31:35.651Z,16x100 17x50 19x700 24x600 27x100 31x50 35x600 36x50
6ab588b4466af71c3502aa12,Red Door Roulette,27,Vermelho,Impar,2026-09-24 17:31:47,2026-09-24T20:30:49.150Z,2026-09-24T20:31:47.792Z,0x1 8x1 11x1 15x1 23x1
6ab588c9b7515fcac5d12647,Auto Roulette,6,Preto,Par,2026-09-24 17:32:09,2026-09-24T20:31:31.219Z,2026-09-24T20:32:09.114Z,
6ab588c9b7515fcac5d12648,Immersive Roulette,25,Vermelho,Impar,2026-09-24 17:32:09,2026-09-24T20:31:15.694Z,2026-09-24T20:32:09.498Z,
6ab588ceb7515fcac5d12649,Lightning Roulette,24,Preto,Par,2026-09-24 17:32:14,2026-09-24T20:31:27.864Z,2026-09-24T20:32:14.256Z,9x50 14x50 15x200
6ab588d3b7515fcac5d1264a,Gold Vault Roulette,13,Preto,Impar,2026-09-24 17:32:19,2026-09-24T20:31:31.230Z,2026-09-24T20:32:19.409Z,3x50 5x50 8x150 10x50 14x150 15x50 16x50 17x50 23x50 25x50 31x50 33x150 35x50 36x50
6ab588d7b7515fcac5d1264d,XXXtreme Lightning Roulette,4,Preto,Par,2026-09-24 17:32:23,2026-09-24T20:31:38.726Z,2026-09-24T20:32:23.643Z,1x600 2x200 36x200
6ab588ef466af71c3502aa15,Red Door Roulette,31,Preto,Impar,2026-09-24 17:32:47,2026-09-24T20:31:50.886Z,2026-09-24T20:32:47.301Z,8x1 10x1 18x1 26x1 27x1 29x10 34x1 36x1
6ab588f5b7515fcac5d12652,Auto Roulette,23,Vermelho,Impar,2026-09-24 17:32:53,2026-09-24T20:32:12.215Z,2026-09-24T20:32:53.618Z,
6ab588fcb7515fcac5d12653,Immersive Roulette,16,Vermelho,Par,2026-09-24 17:33:00,2026-09-24T20:32:12.568Z,2026-09-24T20:33:00.374Z,
6ab588fdb7515fcac5d12654,Lightning Roulette,20,Preto,Par,2026-09-24 17:33:01,2026-09-24T20:32:17.348Z,2026-09-24T20:33:01.239Z,0x100 23x100 34x100
6ab58907b7515fcac5d12657,Gold Vault Roulette,24,Preto,Par,2026-09-24 17:33:11,2026-09-24T20:32:22.489Z,2026-09-24T20:33:11.510Z,1x50 7x50 19x100 22x50 23x100 26x100 29x150 32x100
6ab5890db7515fcac5d12658,XXXtreme Lightning Roulette,6,Preto,Par,2026-09-24 17:33:17,2026-09-24T20:32:26.753Z,2026-09-24T20:33:17.171Z,16x100 26x100 32x700
6ab58921b7515fcac5d1265e,Auto Roulette,34,Vermelho,Par,2026-09-24 17:33:37,2026-09-24T20:32:56.724Z,2026-09-24T20:33:37.631Z,
6ab58929466af71c3502aa19,Red Door Roulette,29,Preto,Impar,2026-09-24 17:33:44,2026-09-24T20:32:50.395Z,2026-09-24T20:33:44.797Z,5x1 7x1 10x1 24x1 30x1
6ab58930b7515fcac5d12661,Lightning Roulette,21,Vermelho,Impar,2026-09-24 17:33:52,2026-09-24T20:33:04.382Z,2026-09-24T20:33:52.734Z,3x100 12x200 29x50
6ab58932b7515fcac5d12663,Immersive Roulette,28,Preto,Par,2026-09-24 17:33:54,2026-09-24T20:33:03.470Z,2026-09-24T20:33:54.445Z,
6ab5893ab7515fcac5d12665,Gold Vault Roulette,9,Vermelho,Impar,2026-09-24 17:34:02,2026-09-24T20:33:14.607Z,2026-09-24T20:34:02.389Z,0x50 1x50 4x100 11x100 17x50 19x100 23x50 24x50 25x100 26x500 34x50 35x50 36x50
6ab58940b7515fcac5d12667,XXXtreme Lightning Roulette,3,Vermelho,Impar,2026-09-24 17:34:07,2026-09-24T20:33:20.252Z,2026-09-24T20:34:07.657Z,1x600 6x50 8x500 15x100 21x100 32x100
6ab5894db7515fcac5d1266b,Auto Roulette,14,Vermelho,Par,2026-09-24 17:34:20,2026-09-24T20:33:40.750Z,2026-09-24T20:34:20.635Z,
6ab58968466af71c3502aa1d,Red Door Roulette,10,Preto,Par,2026-09-24 17:34:47,2026-09-24T20:33:47.901Z,2026-09-24T20:34:47.793Z,2x1 7x1 12x1 15x1 17x1 22x1 27x1 29x1 32x1 34x1
6ab58968b7515fcac5d12670,Immersive Roulette,17,Preto,Impar,2026-09-24 17:34:48,2026-09-24T20:33:57.520Z,2026-09-24T20:34:48.132Z,
6ab58968b7515fcac5d1266f,Lightning Roulette,26,Preto,Par,2026-09-24 17:34:48,2026-09-24T20:33:55.880Z,2026-09-24T20:34:48.235Z,16x100 36x50
6ab58977b7515fcac5d12675,Auto Roulette,4,Preto,Par,2026-09-24 17:35:03,2026-09-24T20:34:23.706Z,2026-09-24T20:35:03.618Z,
6ab58978b7515fcac5d12676,XXXtreme Lightning Roulette,18,Vermelho,Par,2026-09-24 17:35:04,2026-09-24T20:34:10.745Z,2026-09-24T20:35:04.171Z,0x100 6x200 11x100 17x150 18x100 33x100 35x150
6ab58997b7515fcac5d1267b,Lightning Roulette,28,Preto,Par,2026-09-24 17:35:34,2026-09-24T20:34:51.395Z,2026-09-24T20:35:34.741Z,1x100
6ab5899fb7515fcac5d1267e,Immersive Roulette,24,Preto,Par,2026-09-24 17:35:43,2026-09-24T20:34:51.194Z,2026-09-24T20:35:43.011Z,
6ab589a4466af71c3502aa20,Red Door Roulette,31,Preto,Impar,2026-09-24 17:35:47,2026-09-24T20:34:50.906Z,2026-09-24T20:35:47.802Z,0x1 3x1 6x1 12x1 14x1
6ab589a6b7515fcac5d1267f,Auto Roulette,8,Preto,Par,2026-09-24 17:35:49,2026-09-24T20:35:06.747Z,2026-09-24T20:35:49.616Z,
6ab589aeb7515fcac5d12681,XXXtreme Lightning Roulette,12,Vermelho,Par,2026-09-24 17:35:58,2026-09-24T20:35:07.252Z,2026-09-24T20:35:58.179Z,4x100 14x200 18x50
6ab589c8b7515fcac5d12686,Lightning Roulette,34,Vermelho,Par,2026-09-24 17:36:24,2026-09-24T20:35:37.894Z,2026-09-24T20:36:24.745Z,5x100 30x50
6ab589d2b7515fcac5d12688,Auto Roulette,23,Vermelho,Impar,2026-09-24 17:36:34,2026-09-24T20:35:52.733Z,2026-09-24T20:36:34.133Z,
6ab589d3b7515fcac5d12689,Immersive Roulette,34,Vermelho,Par,2026-09-24 17:36:35,2026-09-24T20:35:46.104Z,2026-09-24T20:36:35.490Z,
6ab589df466af71c3502aa24,Red Door Roulette,25,Vermelho,Impar,2026-09-24 17:36:47,2026-09-24T20:35:50.904Z,2026-09-24T20:36:47.311Z,0x1 5x1 9x1 18x1 20x1 22x1 26x1 29x1 30x1 33x1
6ab589e359513f2275d0d3d9,XXXtreme Lightning Roulette,31,Preto,Impar,2026-09-24 17:36:49,2026-09-24T20:36:01.274Z,2026-09-24T20:36:49.161Z,34x100 12x50 23x600 10x100 21x100 18x50 7x700 29x100
6ab589fab7515fcac5d12691,Lightning Roulette,26,Preto,Par,2026-09-24 17:37:14,2026-09-24T20:36:27.885Z,2026-09-24T20:37:14.730Z,12x50 31x50 34x100
6ab589ffb7515fcac5d12693,Auto Roulette,9,Vermelho,Impar,2026-09-24 17:37:19,2026-09-24T20:36:37.203Z,2026-09-24T20:37:19.114Z,
6ab58a0cb7515fcac5d12696,Immersive Roulette,11,Preto,Impar,2026-09-24 17:37:32,2026-09-24T20:36:38.550Z,2026-09-24T20:37:32.366Z,
6ab58a1a59513f2275d0d3da,XXXtreme Lightning Roulette,11,Preto,Impar,2026-09-24 17:37:43,2026-09-24T20:36:52.261Z,2026-09-24T20:37:43.667Z,27x100
6ab58a19466af71c3502aa28,Red Door Roulette,21,Vermelho,Impar,2026-09-24 17:37:44,2026-09-24T20:36:50.413Z,2026-09-24T20:37:44.810Z,2x4 5x3 14x1 17x1 25x1
6ab58a28b7515fcac5d1269c,Auto Roulette,1,Vermelho,Impar,2026-09-24 17:38:00,2026-09-24T20:37:22.195Z,2026-09-24T20:38:00.625Z,
6ab58a29b7515fcac5d1269d,Lightning Roulette,24,Preto,Par,2026-09-24 17:38:00,2026-09-24T20:37:17.850Z,2026-09-24T20:38:00.749Z,2x50 13x50
6ab58a3bb7515fcac5d126a1,Gold Vault Roulette,14,Vermelho,Par,2026-09-24 17:38:19,2026-09-24T20:37:31.075Z,2026-09-24T20:38:19.229Z,3x150 12x50 16x50 18x50 27x100
6ab58a42b7515fcac5d126a2,Immersive Roulette,28,Preto,Par,2026-09-24 17:38:26,2026-09-24T20:37:35.412Z,2026-09-24T20:38:26.044Z,
6ab58a46b7515fcac5d126a5,XXXtreme Lightning Roulette,31,Preto,Impar,2026-09-24 17:38:30,2026-09-24T20:37:46.763Z,2026-09-24T20:38:30.687Z,7x50 21x100 33x100
6ab58a57b7515fcac5d126a8,Auto Roulette,36,Vermelho,Par,2026-09-24 17:38:46,2026-09-24T20:38:03.719Z,2026-09-24T20:38:46.625Z,
6ab58a5db7515fcac5d126ad,Lightning Roulette,10,Preto,Par,2026-09-24 17:38:53,2026-09-24T20:38:03.852Z,2026-09-24T20:38:53.236Z,14x50 20x500 26x50
6ab58a71b7515fcac5d126b0,Gold Vault Roulette,0,Verde,None,2026-09-24 17:39:12,2026-09-24T20:38:22.356Z,2026-09-24T20:39:12.939Z,5x150 15x50 17x50 34x50 35x500
6ab58a77b7515fcac5d126b1,XXXtreme Lightning Roulette,2,Preto,Par,2026-09-24 17:39:19,2026-09-24T20:38:33.783Z,2026-09-24T20:39:19.202Z,16x50 23x150
6ab58a79b7515fcac5d126b3,Immersive Roulette,1,Vermelho,Impar,2026-09-24 17:39:21,2026-09-24T20:38:29.116Z,2026-09-24T20:39:21.724Z,
6ab58a84b7515fcac5d126b6,Auto Roulette,5,Vermelho,Impar,2026-09-24 17:39:32,2026-09-24T20:38:49.732Z,2026-09-24T20:39:32.147Z,
6ab58a8db7515fcac5d126b8,Lightning Roulette,26,Preto,Par,2026-09-24 17:39:40,2026-09-24T20:38:56.368Z,2026-09-24T20:39:40.743Z,7x50 18x200 32x200
6ab58a90466af71c3502aa2f,Red Door Roulette,28,Preto,Par,2026-09-24 17:39:44,2026-09-24T20:37:47.931Z,2026-09-24T20:39:44.537Z,5x1 9x1 10x1 11x1 15x1 18x1 22x1 28x1 29x1 30x1
6ab58aa0b7515fcac5d126be,Gold Vault Roulette,35,Preto,Impar,2026-09-24 17:40:00,2026-09-24T20:39:16.053Z,2026-09-24T20:40:00.658Z,2x50 3x50 7x50 11x50 16x50 20x50 21x50 26x150 29x50 33x50 34x50 35x50 36x50
6ab58aabb7515fcac5d126c0,XXXtreme Lightning Roulette,23,Vermelho,Impar,2026-09-24 17:40:11,2026-09-24T20:39:22.291Z,2026-09-24T20:40:11.195Z,6x700 7x100
6ab58aafb7515fcac5d126c2,Immersive Roulette,26,Preto,Par,2026-09-24 17:40:14,2026-09-24T20:39:24.784Z,2026-09-24T20:40:14.989Z,
6ab58ab0b7515fcac5d126c3,Auto Roulette,20,Preto,Par,2026-09-24 17:40:16,2026-09-24T20:39:35.263Z,2026-09-24T20:40:16.134Z,
6ab58abbb7515fcac5d126c7,Lightning Roulette,8,Preto,Par,2026-09-24 17:40:27,2026-09-24T20:39:43.885Z,2026-09-24T20:40:27.242Z,17x200 20x50 34x50
6ab58ac7466af71c3502aa31,Red Door Roulette,16,Vermelho,Par,2026-09-24 17:40:39,2026-09-24T20:39:45.617Z,2026-09-24T20:40:39.298Z,1x1 6x1 14x15 15x1 20x1 24x1 35x1 36x1
6ab58ad2b7515fcac5d126cb,Gold Vault Roulette,18,Vermelho,Par,2026-09-24 17:40:49,2026-09-24T20:40:03.758Z,2026-09-24T20:40:49.944Z,2x50 4x50 9x100 17x50 21x50 22x100 29x50 36x150
6ab58ad8b7515fcac5d126ce,Auto Roulette,24,Preto,Par,2026-09-24 17:40:56,2026-09-24T20:40:19.222Z,2026-09-24T20:40:56.134Z,
6ab58ae1b7515fcac5d126d2,XXXtreme Lightning Roulette,0,Verde,None,2026-09-24 17:41:05,2026-09-24T20:40:14.284Z,2026-09-24T20:41:05.696Z,0x50 3x50 8x100 12x100 15x50 36x100
6ab58ae4b7515fcac5d126d4,Immersive Roulette,24,Preto,Par,2026-09-24 17:41:07,2026-09-24T20:40:18.079Z,2026-09-24T20:41:07.871Z,
6ab58aeeb7515fcac5d126d7,Lightning Roulette,4,Preto,Par,2026-09-24 17:41:18,2026-09-24T20:40:30.360Z,2026-09-24T20:41:18.743Z,13x100 16x50
6ab58b18b7515fcac5d126e0,Immersive Roulette,29,Preto,Impar,2026-09-24 17:42:00,2026-09-24T20:41:10.967Z,2026-09-24T20:42:00.326Z,
6ab58b19b7515fcac5d126e1,XXXtreme Lightning Roulette,1,Vermelho,Impar,2026-09-24 17:42:01,2026-09-24T20:41:08.799Z,2026-09-24T20:42:01.211Z,0x50 4x50 18x200 25x100 28x50 35x50
6ab58b21b7515fcac5d126e3,Lightning Roulette,5,Vermelho,Impar,2026-09-24 17:42:09,2026-09-24T20:41:21.834Z,2026-09-24T20:42:09.257Z,20x100 35x100
6ab58b32b7515fcac5d126e7,Auto Roulette,5,Vermelho,Impar,2026-09-24 17:42:26,2026-09-24T20:41:45.254Z,2026-09-24T20:42:26.123Z,
6ab58b36b7515fcac5d126e8,Gold Vault Roulette,8,Preto,Par,2026-09-24 17:42:30,2026-09-24T20:41:43.976Z,2026-09-24T20:42:30.529Z,1x50 5x50 8x100 12x50 14x50 15x50 17x50 21x100 24x100 25x50 29x50 33x50 34x100 35x50
6ab58b48b7515fcac5d126ed,XXXtreme Lightning Roulette,17,Preto,Impar,2026-09-24 17:42:47,2026-09-24T20:42:04.289Z,2026-09-24T20:42:47.715Z,3x50 12x100 19x50 23x150 32x100 35x100
6ab58b4db7515fcac5d126ee,Immersive Roulette,20,Preto,Par,2026-09-24 17:42:53,2026-09-24T20:42:03.416Z,2026-09-24T20:42:53.224Z,
6ab58b4eb7515fcac5d126ef,Lightning Roulette,4,Preto,Par,2026-09-24 17:42:54,2026-09-24T20:42:12.379Z,2026-09-24T20:42:54.744Z,21x100 22x50 31x100
6ab58b62b7515fcac5d126f5,Auto Roulette,11,Preto,Impar,2026-09-24 17:43:14,2026-09-24T20:42:29.224Z,2026-09-24T20:43:14.159Z,
6ab58b68b7515fcac5d126f7,Gold Vault Roulette,4,Preto,Par,2026-09-24 17:43:20,2026-09-24T20:42:33.644Z,2026-09-24T20:43:20.650Z,6x50 15x50 16x100 21x50 22x50 27x50 35x50
6ab58b7a466af71c3502aa37,Red Door Roulette,27,Vermelho,Impar,2026-09-24 17:43:38,2026-09-24T20:40:42.409Z,2026-09-24T20:43:38.448Z,3x1 5x1 11x1 18x1 21x1 25x1 27x1 28x1 29x1 33x1
6ab58b7db7515fcac5d126fa,XXXtreme Lightning Roulette,5,Vermelho,Impar,2026-09-24 17:43:40,2026-09-24T20:42:50.796Z,2026-09-24T20:43:40.721Z,16x150 18x100 25x50 27x600
6ab58b7eb7515fcac5d126fb,Lightning Roulette,30,Vermelho,Par,2026-09-24 17:43:41,2026-09-24T20:42:57.909Z,2026-09-24T20:43:41.744Z,26x50 33x100
6ab58b7fb7515fcac5d126fd,Immersive Roulette,27,Vermelho,Impar,2026-09-24 17:43:43,2026-09-24T20:42:56.307Z,2026-09-24T20:43:43.714Z,
6ab58b92b7515fcac5d12702,Auto Roulette,1,Vermelho,Impar,2026-09-24 17:44:02,2026-09-24T20:43:17.282Z,2026-09-24T20:44:02.124Z,
6ab58b9bb7515fcac5d12705,Gold Vault Roulette,0,Verde,None,2026-09-24 17:44:11,2026-09-24T20:43:23.776Z,2026-09-24T20:44:11.101Z,0x50 10x50 12x50 13x100 14x50 20x50 21x150 27x50 31x150
6ab58bafb7515fcac5d12707,Lightning Roulette,23,Vermelho,Impar,2026-09-24 17:44:31,2026-09-24T20:43:44.897Z,2026-09-24T20:44:31.248Z,22x100 31x50
6ab58bb1b7515fcac5d12709,XXXtreme Lightning Roulette,16,Vermelho,Par,2026-09-24 17:44:32,2026-09-24T20:43:43.821Z,2026-09-24T20:44:32.718Z,7x100 10x100 31x50
6ab58bb3466af71c3502aa3b,Red Door Roulette,36,Vermelho,Par,2026-09-24 17:44:34,2026-09-24T20:43:39.550Z,2026-09-24T20:44:34.817Z,0x1 3x2 11x1 12x3 13x1 14x1 21x1 24x1 26x1 34x1
6ab58bb7b7515fcac5d1270c,Immersive Roulette,22,Preto,Par,2026-09-24 17:44:38,2026-09-24T20:43:46.806Z,2026-09-24T20:44:38.984Z,
6ab58bd4b7515fcac5d12711,Auto Roulette,23,Vermelho,Impar,2026-09-24 17:44:47,2026-09-24T20:44:05.220Z,2026-09-24T20:44:47.625Z,
6ab58bd4b7515fcac5d12713,Gold Vault Roulette,11,Preto,Impar,2026-09-24 17:45:05,2026-09-24T20:44:14.187Z,2026-09-24T20:45:05.182Z,4x50 7x50 11x50 13x50 16x50 18x100 23x50 36x50
6ab58bddb7515fcac5d12716,Lightning Roulette,33,Preto,Impar,2026-09-24 17:45:17,2026-09-24T20:44:34.397Z,2026-09-24T20:45:17.747Z,0x100 13x100 19x100
6ab58be3b7515fcac5d12717,XXXtreme Lightning Roulette,3,Vermelho,Impar,2026-09-24 17:45:23,2026-09-24T20:44:35.815Z,2026-09-24T20:45:23.227Z,16x100 17x100 19x100
6ab58bebb7515fcac5d1271a,Immersive Roulette,16,Vermelho,Par,2026-09-24 17:45:31,2026-09-24T20:44:42.080Z,2026-09-24T20:45:31.022Z,
6ab58beeb7515fcac5d1271b,Auto Roulette,26,Preto,Par,2026-09-24 17:45:33,2026-09-24T20:44:50.708Z,2026-09-24T20:45:33.624Z,
6ab58bef466af71c3502aa3e,Red Door Roulette,8,Preto,Par,2026-09-24 17:45:35,2026-09-24T20:44:37.912Z,2026-09-24T20:45:35.310Z,7x15 11x1 12x1 15x1 18x1 20x1 22x1 36x4
6ab58c11b7515fcac5d12722,Lightning Roulette,1,Vermelho,Impar,2026-09-24 17:46:09,2026-09-24T20:45:20.858Z,2026-09-24T20:46:09.287Z,15x100 18x100 25x100
6ab58c1ab7515fcac5d12725,Auto Roulette,13,Preto,Impar,2026-09-24 17:46:17,2026-09-24T20:45:36.773Z,2026-09-24T20:46:17.636Z,
6ab58c1ab7515fcac5d12724,XXXtreme Lightning Roulette,31,Preto,Impar,2026-09-24 17:46:17,2026-09-24T20:45:26.321Z,2026-09-24T20:46:17.754Z,7x100 17x700 22x100 30x100 31x300 32x50 35x100
6ab58c23b7515fcac5d12727,Immersive Roulette,9,Vermelho,Impar,2026-09-24 17:46:27,2026-09-24T20:45:34.098Z,2026-09-24T20:46:27.096Z,
6ab58c2b466af71c3502aa43,Red Door Roulette,29,Preto,Impar,2026-09-24 17:46:34,2026-09-24T20:45:38.394Z,2026-09-24T20:46:34.813Z,0x4 11x1 12x1 14x1 22x2 25x1 33x1
6ab58c36b7515fcac5d1272b,Gold Vault Roulette,3,Vermelho,Impar,2026-09-24 17:46:46,2026-09-24T20:46:00.068Z,2026-09-24T20:46:46.544Z,1x50 3x50 12x50 14x50 26x50
6ab58c4259513f2275d0d3de,Lightning Roulette,31,Preto,Impar,2026-09-24 17:46:56,2026-09-24T20:46:12.474Z,2026-09-24T20:46:56.739Z,22x100 32x100 6x100
6ab58c47b7515fcac5d12730,Auto Roulette,4,Preto,Par,2026-09-24 17:47:03,2026-09-24T20:46:20.718Z,2026-09-24T20:47:03.124Z,
6ab58c4fb7515fcac5d12731,XXXtreme Lightning Roulette,13,Preto,Impar,2026-09-24 17:47:10,2026-09-24T20:46:20.831Z,2026-09-24T20:47:10.736Z,10x100 36x100
6ab58c68b7515fcac5d12736,Gold Vault Roulette,15,Preto,Impar,2026-09-24 17:47:35,2026-09-24T20:46:49.665Z,2026-09-24T20:47:35.909Z,0x50 21x50 25x50 33x100 35x100
6ab58c6eb7515fcac5d12737,Auto Roulette,31,Preto,Impar,2026-09-24 17:47:42,2026-09-24T20:47:06.191Z,2026-09-24T20:47:42.130Z,
6ab58c7059513f2275d0d3df,Lightning Roulette,8,Preto,Par,2026-09-24 17:47:42,2026-09-24T20:46:59.851Z,2026-09-24T20:47:42.738Z,31x200 32x50
6ab58c83b7515fcac5d1273a,XXXtreme Lightning Roulette,31,Preto,Impar,2026-09-24 17:48:02,2026-09-24T20:47:13.817Z,2026-09-24T20:48:02.752Z,0x50 4x50 7x100 9x50 13x100 24x50
6ab58c96b7515fcac5d1273f,Auto Roulette,4,Preto,Par,2026-09-24 17:48:22,2026-09-24T20:47:45.195Z,2026-09-24T20:48:22.629Z,
6ab58c9cb7515fcac5d12741,Gold Vault Roulette,33,Preto,Impar,2026-09-24 17:48:28,2026-09-24T20:47:39.082Z,2026-09-24T20:48:28.451Z,0x50 2x500 8x50 11x50 19x100 24x100 28x50
6ab58c9db7515fcac5d12742,Lightning Roulette,10,Preto,Par,2026-09-24 17:48:29,2026-09-24T20:47:45.920Z,2026-09-24T20:48:29.251Z,9x100 35x50
6ab58ca0466af71c3502aa4c,Red Door Roulette,18,Vermelho,Par,2026-09-24 17:48:32,2026-09-24T20:46:37.945Z,2026-09-24T20:48:32.662Z,0x1 9x1 15x3 18x1 27x1 29x1 32x5 34x1 35x1
6ab58cb5b7515fcac5d12746,XXXtreme Lightning Roulette,11,Preto,Impar,2026-09-24 17:48:52,2026-09-24T20:48:05.841Z,2026-09-24T20:48:52.751Z,2x100 19x500
6ab58cc0b7515fcac5d1274a,Auto Roulette,4,Preto,Par,2026-09-24 17:49:04,2026-09-24T20:48:25.690Z,2026-09-24T20:49:04.136Z,
6ab58ccbb7515fcac5d1274d,Immersive Roulette,34,Vermelho,Par,2026-09-24 17:49:15,2026-09-24T20:48:21.118Z,2026-09-24T20:49:15.311Z,
6ab58cd1b7515fcac5d1274e,Lightning Roulette,14,Vermelho,Par,2026-09-24 17:49:20,2026-09-24T20:48:32.363Z,2026-09-24T20:49:20.797Z,3x50 29x50
6ab58cd259513f2275d0d3e0,Gold Vault Roulette,25,Vermelho,Impar,2026-09-24 17:49:20,2026-09-24T20:48:31.585Z,2026-09-24T20:49:20.947Z,8x50 19x50 24x50 10x50 21x500 14x100 31x50 2x50 18x50 7x50
6ab58ce3466af71c3502aa53,Red Door Roulette,24,Preto,Par,2026-09-24 17:49:38,2026-09-24T20:48:33.806Z,2026-09-24T20:49:38.794Z,4x1 8x7 11x1 12x1 14x1 21x1 22x1 27x1 29x2 30x1
6ab58ce7b7515fcac5d12754,XXXtreme Lightning Roulette,4,Preto,Par,2026-09-24 17:49:43,2026-09-24T20:48:55.849Z,2026-09-24T20:49:43.255Z,18x100 25x100
6ab58cecb7515fcac5d12755,Auto Roulette,6,Preto,Par,2026-09-24 17:49:48,2026-09-24T20:49:07.266Z,2026-09-24T20:49:48.135Z,
6ab58d01b7515fcac5d12759,Immersive Roulette,13,Preto,Impar,2026-09-24 17:50:09,2026-09-24T20:49:18.359Z,2026-09-24T20:50:09.396Z,
6ab58d07b7515fcac5d1275c,Gold Vault Roulette,1,Vermelho,Impar,2026-09-24 17:50:15,2026-09-24T20:49:24.022Z,2026-09-24T20:50:15.436Z,2x50 9x50 15x100 17x50 23x50 24x50 27x50
6ab58d09b7515fcac5d1275e,Lightning Roulette,15,Preto,Impar,2026-09-24 17:50:16,2026-09-24T20:49:23.937Z,2026-09-24T20:50:16.253Z,1x100 4x150
6ab58d14b7515fcac5d1275f,Auto Roulette,34,Vermelho,Par,2026-09-24 17:50:28,2026-09-24T20:49:51.223Z,2026-09-24T20:50:28.125Z,
6ab58d18b7515fcac5d12760,XXXtreme Lightning Roulette,15,Preto,Impar,2026-09-24 17:50:31,2026-09-24T20:49:46.343Z,2026-09-24T20:50:31.759Z,7x50 9x100
6ab58d1d466af71c3502aa57,Red Door Roulette,12,Vermelho,Par,2026-09-24 17:50:37,2026-09-24T20:49:41.931Z,2026-09-24T20:50:37.305Z,0x7 1x1 3x1 5x1 6x1 18x1 23x1 24x2 31x1 34x1
6ab58d76afc27ae72e1acf7a,Gold Vault Roulette,5,Vermelho,Impar,2026-09-24 17:51:04,2026-09-24T20:50:18.546Z,2026-09-24T20:51:04.719Z,10x50 12x50 13x100 14x50 15x50 27x50 33x100
6ab58d7659513f2275d0d3e5,Lightning Roulette,0,Verde,None,2026-09-24 17:51:07,2026-09-24T20:50:19.366Z,2026-09-24T20:51:07.740Z,3x100 7x50
6ab58d78afc27ae72e1acf7c,Immersive Roulette,6,Preto,Par,2026-09-24 17:51:08,2026-09-24T20:50:12.464Z,2026-09-24T20:51:08.304Z,
6ab58d78afc27ae72e1acf7d,Auto Roulette,36,Vermelho,Par,2026-09-24 17:51:11,2026-09-24T20:50:31.235Z,2026-09-24T20:51:11.638Z,
6ab58d7659513f2275d0d3e8,XXXtreme Lightning Roulette,26,Preto,Par,2026-09-24 17:51:21,2026-09-24T20:50:34.850Z,2026-09-24T20:51:21.253Z,19x100 22x100 6x500 0x100 18x50 15x500 11x50 9x100
6ab58d75466af71c3502aa5b,Red Door Roulette,8,Preto,Par,2026-09-24 17:51:39,2026-09-24T20:50:40.375Z,2026-09-24T20:51:39.810Z,34x1 23x5 11x1 13x1 24x1 32x1 31x1 36x1 1x1
6ab58d7659513f2275d0d3eb,Lightning Roulette,31,Preto,Impar,2026-09-24 17:51:54,2026-09-24T20:51:10.866Z,2026-09-24T20:51:54.741Z,30x200
6ab58d7aafc27ae72e1acf82,Auto Roulette,33,Preto,Impar,2026-09-24 17:51:55,2026-09-24T20:51:14.777Z,2026-09-24T20:51:55.112Z,
6ab58d7aafc27ae72e1acf83,Gold Vault Roulette,4,Preto,Par,2026-09-24 17:51:57,2026-09-24T20:51:07.836Z,2026-09-24T20:51:57.242Z,12x100 13x50 14x50 16x50 21x50 23x50 24x150 26x100 29x50 32x50 35x50
6ab58d7aafc27ae72e1acf85,Immersive Roulette,36,Vermelho,Par,2026-09-24 17:52:02,2026-09-24T20:51:11.381Z,2026-09-24T20:52:02.771Z,
6ab58d7cafc27ae72e1acf87,XXXtreme Lightning Roulette,23,Vermelho,Impar,2026-09-24 17:52:11,2026-09-24T20:51:24.358Z,2026-09-24T20:52:11.778Z,4x200 12x100 14x50 19x50 21x100 30x100 36x200
6ab58d92afc27ae72e1acf8b,Auto Roulette,13,Preto,Impar,2026-09-24 17:52:34,2026-09-24T20:51:58.213Z,2026-09-24T20:52:34.176Z,
6ab58d97466af71c3502aa65,Red Door Roulette,10,Preto,Par,2026-09-24 17:52:39,2026-09-24T20:51:42.934Z,2026-09-24T20:52:39.324Z,1x1 7x1 8x1 11x1 18x1 20x1 24x1 25x1 26x1 34x2
6ab58d9aafc27ae72e1acf8c,Lightning Roulette,12,Vermelho,Par,2026-09-24 17:52:42,2026-09-24T20:51:57.852Z,2026-09-24T20:52:42.246Z,8x50 20x100
6ab58da0afc27ae72e1acf8d,Gold Vault Roulette,25,Vermelho,Impar,2026-09-24 17:52:47,2026-09-24T20:52:00.329Z,2026-09-24T20:52:47.733Z,3x50 10x50 13x50 17x50 18x500 20x50 28x50 30x50 35x150
6ab58dabafc27ae72e1acf91,Immersive Roulette,31,Preto,Impar,2026-09-24 17:52:58,2026-09-24T20:52:05.871Z,2026-09-24T20:52:58.880Z,
6ab58daeafc27ae72e1acf92,XXXtreme Lightning Roulette,31,Preto,Impar,2026-09-24 17:53:02,2026-09-24T20:52:14.874Z,2026-09-24T20:53:02.276Z,1x100 2x50 13x100 19x100
6ab58dc1afc27ae72e1acf94,Auto Roulette,34,Vermelho,Par,2026-09-24 17:53:20,2026-09-24T20:52:37.270Z,2026-09-24T20:53:20.625Z,
6ab58dcdafc27ae72e1acf96,Lightning Roulette,6,Preto,Par,2026-09-24 17:53:33,2026-09-24T20:52:45.387Z,2026-09-24T20:53:33.244Z,9x50 10x50 31x100
6ab58dd0afc27ae72e1acf97,Gold Vault Roulette,28,Preto,Par,2026-09-24 17:53:36,2026-09-24T20:52:50.830Z,2026-09-24T20:53:36.201Z,5x50 14x50 19x50 20x50 32x100 36x50
6ab58dd2466af71c3502aa6a,Red Door Roulette,16,Vermelho,Par,2026-09-24 17:53:38,2026-09-24T20:52:42.440Z,2026-09-24T20:53:38.322Z,0x1 8x1 10x1 12x1 13x1 23x1 27x1 31x1 34x1 36x1
6ab58de1afc27ae72e1acf9a,Immersive Roulette,3,Vermelho,Impar,2026-09-24 17:53:53,2026-09-24T20:53:01.966Z,2026-09-24T20:53:53.772Z,
6ab58de3afc27ae72e1acf9b,XXXtreme Lightning Roulette,31,Preto,Impar,2026-09-24 17:53:54,2026-09-24T20:53:05.380Z,2026-09-24T20:53:54.787Z,0x50 16x50
6ab58debafc27ae72e1acf9c,Auto Roulette,8,Preto,Par,2026-09-24 17:54:03,2026-09-24T20:53:23.719Z,2026-09-24T20:54:03.138Z,
6ab58dfcafc27ae72e1acf9f,Lightning Roulette,0,Verde,None,2026-09-24 17:54:19,2026-09-24T20:53:36.342Z,2026-09-24T20:54:19.745Z,5x200 20x100 33x50
6ab58e04afc27ae72e1acfa0,Gold Vault Roulette,19,Vermelho,Impar,2026-09-24 17:54:28,2026-09-24T20:53:39.286Z,2026-09-24T20:54:28.667Z,0x50 3x50 4x50 5x50 8x50 11x100 12x100 16x50 22x50 25x50 27x150 29x50
6ab58e0b466af71c3502aa70,Red Door Roulette,9,Vermelho,Impar,2026-09-24 17:54:34,2026-09-24T20:53:41.464Z,2026-09-24T20:54:34.810Z,1x1 2x2 12x1 20x1 28x1 31x1 35x5
6ab58e13afc27ae72e1acfa2,Immersive Roulette,34,Vermelho,Par,2026-09-24 17:54:43,2026-09-24T20:53:56.854Z,2026-09-24T20:54:43.445Z,
6ab58e14afc27ae72e1acfa3,XXXtreme Lightning Roulette,14,Vermelho,Par,2026-09-24 17:54:44,2026-09-24T20:53:57.873Z,2026-09-24T20:54:44.291Z,17x100 18x100 21x50 22x50 23x500 24x700 26x100
6ab58e19afc27ae72e1acfa4,Auto Roulette,8,Preto,Par,2026-09-24 17:54:49,2026-09-24T20:54:06.211Z,2026-09-24T20:54:49.121Z,
6ab58e29afc27ae72e1acfa8,Lightning Roulette,21,Vermelho,Impar,2026-09-24 17:55:04,2026-09-24T20:54:22.885Z,2026-09-24T20:55:04.761Z,12x100 16x100 23x100
6ab58e43afc27ae72e1acfaa,XXXtreme Lightning Roulette,7,Vermelho,Impar,2026-09-24 17:55:31,2026-09-24T20:54:47.370Z,2026-09-24T20:55:31.283Z,17x300 18x100
6ab58e45afc27ae72e1acfab,Auto Roulette,16,Vermelho,Par,2026-09-24 17:55:33,2026-09-24T20:54:52.199Z,2026-09-24T20:55:33.130Z,
6ab58e45afc27ae72e1acfac,Immersive Roulette,4,Preto,Par,2026-09-24 17:55:33,2026-09-24T20:54:46.512Z,2026-09-24T20:55:33.490Z,
6ab58e47466af71c3502aa76,Red Door Roulette,4,Preto,Par,2026-09-24 17:55:34,2026-09-24T20:54:37.898Z,2026-09-24T20:55:34.820Z,10x1 13x2 29x1 30x1 34x1 36x1
6ab58e58afc27ae72e1acfb0,Lightning Roulette,26,Preto,Par,2026-09-24 17:55:52,2026-09-24T20:55:07.850Z,2026-09-24T20:55:52.300Z,14x50 25x100
6ab58e6fafc27ae72e1acfb2,Auto Roulette,17,Preto,Impar,2026-09-24 17:56:14,2026-09-24T20:55:36.244Z,2026-09-24T20:56:14.620Z,
6ab58e76afc27ae72e1acfb5,Immersive Roulette,35,Preto,Impar,2026-09-24 17:56:22,2026-09-24T20:55:36.558Z,2026-09-24T20:56:22.331Z,
6ab58e78afc27ae72e1acfb6,XXXtreme Lightning Roulette,33,Preto,Impar,2026-09-24 17:56:23,2026-09-24T20:55:34.379Z,2026-09-24T20:56:23.793Z,7x50 8x100 22x50
6ab58e7f466af71c3502aa7d,Red Door Roulette,29,Preto,Impar,2026-09-24 17:56:30,2026-09-24T20:55:37.927Z,2026-09-24T20:56:30.814Z,6x3 8x1 14x1 18x1
6ab58e8bafc27ae72e1acfb8,Lightning Roulette,6,Preto,Par,2026-09-24 17:56:42,2026-09-24T20:55:55.374Z,2026-09-24T20:56:42.753Z,1x200 8x500 34x100
6ab58e96afc27ae72e1acfba,Auto Roulette,18,Vermelho,Par,2026-09-24 17:56:54,2026-09-24T20:56:17.696Z,2026-09-24T20:56:54.137Z,
6ab58e9fafc27ae72e1acfbd,Gold Vault Roulette,33,Preto,Impar,2026-09-24 17:57:03,2026-09-24T20:56:16.777Z,2026-09-24T20:57:03.360Z,5x50 6x50 7x150 15x50 19x50
6ab58eadafc27ae72e1acfbf,XXXtreme Lightning Roulette,35,Preto,Impar,2026-09-24 17:57:17,2026-09-24T20:56:26.877Z,2026-09-24T20:57:17.300Z,20x50 23x100 30x700
6ab58eb9466af71c3502aa83,Red Door Roulette,4,Preto,Par,2026-09-24 17:57:28,2026-09-24T20:56:33.964Z,2026-09-24T20:57:28.825Z,8x1 20x1 21x4 23x1 26x1 32x1 33x1
6ab58ebaafc27ae72e1acfc0,Lightning Roulette,36,Vermelho,Par,2026-09-24 17:57:29,2026-09-24T20:56:45.877Z,2026-09-24T20:57:29.753Z,17x50 30x100 35x100
6ab58ec6afc27ae72e1acfc3,Auto Roulette,31,Preto,Impar,2026-09-24 17:57:42,2026-09-24T20:56:57.197Z,2026-09-24T20:57:42.616Z,
6ab58ed2afc27ae72e1acfc6,Gold Vault Roulette,22,Preto,Par,2026-09-24 17:57:54,2026-09-24T20:57:06.524Z,2026-09-24T20:57:54.215Z,5x150 11x50 13x50 18x50 32x50 34x50
6ab58ee1afc27ae72e1acfc7,Immersive Roulette,7,Vermelho,Impar,2026-09-24 17:58:08,2026-09-24T20:57:14.289Z,2026-09-24T20:58:08.887Z,
6ab58ee2afc27ae72e1acfc8,XXXtreme Lightning Roulette,0,Verde,None,2026-09-24 17:58:09,2026-09-24T20:57:20.387Z,2026-09-24T20:58:09.805Z,16x100 27x50 28x100
6ab58ee7afc27ae72e1acfca,Lightning Roulette,35,Preto,Impar,2026-09-24 17:58:15,2026-09-24T20:57:32.870Z,2026-09-24T20:58:15.761Z,12x100 35x100
6ab58ef0466af71c3502aa89,Red Door Roulette,20,Preto,Par,2026-09-24 17:58:23,2026-09-24T20:57:31.904Z,2026-09-24T20:58:23.819Z,7x3 9x1 17x3 18x1 19x1 21x1 23x1 29x1 32x1
6ab58ef6afc27ae72e1acfcc,Auto Roulette,25,Vermelho,Impar,2026-09-24 17:58:29,2026-09-24T20:57:45.705Z,2026-09-24T20:58:29.614Z,
6ab58f06afc27ae72e1acfce,Gold Vault Roulette,34,Vermelho,Par,2026-09-24 17:58:46,2026-09-24T20:57:57.319Z,2026-09-24T20:58:46.303Z,2x100 4x150 5x100 13x50 14x50 34x150
6ab58f12afc27ae72e1acfd0,Immersive Roulette,10,Preto,Par,2026-09-24 17:58:58,2026-09-24T20:58:11.941Z,2026-09-24T20:58:58.547Z,
6ab58f16afc27ae72e1acfd2,XXXtreme Lightning Roulette,11,Preto,Impar,2026-09-24 17:59:01,2026-09-24T20:58:12.902Z,2026-09-24T20:59:01.812Z,14x100 19x100 25x50
6ab58f19afc27ae72e1acfd3,Lightning Roulette,6,Preto,Par,2026-09-24 17:59:05,2026-09-24T20:58:18.842Z,2026-09-24T20:59:05.262Z,7x100 19x50 25x50 32x50
6ab58f20afc27ae72e1acfd5,Auto Roulette,17,Preto,Impar,2026-09-24 17:59:12,2026-09-24T20:58:32.692Z,2026-09-24T20:59:12.127Z,
6ab58f37afc27ae72e1acfd7,Gold Vault Roulette,33,Preto,Impar,2026-09-24 17:59:35,2026-09-24T20:58:49.420Z,2026-09-24T20:59:35.598Z,9x100 12x50 19x50 25x100 26x50 29x50 33x50 34x50
6ab58f47afc27ae72e1acfda,Lightning Roulette,24,Preto,Par,2026-09-24 17:59:51,2026-09-24T20:59:08.393Z,2026-09-24T20:59:51.747Z,4x100 21x50
6ab58f49afc27ae72e1acfdb,Immersive Roulette,5,Vermelho,Impar,2026-09-24 17:59:53,2026-09-24T20:59:01.616Z,2026-09-24T20:59:53.054Z,
6ab58f4bafc27ae72e1acfdc,XXXtreme Lightning Roulette,6,Preto,Par,2026-09-24 17:59:55,2026-09-24T20:59:04.896Z,2026-09-24T20:59:55.307Z,1x100 24x200
6ab58f4cafc27ae72e1acfde,Auto Roulette,33,Preto,Impar,2026-09-24 17:59:56,2026-09-24T20:59:15.214Z,2026-09-24T20:59:56.148Z,
6ab58f78afc27ae72e1acfe3,Lightning Roulette,35,Preto,Impar,2026-09-24 18:00:39,2026-09-24T20:59:54.830Z,2026-09-24T21:00:39.782Z,21x100 29x50 34x500
6ab58f78afc27ae72e1acfe4,Auto Roulette,29,Preto,Impar,2026-09-24 18:00:40,2026-09-24T20:59:59.230Z,2026-09-24T21:00:40.626Z,
6ab58f79afc27ae72e1acfe5,Immersive Roulette,25,Vermelho,Impar,2026-09-24 18:00:40,2026-09-24T20:59:56.147Z,2026-09-24T21:00:40.806Z,
6ab58f7f466af71c3502aa96,Red Door Roulette,36,Vermelho,Par,2026-09-24 18:00:45,2026-09-24T20:58:26.917Z,2026-09-24T21:00:45.530Z,8x1 19x1 4x1 33x1 22x1 16x1 36x1 17x1 20x1 2x1 18x1 29x1
6ab58f7eafc27ae72e1acfe6,XXXtreme Lightning Roulette,20,Preto,Par,2026-09-24 18:00:45,2026-09-24T20:59:58.396Z,2026-09-24T21:00:45.826Z,12x50 17x100 23x100 27x100
6ab58fa3afc27ae72e1acfeb,Auto Roulette,18,Vermelho,Par,2026-09-24 18:01:22,2026-09-24T21:00:43.717Z,2026-09-24T21:01:22.640Z,
6ab58fa7afc27ae72e1acfec,Lightning Roulette,24,Preto,Par,2026-09-24 18:01:27,2026-09-24T21:00:42.868Z,2026-09-24T21:01:27.257Z,3x200 21x200 25x50
6ab58fadafc27ae72e1acfed,Immersive Roulette,33,Preto,Impar,2026-09-24 18:01:33,2026-09-24T21:00:43.879Z,2026-09-24T21:01:33.283Z,
6ab58faeafc27ae72e1acfee,XXXtreme Lightning Roulette,5,Vermelho,Impar,2026-09-24 18:01:33,2026-09-24T21:00:48.912Z,2026-09-24T21:01:33.824Z,6x100 14x50 24x200
6ab58fc1466af71c3502aa9c,Red Door Roulette,26,Preto,Par,2026-09-24 18:01:53,2026-09-24T21:00:53.767Z,2026-09-24T21:01:53.332Z,6x1 7x1 12x5 13x1 15x1 16x1 21x1 25x1 35x1
6ab58fd1afc27ae72e1acff2,Auto Roulette,31,Preto,Impar,2026-09-24 18:02:09,2026-09-24T21:01:25.761Z,2026-09-24T21:02:09.133Z,
6ab58fd2afc27ae72e1acff3,Gold Vault Roulette,3,Vermelho,Impar,2026-09-24 18:02:10,2026-09-24T21:01:23.277Z,2026-09-24T21:02:10.659Z,2x50 9x50 10x50 17x100 20x50 21x150 30x50
6ab58fd7afc27ae72e1acff4,Lightning Roulette,32,Vermelho,Par,2026-09-24 18:02:14,2026-09-24T21:01:30.395Z,2026-09-24T21:02:14.756Z,8x200 30x50
6ab58fdfafc27ae72e1acff6,Immersive Roulette,25,Vermelho,Impar,2026-09-24 18:02:23,2026-09-24T21:01:36.380Z,2026-09-24T21:02:23.365Z,
6ab58fe6afc27ae72e1acff8,XXXtreme Lightning Roulette,22,Preto,Par,2026-09-24 18:02:29,2026-09-24T21:01:36.912Z,2026-09-24T21:02:29.829Z,0x600 14x100 26x50 33x50 35x700
6ab58ffbafc27ae72e1acffc,Auto Roulette,26,Preto,Par,2026-09-24 18:02:50,2026-09-24T21:02:12.231Z,2026-09-24T21:02:50.612Z,
6ab59005afc27ae72e1acffe,Gold Vault Roulette,36,Vermelho,Par,2026-09-24 18:03:01,2026-09-24T21:02:13.771Z,2026-09-24T21:03:01.564Z,4x50 7x100 8x100 19x50 33x500
6ab59006afc27ae72e1acfff,Lightning Roulette,8,Preto,Par,2026-09-24 18:03:02,2026-09-24T21:02:17.879Z,2026-09-24T21:03:02.256Z,9x50 16x200
6ab59010afc27ae72e1ad001,Immersive Roulette,26,Preto,Par,2026-09-24 18:03:12,2026-09-24T21:02:26.456Z,2026-09-24T21:03:12.633Z,
6ab59016afc27ae72e1ad002,XXXtreme Lightning Roulette,35,Preto,Impar,2026-09-24 18:03:18,2026-09-24T21:02:32.925Z,2026-09-24T21:03:18.339Z,9x100 11x200 32x100 36x100
6ab59028afc27ae72e1ad005,Auto Roulette,31,Preto,Impar,2026-09-24 18:03:35,2026-09-24T21:02:53.723Z,2026-09-24T21:03:35.617Z,
6ab5902f466af71c3502aaa6,Red Door Roulette,14,Vermelho,Par,2026-09-24 18:03:41,2026-09-24T21:01:56.390Z,2026-09-24T21:03:41.178Z,23x1 15x1 13x5 21x1 1x1 14x1 29x1 24x1 16x1
6ab59039afc27ae72e1ad009,Gold Vault Roulette,10,Preto,Par,2026-09-24 18:03:53,2026-09-24T21:03:04.668Z,2026-09-24T21:03:53.261Z,1x50 3x50 18x50 24x50 27x50 36x50
6ab5903cafc27ae72e1ad00a,Lightning Roulette,5,Vermelho,Impar,2026-09-24 18:03:55,2026-09-24T21:03:05.362Z,2026-09-24T21:03:55.766Z,0x100 33x100 35x50
6ab59047afc27ae72e1ad00c,Immersive Roulette,9,Vermelho,Impar,2026-09-24 18:04:06,2026-09-24T21:03:15.705Z,2026-09-24T21:04:06.696Z,
6ab59047afc27ae72e1ad00d,XXXtreme Lightning Roulette,11,Preto,Impar,2026-09-24 18:04:07,2026-09-24T21:03:21.416Z,2026-09-24T21:04:07.345Z,16x100 28x50
6ab5904eafc27ae72e1ad00e,Auto Roulette,9,Vermelho,Impar,2026-09-24 18:04:13,2026-09-24T21:03:38.705Z,2026-09-24T21:04:13.644Z,
6ab5906e59513f2275d0d461,Gold Vault Roulette,8,Preto,Par,2026-09-24 18:04:45,2026-09-24T21:03:56.372Z,2026-09-24T21:04:45.753Z,13x100 32x500 36x50 14x50 31x50 0x50 18x50 30x50 15x50 11x50
6ab5906eafc27ae72e1ad00f,Lightning Roulette,26,Preto,Par,2026-09-24 18:04:46,2026-09-24T21:03:58.834Z,2026-09-24T21:04:46.252Z,0x100 25x50
6ab59070466af71c3502aaae,Red Door Roulette,8,Preto,Par,2026-09-24 18:04:47,2026-09-24T21:03:48.413Z,2026-09-24T21:04:47.828Z,7x1 13x2 20x20
6ab59078afc27ae72e1ad010,Auto Roulette,26,Preto,Par,2026-09-24 18:04:55,2026-09-24T21:04:16.715Z,2026-09-24T21:04:55.634Z,
6ab59079afc27ae72e1ad011,Immersive Roulette,13,Preto,Impar,2026-09-24 18:04:57,2026-09-24T21:04:09.775Z,2026-09-24T21:04:57.163Z,
6ab5907bafc27ae72e1ad012,XXXtreme Lightning Roulette,22,Preto,Par,2026-09-24 18:04:58,2026-09-24T21:04:10.430Z,2026-09-24T21:04:58.849Z,1x1000 3x100 6x100 17x150 20x50 24x100
6ab5909dafc27ae72e1ad016,Lightning Roulette,13,Preto,Impar,2026-09-24 18:05:33,2026-09-24T21:04:49.400Z,2026-09-24T21:05:33.253Z,5x150 14x50 28x100
6ab590a459513f2275d0d46d,Gold Vault Roulette,26,Preto,Par,2026-09-24 18:05:39,2026-09-24T21:04:48.847Z,2026-09-24T21:05:39.051Z,23x50 15x100 22x50 35x50 2x150 30x50 29x100
6ab590a4afc27ae72e1ad017,Auto Roulette,35,Preto,Impar,2026-09-24 18:05:40,2026-09-24T21:04:58.697Z,2026-09-24T21:05:40.116Z,
6ab590acafc27ae72e1ad018,XXXtreme Lightning Roulette,35,Preto,Impar,2026-09-24 18:05:47,2026-09-24T21:05:01.932Z,2026-09-24T21:05:47.845Z,17x100 19x100
6ab590ac466af71c3502aab4,Red Door Roulette,11,Preto,Impar,2026-09-24 18:05:48,2026-09-24T21:04:50.940Z,2026-09-24T21:05:48.339Z,1x1 31x1 33x1
6ab590cbafc27ae72e1ad01c,Lightning Roulette,17,Preto,Impar,2026-09-24 18:06:19,2026-09-24T21:05:36.397Z,2026-09-24T21:06:19.267Z,0x100 12x50 27x50
6ab590d3afc27ae72e1ad01d,Auto Roulette,7,Vermelho,Impar,2026-09-24 18:06:27,2026-09-24T21:05:43.260Z,2026-09-24T21:06:27.122Z,
6ab590d6afc27ae72e1ad01e,Gold Vault Roulette,31,Preto,Impar,2026-09-24 18:06:30,2026-09-24T21:05:42.194Z,2026-09-24T21:06:30.329Z,4x50 6x50 13x50 14x50 18x50 21x50 23x50 25x50 27x100 29x150 33x150
6ab590df59513f2275d0d478,XXXtreme Lightning Roulette,34,Vermelho,Par,2026-09-24 18:06:37,2026-09-24T21:05:50.926Z,2026-09-24T21:06:37.836Z,16x100 23x100 24x100
6ab590e6466af71c3502aaba,Red Door Roulette,7,Vermelho,Impar,2026-09-24 18:06:45,2026-09-24T21:05:51.435Z,2026-09-24T21:06:45.832Z,14x1 18x1 25x10 27x1 28x1
6ab590e7afc27ae72e1ad021,Immersive Roulette,17,Preto,Impar,2026-09-24 18:06:46,2026-09-24T21:05:54.250Z,2026-09-24T21:06:46.888Z,
6ab590fdafc27ae72e1ad022,Auto Roulette,14,Vermelho,Par,2026-09-24 18:07:09,2026-09-24T21:06:30.217Z,2026-09-24T21:07:09.606Z,
6ab590feafc27ae72e1ad023,Lightning Roulette,9,Vermelho,Impar,2026-09-24 18:07:10,2026-09-24T21:06:22.346Z,2026-09-24T21:07:10.761Z,14x50 32x50
6ab5910cafc27ae72e1ad025,Gold Vault Roulette,14,Vermelho,Par,2026-09-24 18:07:24,2026-09-24T21:06:33.398Z,2026-09-24T21:07:24.025Z,9x50 14x50 17x50 27x100 29x50 30x50 32x50 35x50
6ab59110afc27ae72e1ad026,XXXtreme Lightning Roulette,30,Vermelho,Par,2026-09-24 18:07:28,2026-09-24T21:06:40.950Z,2026-09-24T21:07:28.357Z,22x100 31x100 35x50
6ab59118afc27ae72e1ad028,Immersive Roulette,12,Vermelho,Par,2026-09-24 18:07:36,2026-09-24T21:06:49.952Z,2026-09-24T21:07:36.150Z,
6ab5912cafc27ae72e1ad02a,Auto Roulette,18,Vermelho,Par,2026-09-24 18:07:56,2026-09-24T21:07:12.732Z,2026-09-24T21:07:56.105Z,
6ab5912fafc27ae72e1ad02c,Lightning Roulette,33,Preto,Impar,2026-09-24 18:07:58,2026-09-24T21:07:13.871Z,2026-09-24T21:07:58.760Z,13x50 22x50
6ab5913dafc27ae72e1ad02f,Gold Vault Roulette,28,Preto,Par,2026-09-24 18:08:13,2026-09-24T21:07:27.129Z,2026-09-24T21:08:13.328Z,9x50 18x150 19x100 29x50 35x50
6ab59149afc27ae72e1ad030,XXXtreme Lightning Roulette,24,Preto,Par,2026-09-24 18:08:25,2026-09-24T21:07:31.440Z,2026-09-24T21:08:25.376Z,29x100 33x100
6ab5914bafc27ae72e1ad031,Immersive Roulette,13,Preto,Impar,2026-09-24 18:08:27,2026-09-24T21:07:39.243Z,2026-09-24T21:08:27.459Z,
6ab59153466af71c3502aac6,Red Door Roulette,21,Vermelho,Impar,2026-09-24 18:08:33,2026-09-24T21:06:48.956Z,2026-09-24T21:08:33.763Z,34x1 12x1 15x2 13x1 10x1 21x1 1x1 14x15 31x1 18x1 29x1 24x1 35x4 0x1 20x1
6ab59153afc27ae72e1ad032,Auto Roulette,10,Preto,Par,2026-09-24 18:08:34,2026-09-24T21:07:59.185Z,2026-09-24T21:08:34.614Z,
6ab59160afc27ae72e1ad034,Lightning Roulette,0,Verde,None,2026-09-24 18:08:48,2026-09-24T21:08:01.891Z,2026-09-24T21:08:48.275Z,16x500 23x150 35x100
6ab59173afc27ae72e1ad036,Gold Vault Roulette,3,Vermelho,Impar,2026-09-24 18:09:07,2026-09-24T21:08:16.461Z,2026-09-24T21:09:07.477Z,3x50 4x50 5x100 6x100 8x50 14x100 24x50 27x50 30x50
6ab5917dafc27ae72e1ad038,Auto Roulette,3,Vermelho,Impar,2026-09-24 18:09:16,2026-09-24T21:08:37.732Z,2026-09-24T21:09:16.620Z,
6ab5917eafc27ae72e1ad039,XXXtreme Lightning Roulette,12,Vermelho,Par,2026-09-24 18:09:18,2026-09-24T21:08:28.458Z,2026-09-24T21:09:18.374Z,2x50 9x100
6ab59180afc27ae72e1ad03a,Immersive Roulette,31,Preto,Impar,2026-09-24 18:09:19,2026-09-24T21:08:30.565Z,2026-09-24T21:09:19.941Z,
6ab59190afc27ae72e1ad03c,Lightning Roulette,29,Preto,Impar,2026-09-24 18:09:35,2026-09-24T21:08:51.382Z,2026-09-24T21:09:35.771Z,27x50
6ab591a3afc27ae72e1ad03e,Auto Roulette,27,Vermelho,Impar,2026-09-24 18:09:55,2026-09-24T21:09:19.714Z,2026-09-24T21:09:55.123Z,
6ab591a6afc27ae72e1ad03f,Gold Vault Roulette,16,Vermelho,Par,2026-09-24 18:09:58,2026-09-24T21:09:10.599Z,2026-09-24T21:09:58.303Z,2x50 6x50 8x50 12x50 13x50 14x50 18x50 20x50 21x50 23x100 25x100 27x100 28x50 34x50 35x50
6ab591afafc27ae72e1ad041,XXXtreme Lightning Roulette,33,Preto,Impar,2026-09-24 18:10:06,2026-09-24T21:09:21.481Z,2026-09-24T21:10:06.864Z,6x100 20x100 25x100
6ab591b2afc27ae72e1ad042,Immersive Roulette,2,Preto,Par,2026-09-24 18:10:10,2026-09-24T21:09:23.037Z,2026-09-24T21:10:10.024Z,
6ab591bfafc27ae72e1ad045,Lightning Roulette,18,Vermelho,Par,2026-09-24 18:10:23,2026-09-24T21:09:38.872Z,2026-09-24T21:10:23.266Z,13x200 18x200
6ab591e3afc27ae72e1ad049,XXXtreme Lightning Roulette,26,Preto,Par,2026-09-24 18:10:58,2026-09-24T21:10:09.962Z,2026-09-24T21:10:58.881Z,3x100 10x600 21x100 26x100 29x500 31x100 36x1000
6ab591e5afc27ae72e1ad04a,Immersive Roulette,11,Preto,Impar,2026-09-24 18:11:01,2026-09-24T21:10:13.091Z,2026-09-24T21:11:01.288Z,
6ab591f3afc27ae72e1ad04c,Lightning Roulette,0,Verde,None,2026-09-24 18:11:15,2026-09-24T21:10:26.386Z,2026-09-24T21:11:15.262Z,5x100 26x100
6ab591f6466af71c3502aad2,Red Door Roulette,2,Preto,Par,2026-09-24 18:11:17,2026-09-24T21:08:40.983Z,2026-09-24T21:11:17.095Z,12x1 19x5 16x1 10x4 21x1 36x3 2x2
6ab59215afc27ae72e1ad051,XXXtreme Lightning Roulette,32,Vermelho,Par,2026-09-24 18:11:49,2026-09-24T21:11:01.961Z,2026-09-24T21:11:49.386Z,18x50 35x500
6ab59218afc27ae72e1ad052,Immersive Roulette,22,Preto,Par,2026-09-24 18:11:52,2026-09-24T21:11:04.346Z,2026-09-24T21:11:52.192Z,
6ab59224afc27ae72e1ad053,Lightning Roulette,1,Vermelho,Impar,2026-09-24 18:12:04,2026-09-24T21:11:18.389Z,2026-09-24T21:12:04.264Z,3x100 15x200 31x100
6ab59226afc27ae72e1ad054,Auto Roulette,34,Vermelho,Par,2026-09-24 18:12:06,2026-09-24T21:11:26.217Z,2026-09-24T21:12:06.632Z,
6ab59245466af71c3502aad9,Red Door Roulette,13,Preto,Impar,2026-09-24 18:12:19,2026-09-24T21:11:24.307Z,2026-09-24T21:12:19.830Z,22x1 34x1 35x1
6ab59245afc27ae72e1ad057,Gold Vault Roulette,24,Preto,Par,2026-09-24 18:12:30,2026-09-24T21:11:45.165Z,2026-09-24T21:12:30.160Z,10x100 11x50 15x150 16x50 24x50 28x50
6ab59248afc27ae72e1ad05a,XXXtreme Lightning Roulette,25,Vermelho,Impar,2026-09-24 18:12:39,2026-09-24T21:11:52.464Z,2026-09-24T21:12:39.890Z,29x100 31x50 35x100
6ab5924dafc27ae72e1ad05b,Immersive Roulette,4,Preto,Par,2026-09-24 18:12:45,2026-09-24T21:11:55.274Z,2026-09-24T21:12:45.068Z,
6ab59256afc27ae72e1ad05c,Auto Roulette,5,Vermelho,Impar,2026-09-24 18:12:54,2026-09-24T21:12:09.743Z,2026-09-24T21:12:54.624Z,
6ab59258afc27ae72e1ad05d,Lightning Roulette,34,Vermelho,Par,2026-09-24 18:12:55,2026-09-24T21:12:07.384Z,2026-09-24T21:12:55.785Z,8x50 20x50 27x100
6ab59270466af71c3502aade,Red Door Roulette,24,Preto,Par,2026-09-24 18:13:20,2026-09-24T21:12:22.936Z,2026-09-24T21:13:20.325Z,1x1 4x1 11x1 12x1 17x1 19x1 36x3
6ab59272afc27ae72e1ad05f,Gold Vault Roulette,12,Vermelho,Par,2026-09-24 18:13:21,2026-09-24T21:12:33.259Z,2026-09-24T21:13:21.936Z,2x150 3x50 8x50 17x100 34x50
6ab5927dafc27ae72e1ad060,XXXtreme Lightning Roulette,13,Preto,Impar,2026-09-24 18:13:33,2026-09-24T21:12:42.978Z,2026-09-24T21:13:33.386Z,12x100 21x50 22x50 32x50
6ab5927eafc27ae72e1ad061,Immersive Roulette,0,Verde,None,2026-09-24 18:13:34,2026-09-24T21:12:48.166Z,2026-09-24T21:13:34.366Z,
6ab59286afc27ae72e1ad062,Auto Roulette,32,Vermelho,Par,2026-09-24 18:13:41,2026-09-24T21:12:57.730Z,2026-09-24T21:13:41.615Z,
6ab59286afc27ae72e1ad063,Lightning Roulette,26,Preto,Par,2026-09-24 18:13:42,2026-09-24T21:12:58.881Z,2026-09-24T21:13:42.258Z,6x150 17x50 22x200
6ab592ae466af71c3502aae6,Red Door Roulette,17,Preto,Impar,2026-09-24 18:14:22,2026-09-24T21:13:23.466Z,2026-09-24T21:14:22.350Z,14x1 16x1 26x2 28x1
6ab592aeafc27ae72e1ad067,XXXtreme Lightning Roulette,35,Preto,Impar,2026-09-24 18:14:22,2026-09-24T21:13:36.483Z,2026-09-24T21:14:22.390Z,0x400 26x50
6ab592afafc27ae72e1ad069,Auto Roulette,20,Preto,Par,2026-09-24 18:14:23,2026-09-24T21:13:44.744Z,2026-09-24T21:14:23.124Z,
6ab592b3afc27ae72e1ad06b,Immersive Roulette,13,Preto,Impar,2026-09-24 18:14:27,2026-09-24T21:13:37.424Z,2026-09-24T21:14:27.252Z,
6ab592b6afc27ae72e1ad06d,Lightning Roulette,6,Preto,Par,2026-09-24 18:14:30,2026-09-24T21:13:45.369Z,2026-09-24T21:14:30.770Z,18x100 19x200 20x50
6ab592d6afc27ae72e1ad06f,Gold Vault Roulette,16,Vermelho,Par,2026-09-24 18:15:02,2026-09-24T21:14:15.091Z,2026-09-24T21:15:02.108Z,7x50 16x50 21x50 23x50 27x50 30x50 31x50 32x50
6ab592ddafc27ae72e1ad071,Auto Roulette,33,Preto,Impar,2026-09-24 18:15:09,2026-09-24T21:14:26.260Z,2026-09-24T21:15:09.128Z,
6ab592e1afc27ae72e1ad072,XXXtreme Lightning Roulette,31,Preto,Impar,2026-09-24 18:15:13,2026-09-24T21:14:25.476Z,2026-09-24T21:15:13.410Z,18x50 28x100 31x100
6ab592e5afc27ae72e1ad073,Lightning Roulette,3,Vermelho,Impar,2026-09-24 18:15:17,2026-09-24T21:14:33.898Z,2026-09-24T21:15:17.277Z,7x100
6ab592eb466af71c3502aaec,Red Door Roulette,26,Preto,Par,2026-09-24 18:15:22,2026-09-24T21:14:25.490Z,2026-09-24T21:15:22.846Z,5x1 8x1 11x4 17x1
6ab592ecafc27ae72e1ad075,Immersive Roulette,2,Preto,Par,2026-09-24 18:15:24,2026-09-24T21:14:30.330Z,2026-09-24T21:15:24.534Z,
6ab59305afc27ae72e1ad077,Auto Roulette,17,Preto,Impar,2026-09-24 18:15:48,2026-09-24T21:15:12.217Z,2026-09-24T21:15:48.611Z,
6ab5930aafc27ae72e1ad07a,Gold Vault Roulette,34,Vermelho,Par,2026-09-24 18:15:54,2026-09-24T21:15:05.225Z,2026-09-24T21:15:54.216Z,1x50 2x100 3x50 4x100 8x100 20x100 22x50 28x50
6ab59310afc27ae72e1ad07b,Lightning Roulette,3,Vermelho,Impar,2026-09-24 18:16:00,2026-09-24T21:15:20.378Z,2026-09-24T21:16:00.260Z,18x100 20x50 24x50
6ab59314afc27ae72e1ad07c,XXXtreme Lightning Roulette,33,Preto,Impar,2026-09-24 18:16:04,2026-09-24T21:15:16.494Z,2026-09-24T21:16:04.402Z,3x400 5x100 11x100 13x100 15x50 16x50 23x100 35x100
6ab59324466af71c3502aaf3,Red Door Roulette,7,Vermelho,Impar,2026-09-24 18:16:20,2026-09-24T21:15:25.943Z,2026-09-24T21:16:20.352Z,11x1 17x1 20x1 31x1
6ab5932fafc27ae72e1ad080,Auto Roulette,33,Preto,Impar,2026-09-24 18:16:30,2026-09-24T21:15:51.685Z,2026-09-24T21:16:30.635Z,
6ab5933aafc27ae72e1ad081,Gold Vault Roulette,1,Vermelho,Impar,2026-09-24 18:16:42,2026-09-24T21:15:57.341Z,2026-09-24T21:16:42.741Z,1x50 2x50 10x50 18x50 19x50 21x50 34x50
6ab5934059513f2275d0d4d4,Lightning Roulette,15,Preto,Impar,2026-09-24 18:16:46,2026-09-24T21:16:03.372Z,2026-09-24T21:16:46.248Z,0x100 24x100 26x50
6ab59346afc27ae72e1ad083,XXXtreme Lightning Roulette,30,Vermelho,Par,2026-09-24 18:16:53,2026-09-24T21:16:07.498Z,2026-09-24T21:16:53.916Z,1x200 13x100 19x100 24x1500 28x100 35x700 36x50
6ab59357afc27ae72e1ad086,Auto Roulette,13,Preto,Impar,2026-09-24 18:17:11,2026-09-24T21:16:33.725Z,2026-09-24T21:17:11.117Z,
6ab5935f466af71c3502aaf9,Red Door Roulette,7,Vermelho,Impar,2026-09-24 18:17:18,2026-09-24T21:16:23.470Z,2026-09-24T21:17:18.876Z,1x1 2x1 15x5 17x1 27x3 28x1 33x1
6ab5936fafc27ae72e1ad088,Gold Vault Roulette,8,Preto,Par,2026-09-24 18:17:34,2026-09-24T21:16:45.853Z,2026-09-24T21:17:34.840Z,1x50 5x150 15x50 16x50 17x50 18x50 28x50 34x100
6ab59370afc27ae72e1ad089,Lightning Roulette,1,Vermelho,Impar,2026-09-24 18:17:36,2026-09-24T21:16:49.366Z,2026-09-24T21:17:36.260Z,8x100 32x50 35x100
6ab59379afc27ae72e1ad08a,XXXtreme Lightning Roulette,4,Preto,Par,2026-09-24 18:17:45,2026-09-24T21:16:57.054Z,2026-09-24T21:17:45.427Z,9x50 10x100 13x100 18x50 22x600 23x50 33x50 36x50
6ab59383afc27ae72e1ad08c,Auto Roulette,21,Vermelho,Impar,2026-09-24 18:17:54,2026-09-24T21:17:14.211Z,2026-09-24T21:17:54.607Z,
6ab5938fafc27ae72e1ad08f,Immersive Roulette,25,Vermelho,Impar,2026-09-24 18:18:07,2026-09-24T21:17:15.701Z,2026-09-24T21:18:07.100Z,
6ab5939e466af71c3502aaff,Red Door Roulette,22,Preto,Par,2026-09-24 18:18:22,2026-09-24T21:17:21.988Z,2026-09-24T21:18:22.357Z,0x1 3x1 7x1 10x1 12x1 14x1 15x1 21x1 23x1 25x4 26x1 30x1 31x4
6ab593a1afc27ae72e1ad092,Lightning Roulette,36,Vermelho,Par,2026-09-24 18:18:25,2026-09-24T21:17:39.377Z,2026-09-24T21:18:25.275Z,27x100 29x50
6ab593a2afc27ae72e1ad093,Gold Vault Roulette,3,Vermelho,Impar,2026-09-24 18:18:26,2026-09-24T21:17:37.962Z,2026-09-24T21:18:26.487Z,1x100 8x100 13x100 14x50 19x100 22x50 26x50 33x50 36x100
6ab593abafc27ae72e1ad095,Auto Roulette,24,Preto,Par,2026-09-24 18:18:35,2026-09-24T21:17:57.724Z,2026-09-24T21:18:35.632Z,
6ab593afafc27ae72e1ad097,XXXtreme Lightning Roulette,30,Vermelho,Par,2026-09-24 18:18:38,2026-09-24T21:17:48.521Z,2026-09-24T21:18:38.921Z,22x50 29x100
6ab593c5afc27ae72e1ad09a,Immersive Roulette,2,Preto,Par,2026-09-24 18:19:00,2026-09-24T21:18:10.154Z,2026-09-24T21:19:00.751Z,
6ab593d3afc27ae72e1ad09b,Lightning Roulette,34,Vermelho,Par,2026-09-24 18:19:14,2026-09-24T21:18:28.447Z,2026-09-24T21:19:14.757Z,13x100
6ab593d6afc27ae72e1ad09e,Auto Roulette,22,Preto,Par,2026-09-24 18:19:18,2026-09-24T21:18:38.712Z,2026-09-24T21:19:18.110Z,
6ab593d8afc27ae72e1ad09f,Gold Vault Roulette,15,Preto,Impar,2026-09-24 18:19:19,2026-09-24T21:18:29.598Z,2026-09-24T21:19:19.829Z,0x50 4x50 10x50 12x50 15x150 24x50 36x100
6ab593da466af71c3502ab05,Red Door Roulette,0,Verde,None,2026-09-24 18:19:22,2026-09-24T21:18:25.475Z,2026-09-24T21:19:22.355Z,2x1 6x1 7x1 11x1 18x1 24x1 36x2
6ab593e3afc27ae72e1ad0a1,XXXtreme Lightning Roulette,35,Preto,Impar,2026-09-24 18:19:30,2026-09-24T21:18:42.017Z,2026-09-24T21:19:30.926Z,8x50 11x200 16x100 30x50 33x500 34x100
6ab593fbafc27ae72e1ad0a4,Immersive Roulette,11,Preto,Impar,2026-09-24 18:19:54,2026-09-24T21:19:03.803Z,2026-09-24T21:19:54.827Z,
6ab59400afc27ae72e1ad0a6,Auto Roulette,25,Vermelho,Impar,2026-09-24 18:20:00,2026-09-24T21:19:21.213Z,2026-09-24T21:20:00.141Z,
6ab59404afc27ae72e1ad0a7,Lightning Roulette,21,Vermelho,Impar,2026-09-24 18:20:04,2026-09-24T21:19:17.890Z,2026-09-24T21:20:04.264Z,7x50 32x50
6ab5940dafc27ae72e1ad0a9,Gold Vault Roulette,21,Vermelho,Impar,2026-09-24 18:20:13,2026-09-24T21:19:22.967Z,2026-09-24T21:20:13.194Z,2x500 7x100 9x50 10x50 12x50 15x50 18x50 19x50 21x50 27x50 29x50 32x50
6ab59416afc27ae72e1ad0ab,XXXtreme Lightning Roulette,6,Preto,Par,2026-09-24 18:20:22,2026-09-24T21:19:34.020Z,2026-09-24T21:20:22.433Z,2x600 22x150 36x100
6ab59428afc27ae72e1ad0ae,Auto Roulette,5,Vermelho,Impar,2026-09-24 18:20:40,2026-09-24T21:20:03.227Z,2026-09-24T21:20:40.628Z,
6ab59431afc27ae72e1ad0b0,Lightning Roulette,33,Preto,Impar,2026-09-24 18:20:49,2026-09-24T21:20:07.368Z,2026-09-24T21:20:49.271Z,11x50 16x50
6ab59432afc27ae72e1ad0b1,Immersive Roulette,0,Verde,None,2026-09-24 18:20:50,2026-09-24T21:19:57.899Z,2026-09-24T21:20:50.523Z,
6ab59441afc27ae72e1ad0b4,Gold Vault Roulette,14,Vermelho,Par,2026-09-24 18:21:05,2026-09-24T21:20:16.313Z,2026-09-24T21:21:05.679Z,1x50 5x50 6x50 7x50 8x100 10x500 13x50 22x50 28x50 35x50
6ab59449afc27ae72e1ad0b5,XXXtreme Lightning Roulette,11,Preto,Impar,2026-09-24 18:21:12,2026-09-24T21:20:25.524Z,2026-09-24T21:21:12.941Z,19x600 25x100 28x50
6ab59452466af71c3502ab11,Red Door Roulette,15,Preto,Impar,2026-09-24 18:21:22,2026-09-24T21:19:25.467Z,2026-09-24T21:21:22.077Z,0x1 5x1 12x1 13x1 15x1 16x1 17x1 21x1 22x1 29x1 30x1 31x1
6ab59454afc27ae72e1ad0b7,Auto Roulette,14,Vermelho,Par,2026-09-24 18:21:24,2026-09-24T21:20:43.763Z,2026-09-24T21:21:24.116Z,
6ab59463afc27ae72e1ad0ba,Lightning Roulette,27,Vermelho,Impar,2026-09-24 18:21:38,2026-09-24T21:20:52.375Z,2026-09-24T21:21:38.770Z,4x100 11x50 28x100
6ab59467afc27ae72e1ad0bb,Immersive Roulette,29,Preto,Impar,2026-09-24 18:21:43,2026-09-24T21:20:53.613Z,2026-09-24T21:21:43.419Z,
6ab59475afc27ae72e1ad0bc,Gold Vault Roulette,9,Vermelho,Impar,2026-09-24 18:21:56,2026-09-24T21:21:08.773Z,2026-09-24T21:21:56.974Z,2x50 4x50 7x100 11x100 12x50 13x150 21x50 23x150 26x50 27x50 28x50 33x50 34x50 35x50
6ab5947dafc27ae72e1ad0be,XXXtreme Lightning Roulette,27,Vermelho,Impar,2026-09-24 18:22:05,2026-09-24T21:21:16.032Z,2026-09-24T21:22:05.454Z,19x50 25x100 28x50
6ab5947eafc27ae72e1ad0bf,Auto Roulette,4,Preto,Par,2026-09-24 18:22:06,2026-09-24T21:21:27.253Z,2026-09-24T21:22:06.117Z,
6ab5948f466af71c3502ab17,Red Door Roulette,4,Preto,Par,2026-09-24 18:22:22,2026-09-24T21:21:23.210Z,2026-09-24T21:22:22.837Z,1x4 8x1 10x1 22x1 25x1 31x1
6ab59492afc27ae72e1ad0c2,Lightning Roulette,30,Vermelho,Par,2026-09-24 18:22:25,2026-09-24T21:21:41.883Z,2026-09-24T21:22:25.757Z,8x50 28x500
6ab5949bafc27ae72e1ad0c3,Immersive Roulette,15,Preto,Impar,2026-09-24 18:22:35,2026-09-24T21:21:46.535Z,2026-09-24T21:22:35.133Z,
6ab594a6afc27ae72e1ad0c5,Gold Vault Roulette,32,Vermelho,Par,2026-09-24 18:22:46,2026-09-24T21:22:00.096Z,2026-09-24T21:22:46.729Z,0x50 3x50 18x50 26x50 35x50
6ab594a8afc27ae72e1ad0c6,Auto Roulette,15,Preto,Impar,2026-09-24 18:22:48,2026-09-24T21:22:09.232Z,2026-09-24T21:22:48.116Z,
6ab594b5afc27ae72e1ad0c9,XXXtreme Lightning Roulette,10,Preto,Par,2026-09-24 18:23:01,2026-09-24T21:22:08.547Z,2026-09-24T21:23:01.470Z,1x100 23x50
6ab594c4afc27ae72e1ad0ca,Lightning Roulette,3,Vermelho,Impar,2026-09-24 18:23:15,2026-09-24T21:22:28.854Z,2026-09-24T21:23:15.784Z,10x50 13x150
6ab594c8466af71c3502ab1d,Red Door Roulette,16,Vermelho,Par,2026-09-24 18:23:20,2026-09-24T21:22:25.934Z,2026-09-24T21:23:20.348Z,0x1 3x1 11x1 14x1 19x3 20x1 24x1 27x1 28x1 31x1 32x1 35x1
6ab594ccafc27ae72e1ad0cc,Immersive Roulette,3,Vermelho,Impar,2026-09-24 18:23:23,2026-09-24T21:22:38.215Z,2026-09-24T21:23:23.995Z,
6ab594d2afc27ae72e1ad0ce,Auto Roulette,13,Preto,Impar,2026-09-24 18:23:29,2026-09-24T21:22:51.238Z,2026-09-24T21:23:29.611Z,
6ab594d1afc27ae72e1ad0cd,Gold Vault Roulette,14,Vermelho,Par,2026-09-24 18:23:29,2026-09-24T21:22:49.903Z,2026-09-24T21:23:29.659Z,10x50 20x150 27x50 30x100 32x150
6ab594e8afc27ae72e1ad0d1,XXXtreme Lightning Roulette,19,Vermelho,Impar,2026-09-24 18:23:51,2026-09-24T21:23:04.567Z,2026-09-24T21:23:51.443Z,24x100 32x100
6ab594f5afc27ae72e1ad0d3,Lightning Roulette,3,Vermelho,Impar,2026-09-24 18:24:05,2026-09-24T21:23:18.919Z,2026-09-24T21:24:05.258Z,18x50 27x50
6ab594feafc27ae72e1ad0d4,Gold Vault Roulette,0,Verde,None,2026-09-24 18:24:14,2026-09-24T21:23:32.768Z,2026-09-24T21:24:14.138Z,0x50 6x50 11x50 15x100 22x50 26x100 31x100
6ab594ffafc27ae72e1ad0d5,Auto Roulette,10,Preto,Par,2026-09-24 18:24:14,2026-09-24T21:23:32.684Z,2026-09-24T21:24:14.601Z,
6ab594ffafc27ae72e1ad0d6,Immersive Roulette,16,Vermelho,Par,2026-09-24 18:24:15,2026-09-24T21:23:27.095Z,2026-09-24T21:24:15.296Z,
6ab5951aafc27ae72e1ad0d8,XXXtreme Lightning Roulette,20,Preto,Par,2026-09-24 18:24:41,2026-09-24T21:23:54.546Z,2026-09-24T21:24:41.963Z,7x100 10x50 16x50 18x100 25x50 33x100
6ab59525afc27ae72e1ad0db,Lightning Roulette,23,Vermelho,Impar,2026-09-24 18:24:53,2026-09-24T21:24:08.383Z,2026-09-24T21:24:53.272Z,5x100 24x50 32x150
6ab5952aafc27ae72e1ad0dc,Auto Roulette,18,Vermelho,Par,2026-09-24 18:24:58,2026-09-24T21:24:17.712Z,2026-09-24T21:24:58.101Z,
6ab5952dafc27ae72e1ad0dd,Gold Vault Roulette,2,Preto,Par,2026-09-24 18:25:01,2026-09-24T21:24:17.293Z,2026-09-24T21:25:01.463Z,0x100 1x50 3x50 8x50 9x50 12x50 14x50 17x50 23x50 24x50 25x50 29x50 30x500
6ab59536afc27ae72e1ad0e0,Immersive Roulette,11,Preto,Impar,2026-09-24 18:25:10,2026-09-24T21:24:18.372Z,2026-09-24T21:25:10.577Z,
6ab5953ad057e98a2a571733,Red Door Roulette,2,Preto,Par,2026-09-24 18:25:12,2026-09-24T21:23:23.414Z,2026-09-24T21:25:12.922Z,12x1 22x1 26x1 25x1 2x1 7x1
6ab59550afc27ae72e1ad0e2,XXXtreme Lightning Roulette,34,Vermelho,Par,2026-09-24 18:25:35,2026-09-24T21:24:45.038Z,2026-09-24T21:25:35.957Z,6x50 17x100 22x100 31x200
6ab59554afc27ae72e1ad0e3,Auto Roulette,13,Preto,Impar,2026-09-24 18:25:40,2026-09-24T21:25:01.165Z,2026-09-24T21:25:40.102Z,
6ab59555afc27ae72e1ad0e4,Lightning Roulette,0,Verde,None,2026-09-24 18:25:40,2026-09-24T21:24:56.395Z,2026-09-24T21:25:40.763Z,0x200 23x50
6ab5955eafc27ae72e1ad0e5,Gold Vault Roulette,35,Preto,Impar,2026-09-24 18:25:50,2026-09-24T21:25:04.595Z,2026-09-24T21:25:50.003Z,0x150 13x50 19x100 20x50 23x100 24x50 25x50
6ab59569afc27ae72e1ad0e6,Immersive Roulette,16,Vermelho,Par,2026-09-24 18:26:01,2026-09-24T21:25:13.631Z,2026-09-24T21:26:01.456Z,
6ab5957f466af71c3502ab2d,Red Door Roulette,36,Vermelho,Par,2026-09-24 18:26:22,2026-09-24T21:25:20.117Z,2026-09-24T21:26:22.846Z,0x1 1x1 6x1 16x1 22x1 30x7
6ab5957fafc27ae72e1ad0e9,Auto Roulette,14,Vermelho,Par,2026-09-24 18:26:23,2026-09-24T21:25:43.173Z,2026-09-24T21:26:23.104Z,
6ab59584afc27ae72e1ad0eb,XXXtreme Lightning Roulette,25,Vermelho,Impar,2026-09-24 18:26:28,2026-09-24T21:25:39.067Z,2026-09-24T21:26:28.474Z,0x100 2x50 7x700 11x50 25x50 27x600 28x100 33x100 34x100
6ab59585afc27ae72e1ad0ec,Lightning Roulette,27,Vermelho,Impar,2026-09-24 18:26:29,2026-09-24T21:25:43.833Z,2026-09-24T21:26:29.770Z,8x150 35x100
6ab59589afc27ae72e1ad0ee,Gold Vault Roulette,9,Vermelho,Impar,2026-09-24 18:26:32,2026-09-24T21:25:53.111Z,2026-09-24T21:26:32.899Z,4x50 6x50 8x50 10x100 26x50 29x50 34x50
6ab5959bafc27ae72e1ad0f1,Immersive Roulette,32,Vermelho,Par,2026-09-24 18:26:51,2026-09-24T21:26:04.518Z,2026-09-24T21:26:51.133Z,
6ab595aeafc27ae72e1ad0f4,Auto Roulette,17,Preto,Impar,2026-09-24 18:27:10,2026-09-24T21:26:26.248Z,2026-09-24T21:27:10.607Z,
6ab595b5afc27ae72e1ad0f5,Lightning Roulette,31,Preto,Impar,2026-09-24 18:27:17,2026-09-24T21:26:32.869Z,2026-09-24T21:27:17.766Z,6x100 26x100 34x50
6ab595b7afc27ae72e1ad0f6,Gold Vault Roulette,29,Preto,Impar,2026-09-24 18:27:19,2026-09-24T21:26:36.013Z,2026-09-24T21:27:19.016Z,0x50 1x50 3x50 13x50 16x50 18x50 21x50 31x50
6ab595b8466af71c3502ab33,Red Door Roulette,34,Vermelho,Par,2026-09-24 18:27:19,2026-09-24T21:26:25.933Z,2026-09-24T21:27:19.858Z,5x1 11x3 18x1 29x1
6ab595bbafc27ae72e1ad0f7,XXXtreme Lightning Roulette,2,Preto,Par,2026-09-24 18:27:22,2026-09-24T21:26:31.568Z,2026-09-24T21:27:22.968Z,5x100 9x350 21x50
6ab595cdafc27ae72e1ad0fa,Immersive Roulette,18,Vermelho,Par,2026-09-24 18:27:41,2026-09-24T21:26:54.206Z,2026-09-24T21:27:41.245Z,
6ab595d7afc27ae72e1ad0fc,Auto Roulette,2,Preto,Par,2026-09-24 18:27:51,2026-09-24T21:27:13.781Z,2026-09-24T21:27:51.118Z,
6ab595e5afc27ae72e1ad0fe,Lightning Roulette,24,Preto,Par,2026-09-24 18:28:04,2026-09-24T21:27:20.865Z,2026-09-24T21:28:04.781Z,22x100 23x100
6ab595e6afc27ae72e1ad0ff,Gold Vault Roulette,13,Preto,Impar,2026-09-24 18:28:06,2026-09-24T21:27:22.108Z,2026-09-24T21:28:06.295Z,1x50 9x100 10x50 13x50 16x100 17x50 20x50 23x100 25x50 27x50 31x50 32x100 34x150 36x50
6ab595efafc27ae72e1ad101,XXXtreme Lightning Roulette,6,Preto,Par,2026-09-24 18:28:14,2026-09-24T21:27:26.071Z,2026-09-24T21:28:14.974Z,4x50 8x100 13x50 16x100 28x50 32x100
6ab595fcafc27ae72e1ad103,Immersive Roulette,36,Vermelho,Par,2026-09-24 18:28:28,2026-09-24T21:27:44.336Z,2026-09-24T21:28:28.539Z,
6ab59604afc27ae72e1ad105,Auto Roulette,30,Vermelho,Par,2026-09-24 18:28:35,2026-09-24T21:27:54.236Z,2026-09-24T21:28:35.615Z,
6ab59613afc27ae72e1ad106,Gold Vault Roulette,35,Preto,Impar,2026-09-24 18:28:51,2026-09-24T21:28:09.443Z,2026-09-24T21:28:51.613Z,3x150 11x50 12x500 14x50 29x50 34x50
6ab59619afc27ae72e1ad107,Lightning Roulette,11,Preto,Impar,2026-09-24 18:28:56,2026-09-24T21:28:07.894Z,2026-09-24T21:28:56.787Z,7x150 21x150 23x100
6ab59621afc27ae72e1ad109,XXXtreme Lightning Roulette,21,Vermelho,Impar,2026-09-24 18:29:05,2026-09-24T21:28:18.057Z,2026-09-24T21:29:05.482Z,1x200 6x100 21x100
6ab5962eafc27ae72e1ad10a,Immersive Roulette,28,Preto,Par,2026-09-24 18:29:18,2026-09-24T21:28:31.655Z,2026-09-24T21:29:18.227Z,
6ab5962fafc27ae72e1ad10b,Auto Roulette,2,Preto,Par,2026-09-24 18:29:19,2026-09-24T21:28:38.687Z,2026-09-24T21:29:19.604Z,
6ab59640afc27ae72e1ad10d,Gold Vault Roulette,20,Preto,Par,2026-09-24 18:29:36,2026-09-24T21:28:54.712Z,2026-09-24T21:29:36.491Z,0x100 17x50 21x150 23x150 34x50
6ab59649afc27ae72e1ad110,Lightning Roulette,20,Preto,Par,2026-09-24 18:29:45,2026-09-24T21:28:59.888Z,2026-09-24T21:29:45.263Z,13x50 36x50
6ab59651afc27ae72e1ad111,XXXtreme Lightning Roulette,31,Preto,Impar,2026-09-24 18:29:52,2026-09-24T21:29:08.575Z,2026-09-24T21:29:52.993Z,18x700
6ab59658d057e98a2a571734,Red Door Roulette,10,Preto,Par,2026-09-24 18:29:59,2026-09-24T21:27:22.966Z,2026-09-24T21:29:59.343Z,11x1 10x2 1x1 20x1 28x1 24x1 16x1
6ab5965aafc27ae72e1ad113,Auto Roulette,34,Vermelho,Par,2026-09-24 18:30:02,2026-09-24T21:29:22.684Z,2026-09-24T21:30:02.105Z,
6ab5965fafc27ae72e1ad115,Immersive Roulette,32,Vermelho,Par,2026-09-24 18:30:07,2026-09-24T21:29:21.333Z,2026-09-24T21:30:07.118Z,
6ab5966dafc27ae72e1ad117,Gold Vault Roulette,18,Vermelho,Par,2026-09-24 18:30:20,2026-09-24T21:29:39.575Z,2026-09-24T21:30:20.937Z,6x50 8x150 12x50 13x50 22x100 34x50
6ab59678afc27ae72e1ad119,Lightning Roulette,14,Vermelho,Par,2026-09-24 18:30:31,2026-09-24T21:29:48.413Z,2026-09-24T21:30:31.765Z,9x100 19x500 32x100
6ab5967fafc27ae72e1ad11a,XXXtreme Lightning Roulette,0,Verde,None,2026-09-24 18:30:39,2026-09-24T21:29:56.071Z,2026-09-24T21:30:39.498Z,4x50 8x50 14x700 21x50 29x50 33x100 35x500
6ab59685afc27ae72e1ad11c,Auto Roulette,26,Preto,Par,2026-09-24 18:30:45,2026-09-24T21:30:05.175Z,2026-09-24T21:30:45.160Z,
6ab59692afc27ae72e1ad11e,Immersive Roulette,8,Preto,Par,2026-09-24 18:30:57,2026-09-24T21:30:10.228Z,2026-09-24T21:30:57.585Z,
6ab5969a466af71c3502ab49,Red Door Roulette,4,Preto,Par,2026-09-24 18:31:05,2026-09-24T21:30:07.587Z,2026-09-24T21:31:05.865Z,1x1 2x1 7x1 27x1 29x1
6ab5969b59513f2275d0d540,Gold Vault Roulette,0,Verde,None,2026-09-24 18:31:06,2026-09-24T21:30:24.037Z,2026-09-24T21:31:06.216Z,34x50 21x50 36x50 18x50 30x50 15x50 11x50
6ab596a6afc27ae72e1ad121,Lightning Roulette,34,Vermelho,Par,2026-09-24 18:31:17,2026-09-24T21:30:34.838Z,2026-09-24T21:31:17.771Z,2x50 19x100 36x100
6ab596abafc27ae72e1ad123,Auto Roulette,17,Preto,Impar,2026-09-24 18:31:23,2026-09-24T21:30:48.263Z,2026-09-24T21:31:23.610Z,
6ab596adafc27ae72e1ad124,XXXtreme Lightning Roulette,24,Preto,Par,2026-09-24 18:31:25,2026-09-24T21:30:42.575Z,2026-09-24T21:31:25.502Z,5x50 8x50 11x50 14x100 16x100 30x150
6ab596c2afc27ae72e1ad126,Immersive Roulette,1,Vermelho,Impar,2026-09-24 18:31:46,2026-09-24T21:31:00.671Z,2026-09-24T21:31:46.474Z,
6ab596c7afc27ae72e1ad127,Gold Vault Roulette,17,Preto,Impar,2026-09-24 18:31:51,2026-09-24T21:31:09.302Z,2026-09-24T21:31:51.069Z,1x100 4x100 8x50 9x50 15x50 24x50 31x50
6ab596d5466af71c3502ab4f,Red Door Roulette,14,Vermelho,Par,2026-09-24 18:32:04,2026-09-24T21:31:08.978Z,2026-09-24T21:32:04.852Z,1x1 3x1 7x1 9x1 25x1 36x1
6ab596d6afc27ae72e1ad129,Lightning Roulette,36,Vermelho,Par,2026-09-24 18:32:06,2026-09-24T21:31:20.845Z,2026-09-24T21:32:06.263Z,7x200 22x150 25x50 28x500 29x200
6ab596d7afc27ae72e1ad12a,Auto Roulette,30,Vermelho,Par,2026-09-24 18:32:07,2026-09-24T21:31:26.706Z,2026-09-24T21:32:07.109Z,
6ab596e1afc27ae72e1ad12b,XXXtreme Lightning Roulette,5,Vermelho,Impar,2026-09-24 18:32:17,2026-09-24T21:31:28.584Z,2026-09-24T21:32:17.509Z,8x50 20x100
6ab596eeafc27ae72e1ad12d,Gold Vault Roulette,22,Preto,Par,2026-09-24 18:32:30,2026-09-24T21:31:54.186Z,2026-09-24T21:32:30.223Z,0x50 14x50 16x50 17x100 20x50 21x50 23x50
6ab596f8afc27ae72e1ad12e,Immersive Roulette,6,Preto,Par,2026-09-24 18:32:40,2026-09-24T21:31:49.586Z,2026-09-24T21:32:40.545Z,
6ab59702afc27ae72e1ad131,Auto Roulette,25,Vermelho,Impar,2026-09-24 18:32:50,2026-09-24T21:32:10.175Z,2026-09-24T21:32:50.608Z,
6ab59704afc27ae72e1ad132,Lightning Roulette,10,Preto,Par,2026-09-24 18:32:52,2026-09-24T21:32:09.360Z,2026-09-24T21:32:52.279Z,20x100 25x50
6ab5970e466af71c3502ab56,Red Door Roulette,0,Verde,None,2026-09-24 18:33:02,2026-09-24T21:32:07.955Z,2026-09-24T21:33:02.354Z,2x4 4x1 5x1 7x1 8x1 10x1 21x1 25x1 31x1 36x1
6ab59714afc27ae72e1ad135,XXXtreme Lightning Roulette,36,Vermelho,Par,2026-09-24 18:33:08,2026-09-24T21:32:20.603Z,2026-09-24T21:33:08.499Z,5x100 33x100
6ab5971a59513f2275d0d552,Gold Vault Roulette,14,Vermelho,Par,2026-09-24 18:33:13,2026-09-24T21:32:33.283Z,2026-09-24T21:33:13.228Z,12x50 33x50 26x100 1x50 30x50
6ab5972aafc27ae72e1ad137,Immersive Roulette,12,Vermelho,Par,2026-09-24 18:33:30,2026-09-24T21:32:43.599Z,2026-09-24T21:33:30.207Z,
6ab5972dafc27ae72e1ad138,Auto Roulette,3,Vermelho,Impar,2026-09-24 18:33:33,2026-09-24T21:32:53.682Z,2026-09-24T21:33:33.602Z,
6ab59737afc27ae72e1ad139,Lightning Roulette,4,Preto,Par,2026-09-24 18:33:43,2026-09-24T21:32:55.373Z,2026-09-24T21:33:43.269Z,0x50 6x200 27x50 36x50
6ab5974159513f2275d0d556,Gold Vault Roulette,32,Vermelho,Par,2026-09-24 18:33:52,2026-09-24T21:33:16.354Z,2026-09-24T21:33:52.091Z,4x50 22x100 6x50 31x50 0x100
6ab5974bafc27ae72e1ad13b,XXXtreme Lightning Roulette,5,Vermelho,Impar,2026-09-24 18:34:03,2026-09-24T21:33:11.589Z,2026-09-24T21:34:03.504Z,9x100 30x600 34x100
6ab59758afc27ae72e1ad13f,Auto Roulette,34,Vermelho,Par,2026-09-24 18:34:16,2026-09-24T21:33:36.724Z,2026-09-24T21:34:16.111Z,
6ab59770afc27ae72e1ad142,Immersive Roulette,8,Preto,Par,2026-09-24 18:34:17,2026-09-24T21:33:33.286Z,2026-09-24T21:34:17.468Z,
6ab59770afc27ae72e1ad144,Lightning Roulette,11,Preto,Impar,2026-09-24 18:34:32,2026-09-24T21:33:46.355Z,2026-09-24T21:34:32.280Z,8x100 19x100
6ab59771aaef331d53d7e9e9,Gold Vault Roulette,3,Vermelho,Impar,2026-09-24 18:34:36,2026-09-24T21:33:55.206Z,2026-09-24T21:34:36.985Z,34x100 33x100 22x50 5x50 1x100 17x50 7x50 29x50 35x50 16x50
6ab5977cafc27ae72e1ad147,XXXtreme Lightning Roulette,16,Vermelho,Par,2026-09-24 18:34:52,2026-09-24T21:34:06.603Z,2026-09-24T21:34:52.519Z,8x50 11x50 19x50 22x100 27x100 35x700
6ab59783afc27ae72e1ad14a,Auto Roulette,15,Preto,Impar,2026-09-24 18:34:59,2026-09-24T21:34:19.189Z,2026-09-24T21:34:59.161Z,
6ab5978dafc27ae72e1ad14b,Immersive Roulette,9,Vermelho,Impar,2026-09-24 18:35:08,2026-09-24T21:34:20.533Z,2026-09-24T21:35:08.729Z,
6ab5979bafc27ae72e1ad14d,Gold Vault Roulette,3,Vermelho,Impar,2026-09-24 18:35:23,2026-09-24T21:34:40.116Z,2026-09-24T21:35:23.092Z,0x50 1x50 4x50 5x100 7x50 10x50 13x50 17x50 20x50 23x50 24x50 28x50 32x50 34x150 35x50
6ab5979bafc27ae72e1ad14e,Lightning Roulette,15,Preto,Impar,2026-09-24 18:35:23,2026-09-24T21:34:35.382Z,2026-09-24T21:35:23.280Z,1x500 12x300 19x50
6ab597a4d057e98a2a571739,Red Door Roulette,31,Preto,Impar,2026-09-24 18:35:30,2026-09-24T21:33:05.451Z,2026-09-24T21:35:30.526Z,12x1 8x1 23x1 33x1 22x1 5x1 25x4 31x1 3x1 6x1 36x3 1x1 30x1 7x1
6ab597acafc27ae72e1ad151,Auto Roulette,36,Vermelho,Par,2026-09-24 18:35:40,2026-09-24T21:35:02.272Z,2026-09-24T21:35:40.612Z,
6ab597b1aaef331d53d7e9ef,XXXtreme Lightning Roulette,16,Vermelho,Par,2026-09-24 18:35:43,2026-09-24T21:34:55.609Z,2026-09-24T21:35:43.510Z,0x50 14x100 15x200
6ab597c3afc27ae72e1ad157,Immersive Roulette,29,Preto,Impar,2026-09-24 18:36:02,2026-09-24T21:35:11.805Z,2026-09-24T21:36:02.784Z,
6ab597c6afc27ae72e1ad159,Gold Vault Roulette,0,Verde,None,2026-09-24 18:36:06,2026-09-24T21:35:26.209Z,2026-09-24T21:36:06.073Z,8x150 9x50 10x50 14x150 34x50
6ab597cbafc27ae72e1ad15a,Lightning Roulette,15,Preto,Impar,2026-09-24 18:36:11,2026-09-24T21:35:26.438Z,2026-09-24T21:36:11.276Z,9x100 36x100
6ab597d6afc27ae72e1ad15e,Auto Roulette,12,Vermelho,Par,2026-09-24 18:36:22,2026-09-24T21:35:43.708Z,2026-09-24T21:36:22.614Z,
6ab597e3afc27ae72e1ad160,XXXtreme Lightning Roulette,6,Preto,Par,2026-09-24 18:36:34,2026-09-24T21:35:46.604Z,2026-09-24T21:36:34.025Z,5x100 17x100 21x100
6ab597e3466af71c3502ab66,Red Door Roulette,23,Vermelho,Impar,2026-09-24 18:36:34,2026-09-24T21:35:37.739Z,2026-09-24T21:36:34.852Z,1x1 6x1 8x1 9x1 11x1 14x1 17x1 19x1 21x1
6ab597f2afc27ae72e1ad164,Gold Vault Roulette,21,Vermelho,Impar,2026-09-24 18:36:50,2026-09-24T21:36:09.182Z,2026-09-24T21:36:50.499Z,2x50 3x50 7x150 9x50 15x50 19x50 20x50 23x100 26x50 32x50 36x50
6ab597f3afc27ae72e1ad165,Immersive Roulette,2,Preto,Par,2026-09-24 18:36:51,2026-09-24T21:36:05.878Z,2026-09-24T21:36:51.662Z,
6ab597faafc27ae72e1ad166,Lightning Roulette,6,Preto,Par,2026-09-24 18:36:58,2026-09-24T21:36:14.357Z,2026-09-24T21:36:58.270Z,2x250 6x100 13x50 16x200
6ab59800afc27ae72e1ad169,Auto Roulette,6,Preto,Par,2026-09-24 18:37:03,2026-09-24T21:36:25.747Z,2026-09-24T21:37:03.642Z,
6ab5981bafc27ae72e1ad16f,XXXtreme Lightning Roulette,4,Preto,Par,2026-09-24 18:37:31,2026-09-24T21:36:37.113Z,2026-09-24T21:37:31.023Z,5x100 26x100 29x1000 30x100 34x100 36x200
6ab59820afc27ae72e1ad170,Gold Vault Roulette,36,Vermelho,Par,2026-09-24 18:37:36,2026-09-24T21:36:53.599Z,2026-09-24T21:37:36.183Z,0x50 8x100 11x50 16x150 20x50 23x50 27x50 29x50 32x50 36x100
6ab59820466af71c3502ab6d,Red Door Roulette,31,Preto,Impar,2026-09-24 18:37:36,2026-09-24T21:36:37.958Z,2026-09-24T21:37:36.360Z,0x1 2x1 18x1 19x10 29x1 33x1 35x1
6ab59826afc27ae72e1ad172,Immersive Roulette,34,Vermelho,Par,2026-09-24 18:37:42,2026-09-24T21:36:54.739Z,2026-09-24T21:37:42.141Z,
6ab5982aafc27ae72e1ad174,Auto Roulette,16,Vermelho,Par,2026-09-24 18:37:46,2026-09-24T21:37:06.799Z,2026-09-24T21:37:46.117Z,
6ab5982cafc27ae72e1ad175,Lightning Roulette,27,Vermelho,Impar,2026-09-24 18:37:48,2026-09-24T21:37:01.362Z,2026-09-24T21:37:48.268Z,2x50 15x500 17x50
6ab59846afc27ae72e1ad179,Gold Vault Roulette,11,Preto,Impar,2026-09-24 18:38:14,2026-09-24T21:37:39.279Z,2026-09-24T21:38:14.659Z,2x50 3x50 6x100 15x50 21x50 23x100 27x50 28x100
6ab5984bafc27ae72e1ad17a,XXXtreme Lightning Roulette,18,Vermelho,Par,2026-09-24 18:38:19,2026-09-24T21:37:34.113Z,2026-09-24T21:38:19.538Z,19x50 31x100
6ab59854afc27ae72e1ad17c,Auto Roulette,36,Vermelho,Par,2026-09-24 18:38:27,2026-09-24T21:37:49.190Z,2026-09-24T21:38:27.615Z,
6ab59858afc27ae72e1ad17f,Immersive Roulette,18,Vermelho,Par,2026-09-24 18:38:32,2026-09-24T21:37:45.259Z,2026-09-24T21:38:32.637Z,
6ab59859afc27ae72e1ad180,Lightning Roulette,30,Vermelho,Par,2026-09-24 18:38:33,2026-09-24T21:37:51.414Z,2026-09-24T21:38:33.287Z,20x100 32x250
6ab5985e466af71c3502ab70,Red Door Roulette,32,Vermelho,Par,2026-09-24 18:38:37,2026-09-24T21:37:39.439Z,2026-09-24T21:38:37.867Z,8x1 11x5 12x1 19x1 25x1 35x1
6ab5986dafc27ae72e1ad185,Gold Vault Roulette,12,Vermelho,Par,2026-09-24 18:38:53,2026-09-24T21:38:17.802Z,2026-09-24T21:38:53.514Z,1x50 9x50 14x50 15x50 18x50 27x50 29x50 34x50 36x50
6ab59881afc27ae72e1ad18a,XXXtreme Lightning Roulette,3,Vermelho,Impar,2026-09-24 18:39:13,2026-09-24T21:38:22.620Z,2026-09-24T21:39:13.040Z,19x100 33x100
6ab59883afc27ae72e1ad18b,Auto Roulette,8,Preto,Par,2026-09-24 18:39:14,2026-09-24T21:38:30.708Z,2026-09-24T21:39:14.623Z,
6ab59888afc27ae72e1ad18c,Lightning Roulette,29,Preto,Impar,2026-09-24 18:39:19,2026-09-24T21:38:36.433Z,2026-09-24T21:39:19.789Z,4x100 21x200 25x100 32x100
6ab5989ad057e98a2a571745,Red Door Roulette,27,Vermelho,Impar,2026-09-24 18:39:36,2026-09-24T21:38:40.965Z,2026-09-24T21:39:36.351Z,8x1 23x3 4x1 24x1 0x1 2x1
6ab59898afc27ae72e1ad18f,Gold Vault Roulette,36,Vermelho,Par,2026-09-24 18:39:36,2026-09-24T21:38:56.622Z,2026-09-24T21:39:36.414Z,7x50 8x50 10x100 12x50 15x50 18x50 19x150 26x100
6ab598adafc27ae72e1ad192,XXXtreme Lightning Roulette,28,Preto,Par,2026-09-24 18:39:57,2026-09-24T21:39:16.129Z,2026-09-24T21:39:57.538Z,8x100
6ab598b7afc27ae72e1ad195,Lightning Roulette,27,Vermelho,Impar,2026-09-24 18:40:07,2026-09-24T21:39:22.930Z,2026-09-24T21:40:07.280Z,4x50 33x50
6ab598bbafc27ae72e1ad196,Immersive Roulette,3,Vermelho,Impar,2026-09-24 18:40:11,2026-09-24T21:39:27.421Z,2026-09-24T21:40:11.218Z,
6ab598c8afc27ae72e1ad199,Gold Vault Roulette,24,Preto,Par,2026-09-24 18:40:24,2026-09-24T21:39:39.525Z,2026-09-24T21:40:24.498Z,1x50 9x50 10x100 12x150 14x50 22x50 23x100 24x150 26x50 27x100 31x50 35x50 36x50
6ab598ddafc27ae72e1ad19d,Auto Roulette,5,Vermelho,Impar,2026-09-24 18:40:45,2026-09-24T21:40:01.737Z,2026-09-24T21:40:45.103Z,
6ab598e5afc27ae72e1ad19f,XXXtreme Lightning Roulette,21,Vermelho,Impar,2026-09-24 18:40:53,2026-09-24T21:40:00.616Z,2026-09-24T21:40:53.041Z,5x50 31x150
6ab598e5afc27ae72e1ad1a0,Lightning Roulette,10,Preto,Par,2026-09-24 18:40:53,2026-09-24T21:40:10.390Z,2026-09-24T21:40:53.292Z,0x200 32x100 36x50
6ab598f4afc27ae72e1ad1a4,Immersive Roulette,2,Preto,Par,2026-09-24 18:41:07,2026-09-24T21:40:14.319Z,2026-09-24T21:41:07.697Z,
6ab598f6afc27ae72e1ad1a5,Gold Vault Roulette,30,Vermelho,Par,2026-09-24 18:41:10,2026-09-24T21:40:27.654Z,2026-09-24T21:41:10.609Z,1x50 12x50 13x50 15x100 17x50 18x500 28x50 30x50 33x50
6ab59906afc27ae72e1ad1aa,Auto Roulette,29,Preto,Impar,2026-09-24 18:41:26,2026-09-24T21:40:48.204Z,2026-09-24T21:41:26.118Z,
6ab59908d057e98a2a57174a,Red Door Roulette,28,Preto,Par,2026-09-24 18:41:26,2026-09-24T21:39:39.459Z,2026-09-24T21:41:26.564Z,34x1 19x1 11x1 22x1 26x1 13x3 5x5 10x1 1x1 14x1 18x1 7x1 28x1 35x1 16x1
6ab59912afc27ae72e1ad1ae,Lightning Roulette,15,Preto,Impar,2026-09-24 18:41:38,2026-09-24T21:40:56.412Z,2026-09-24T21:41:38.273Z,7x100 28x100
6ab59914afc27ae72e1ad1b0,XXXtreme Lightning Roulette,6,Preto,Par,2026-09-24 18:41:40,2026-09-24T21:40:56.164Z,2026-09-24T21:41:40.060Z,35x100
6ab59922afc27ae72e1ad1b1,Gold Vault Roulette,13,Preto,Impar,2026-09-24 18:41:53,2026-09-24T21:41:13.726Z,2026-09-24T21:41:53.905Z,9x50 20x50 24x50 28x50 30x100 34x100 36x50
6ab59926afc27ae72e1ad1b2,Immersive Roulette,11,Preto,Impar,2026-09-24 18:41:58,2026-09-24T21:41:10.778Z,2026-09-24T21:41:58.184Z,
6ab59933afc27ae72e1ad1b6,Auto Roulette,34,Vermelho,Par,2026-09-24 18:42:11,2026-09-24T21:41:29.255Z,2026-09-24T21:42:11.099Z,
6ab59942afc27ae72e1ad1b9,Lightning Roulette,13,Preto,Impar,2026-09-24 18:42:26,2026-09-24T21:41:41.384Z,2026-09-24T21:42:26.274Z,26x50 34x100
6ab59948afc27ae72e1ad1ba,XXXtreme Lightning Roulette,27,Vermelho,Impar,2026-09-24 18:42:32,2026-09-24T21:41:43.147Z,2026-09-24T21:42:32.057Z,2x50 31x100 34x100
6ab5994bafc27ae72e1ad1bb,Gold Vault Roulette,26,Preto,Par,2026-09-24 18:42:34,2026-09-24T21:41:57.031Z,2026-09-24T21:42:34.799Z,8x50 9x100 22x150 29x50 32x100
6ab5995aafc27ae72e1ad1be,Immersive Roulette,15,Preto,Impar,2026-09-24 18:42:50,2026-09-24T21:42:01.279Z,2026-09-24T21:42:50.260Z,
6ab5995eafc27ae72e1ad1c0,Auto Roulette,4,Preto,Par,2026-09-24 18:42:53,2026-09-24T21:42:14.198Z,2026-09-24T21:42:53.610Z,
6ab59981afc27ae72e1ad1c5,Lightning Roulette,20,Preto,Par,2026-09-24 18:43:19,2026-09-24T21:42:29.393Z,2026-09-24T21:43:19.294Z,1x100 10x100 13x50
6ab59981afc27ae72e1ad1c6,Gold Vault Roulette,8,Preto,Par,2026-09-24 18:43:19,2026-09-24T21:42:37.942Z,2026-09-24T21:43:19.647Z,3x100 15x100 16x50 24x50 33x50 35x50
6ab59981afc27ae72e1ad1c7,XXXtreme Lightning Roulette,8,Preto,Par,2026-09-24 18:43:23,2026-09-24T21:42:35.152Z,2026-09-24T21:43:23.567Z,4x50 13x100 14x100 16x600 31x100 32x150
6ab5998bafc27ae72e1ad1c9,Auto Roulette,35,Preto,Impar,2026-09-24 18:43:39,2026-09-24T21:42:56.715Z,2026-09-24T21:43:39.607Z,
6ab59990afc27ae72e1ad1ca,Immersive Roulette,15,Preto,Impar,2026-09-24 18:43:43,2026-09-24T21:42:53.321Z,2026-09-24T21:43:43.923Z,
6ab599a1d057e98a2a571752,Red Door Roulette,26,Preto,Par,2026-09-24 18:43:58,2026-09-24T21:41:33.740Z,2026-09-24T21:43:58.173Z,8x3 26x1 5x1 20x1 18x1 29x1 35x1 16x1
6ab5999fafc27ae72e1ad1cd,Gold Vault Roulette,28,Preto,Par,2026-09-24 18:43:58,2026-09-24T21:43:22.767Z,2026-09-24T21:43:58.941Z,6x50 22x100 23x100 30x50 32x50
6ab599a6afc27ae72e1ad1ce,Lightning Roulette,10,Preto,Par,2026-09-24 18:44:06,2026-09-24T21:43:22.411Z,2026-09-24T21:44:06.273Z,8x50 9x50 25x50
6ab599b2afc27ae72e1ad1d1,XXXtreme Lightning Roulette,28,Preto,Par,2026-09-24 18:44:18,2026-09-24T21:43:26.664Z,2026-09-24T21:44:18.060Z,16x50 20x600 34x100
6ab599b9afc27ae72e1ad1d3,Auto Roulette,12,Vermelho,Par,2026-09-24 18:44:25,2026-09-24T21:43:42.685Z,2026-09-24T21:44:25.592Z,
6ab599c3afc27ae72e1ad1d6,Immersive Roulette,18,Vermelho,Par,2026-09-24 18:44:35,2026-09-24T21:43:47.031Z,2026-09-24T21:44:35.238Z,
6ab599caafc27ae72e1ad1d7,Gold Vault Roulette,3,Vermelho,Impar,2026-09-24 18:44:42,2026-09-24T21:44:02.024Z,2026-09-24T21:44:42.667Z,2x100 7x150 11x50 12x50 21x100 23x50 27x100 28x150 30x50 35x50 36x50
6ab599daafc27ae72e1ad1d9,Lightning Roulette,34,Vermelho,Par,2026-09-24 18:44:58,2026-09-24T21:44:09.381Z,2026-09-24T21:44:58.270Z,22x100 25x50
6ab599df8da3fc15ad08f157,Red Door Roulette,14,Vermelho,Par,2026-09-24 18:45:02,2026-09-24T21:44:06.398Z,2026-09-24T21:45:02.873Z,16x1 21x3 32x1
6ab599e6afc27ae72e1ad1db,Auto Roulette,6,Preto,Par,2026-09-24 18:45:09,2026-09-24T21:44:28.700Z,2026-09-24T21:45:09.609Z,
6ab599e6afc27ae72e1ad1dc,XXXtreme Lightning Roulette,13,Preto,Impar,2026-09-24 18:45:10,2026-09-24T21:44:21.155Z,2026-09-24T21:45:10.066Z,5x200 6x50 27x100
6ab599f6afc27ae72e1ad1df,Gold Vault Roulette,11,Preto,Impar,2026-09-24 18:45:26,2026-09-24T21:44:45.804Z,2026-09-24T21:45:26.287Z,10x50 14x50 17x50 19x100 27x150
6ab59a0aafc27ae72e1ad1e1,Lightning Roulette,18,Vermelho,Par,2026-09-24 18:45:45,2026-09-24T21:45:01.376Z,2026-09-24T21:45:45.261Z,16x100 18x50 36x100
6ab59a10afc27ae72e1ad1e3,Auto Roulette,34,Vermelho,Par,2026-09-24 18:45:52,2026-09-24T21:45:12.688Z,2026-09-24T21:45:52.093Z,
6ab59a17afc27ae72e1ad1e5,XXXtreme Lightning Roulette,5,Vermelho,Impar,2026-09-24 18:45:59,2026-09-24T21:45:13.159Z,2026-09-24T21:45:59.085Z,19x50 20x50 27x400
6ab59a198da3fc15ad08f15a,Red Door Roulette,0,Verde,None,2026-09-24 18:46:00,2026-09-24T21:45:05.990Z,2026-09-24T21:46:00.861Z,5x1 7x1 10x1 11x1 13x1 14x1 17x1 20x2 29x1 32x1 33x1
6ab59a39afc27ae72e1ad1e9,Lightning Roulette,3,Vermelho,Impar,2026-09-24 18:46:32,2026-09-24T21:45:48.369Z,2026-09-24T21:46:32.775Z,13x50 36x50
6ab59a3bafc27ae72e1ad1ea,Auto Roulette,13,Preto,Impar,2026-09-24 18:46:35,2026-09-24T21:45:55.210Z,2026-09-24T21:46:35.601Z,
6ab59a4dafc27ae72e1ad1ec,XXXtreme Lightning Roulette,26,Preto,Par,2026-09-24 18:46:53,2026-09-24T21:46:02.177Z,2026-09-24T21:46:53.586Z,10x100 24x100
6ab59a51afc27ae72e1ad1ed,Gold Vault Roulette,2,Preto,Par,2026-09-24 18:46:57,2026-09-24T21:46:14.270Z,2026-09-24T21:46:57.277Z,4x150 6x100 7x50 17x50 18x50 22x50 25x50 27x50 33x100 34x50
6ab59a518da3fc15ad08f15d,Red Door Roulette,29,Preto,Impar,2026-09-24 18:46:57,2026-09-24T21:46:03.936Z,2026-09-24T21:46:57.381Z,5x1 13x1 18x1 24x1 27x1 28x1 30x1 35x1
6ab59a5aafc27ae72e1ad1ef,Immersive Roulette,14,Vermelho,Par,2026-09-24 18:47:05,2026-09-24T21:46:20.078Z,2026-09-24T21:47:05.833Z,
6ab59a68afc27ae72e1ad1f2,Auto Roulette,0,Verde,None,2026-09-24 18:47:20,2026-09-24T21:46:38.682Z,2026-09-24T21:47:20.102Z,
6ab59a68afc27ae72e1ad1f3,Lightning Roulette,12,Vermelho,Par,2026-09-24 18:47:20,2026-09-24T21:46:35.877Z,2026-09-24T21:47:20.287Z,4x100 27x100 32x100
6ab59a7fafc27ae72e1ad1f6,XXXtreme Lightning Roulette,23,Vermelho,Impar,2026-09-24 18:47:43,2026-09-24T21:46:56.695Z,2026-09-24T21:47:43.083Z,19x50 22x600
6ab59a8dafc27ae72e1ad1f8,Immersive Roulette,25,Vermelho,Impar,2026-09-24 18:47:57,2026-09-24T21:47:08.892Z,2026-09-24T21:47:57.496Z,
6ab59a91afc27ae72e1ad1f9,Auto Roulette,33,Preto,Impar,2026-09-24 18:48:01,2026-09-24T21:47:23.187Z,2026-09-24T21:48:01.095Z,
6ab59a99afc27ae72e1ad1fb,Lightning Roulette,32,Vermelho,Par,2026-09-24 18:48:08,2026-09-24T21:47:23.419Z,2026-09-24T21:48:08.780Z,5x50
6ab59aa7afc27ae72e1ad1fe,Gold Vault Roulette,12,Vermelho,Par,2026-09-24 18:48:23,2026-09-24T21:47:44.112Z,2026-09-24T21:48:23.491Z,2x50 12x50 19x50 20x100 21x150 30x100 35x50
6ab59ab2afc27ae72e1ad200,XXXtreme Lightning Roulette,12,Vermelho,Par,2026-09-24 18:48:34,2026-09-24T21:47:46.175Z,2026-09-24T21:48:34.592Z,11x100 19x50 35x100
6ab59ab9afc27ae72e1ad202,Auto Roulette,31,Preto,Impar,2026-09-24 18:48:41,2026-09-24T21:48:04.266Z,2026-09-24T21:48:41.110Z,
6ab59ac4d057e98a2a57175f,Red Door Roulette,30,Vermelho,Par,2026-09-24 18:48:50,2026-09-24T21:47:00.455Z,2026-09-24T21:48:50.486Z,15x1 16x3 10x1 14x7 27x1 30x1 3x5
6ab59ac3afc27ae72e1ad204,Immersive Roulette,30,Vermelho,Par,2026-09-24 18:48:51,2026-09-24T21:48:00.558Z,2026-09-24T21:48:51.578Z,
6ab59ac8afc27ae72e1ad205,Lightning Roulette,35,Preto,Impar,2026-09-24 18:48:56,2026-09-24T21:48:11.884Z,2026-09-24T21:48:56.279Z,3x50 9x100
6ab59ad1afc27ae72e1ad207,Gold Vault Roulette,36,Vermelho,Par,2026-09-24 18:49:05,2026-09-24T21:48:26.591Z,2026-09-24T21:49:05.588Z,0x50 3x100 12x50 13x50 15x500 28x50 29x50 30x50 33x50 35x50
6ab59ae5afc27ae72e1ad20a,Auto Roulette,12,Vermelho,Par,2026-09-24 18:49:25,2026-09-24T21:48:44.221Z,2026-09-24T21:49:25.114Z,
6ab59ae7afc27ae72e1ad20c,XXXtreme Lightning Roulette,6,Preto,Par,2026-09-24 18:49:27,2026-09-24T21:48:37.680Z,2026-09-24T21:49:27.094Z,1x100 8x50 16x600
6ab59af5afc27ae72e1ad20f,Immersive Roulette,24,Preto,Par,2026-09-24 18:49:41,2026-09-24T21:48:54.636Z,2026-09-24T21:49:41.627Z,
6ab59afbafc27ae72e1ad210,Lightning Roulette,3,Vermelho,Impar,2026-09-24 18:49:46,2026-09-24T21:48:59.416Z,2026-09-24T21:49:46.783Z,1x50 26x100 32x500
6ab59afdafc27ae72e1ad212,Gold Vault Roulette,26,Preto,Par,2026-09-24 18:49:49,2026-09-24T21:49:08.686Z,2026-09-24T21:49:49.657Z,1x50 4x50 17x50 24x100 26x50 28x100 35x150
6ab59b0eafc27ae72e1ad213,Auto Roulette,16,Vermelho,Par,2026-09-24 18:50:06,2026-09-24T21:49:28.248Z,2026-09-24T21:50:06.139Z,
6ab59b1fafc27ae72e1ad217,XXXtreme Lightning Roulette,26,Preto,Par,2026-09-24 18:50:23,2026-09-24T21:49:30.186Z,2026-09-24T21:50:23.096Z,6x150 14x50
6ab59b25afc27ae72e1ad219,Gold Vault Roulette,24,Preto,Par,2026-09-24 18:50:29,2026-09-24T21:49:52.774Z,2026-09-24T21:50:29.345Z,3x50 4x50 7x150 8x50 10x50 11x50 12x100 14x50 15x100 33x50 34x50 36x100
6ab59b27afc27ae72e1ad21a,Immersive Roulette,0,Verde,None,2026-09-24 18:50:30,2026-09-24T21:49:44.708Z,2026-09-24T21:50:30.895Z,
6ab59b2dafc27ae72e1ad21d,Lightning Roulette,14,Vermelho,Par,2026-09-24 18:50:37,2026-09-24T21:49:49.868Z,2026-09-24T21:50:37.284Z,11x150 26x50
6ab59b39d057e98a2a571763,Red Door Roulette,20,Preto,Par,2026-09-24 18:50:47,2026-09-24T21:48:57.703Z,2026-09-24T21:50:47.190Z,1x1 10x1 20x1
6ab59b3bafc27ae72e1ad21f,Auto Roulette,12,Vermelho,Par,2026-09-24 18:50:51,2026-09-24T21:50:09.255Z,2026-09-24T21:50:51.098Z,
6ab59b54afc27ae72e1ad226,XXXtreme Lightning Roulette,21,Vermelho,Impar,2026-09-24 18:51:16,2026-09-24T21:50:26.173Z,2026-09-24T21:51:16.108Z,5x700 30x50 33x100
6ab59b54afc27ae72e1ad227,Gold Vault Roulette,25,Vermelho,Impar,2026-09-24 18:51:16,2026-09-24T21:50:32.497Z,2026-09-24T21:51:16.255Z,5x50 8x50 18x100 20x50 23x50
6ab59b5cafc27ae72e1ad228,Immersive Roulette,7,Vermelho,Impar,2026-09-24 18:51:24,2026-09-24T21:50:33.951Z,2026-09-24T21:51:24.587Z,
6ab59b5fafc27ae72e1ad229,Lightning Roulette,31,Preto,Impar,2026-09-24 18:51:27,2026-09-24T21:50:40.437Z,2026-09-24T21:51:27.300Z,4x100 29x100 31x50
6ab59b62afc27ae72e1ad22b,Auto Roulette,33,Preto,Impar,2026-09-24 18:51:30,2026-09-24T21:50:54.186Z,2026-09-24T21:51:30.597Z,
6ab59b788da3fc15ad08f16c,Red Door Roulette,16,Vermelho,Par,2026-09-24 18:51:52,2026-09-24T21:50:54.409Z,2026-09-24T21:51:52.377Z,3x2 6x1 12x1 19x1 20x1 25x1 28x1 29x3 31x20 35x1
6ab59b84afc27ae72e1ad232,Gold Vault Roulette,21,Vermelho,Impar,2026-09-24 18:52:04,2026-09-24T21:51:19.372Z,2026-09-24T21:52:04.756Z,15x50 21x50 24x150 28x50 31x50
6ab59b8bafc27ae72e1ad233,XXXtreme Lightning Roulette,6,Preto,Par,2026-09-24 18:52:11,2026-09-24T21:51:19.203Z,2026-09-24T21:52:11.112Z,18x100 19x100 31x100
6ab59b8eafc27ae72e1ad236,Auto Roulette,35,Preto,Impar,2026-09-24 18:52:14,2026-09-24T21:51:33.676Z,2026-09-24T21:52:14.607Z,
6ab59b8fafc27ae72e1ad237,Immersive Roulette,1,Vermelho,Impar,2026-09-24 18:52:15,2026-09-24T21:51:27.716Z,2026-09-24T21:52:15.062Z,
6ab59b93afc27ae72e1ad23a,Lightning Roulette,35,Preto,Impar,2026-09-24 18:52:19,2026-09-24T21:51:30.418Z,2026-09-24T21:52:19.275Z,2x50
6ab59bacafc27ae72e1ad23d,Gold Vault Roulette,8,Preto,Par,2026-09-24 18:52:44,2026-09-24T21:52:07.886Z,2026-09-24T21:52:44.419Z,8x50 9x50 16x50 21x50 24x50 33x50
6ab59bb9afc27ae72e1ad241,Auto Roulette,8,Preto,Par,2026-09-24 18:52:57,2026-09-24T21:52:17.692Z,2026-09-24T21:52:57.610Z,
6ab59bbfafc27ae72e1ad244,XXXtreme Lightning Roulette,27,Vermelho,Impar,2026-09-24 18:53:03,2026-09-24T21:52:14.229Z,2026-09-24T21:53:03.129Z,7x100 19x100 25x50 34x100
6ab59bc3afc27ae72e1ad245,Immersive Roulette,16,Vermelho,Par,2026-09-24 18:53:07,2026-09-24T21:52:18.149Z,2026-09-24T21:53:07.548Z,
6ab59bc7afc27ae72e1ad246,Lightning Roulette,21,Vermelho,Impar,2026-09-24 18:53:10,2026-09-24T21:52:22.400Z,2026-09-24T21:53:10.773Z,14x100 16x200 25x50
6ab59bdeafc27ae72e1ad249,Gold Vault Roulette,13,Preto,Impar,2026-09-24 18:53:34,2026-09-24T21:52:47.523Z,2026-09-24T21:53:34.467Z,0x50 7x50 8x50 29x50 32x50
6ab59be7afc27ae72e1ad24b,Auto Roulette,30,Vermelho,Par,2026-09-24 18:53:43,2026-09-24T21:53:00.692Z,2026-09-24T21:53:43.612Z,
6ab59bf0afc27ae72e1ad24d,XXXtreme Lightning Roulette,27,Vermelho,Impar,2026-09-24 18:53:52,2026-09-24T21:53:06.224Z,2026-09-24T21:53:52.618Z,10x100 19x100
6ab59bfaafc27ae72e1ad24e,Lightning Roulette,29,Preto,Impar,2026-09-24 18:54:01,2026-09-24T21:53:13.940Z,2026-09-24T21:54:01.782Z,30x50
6ab59bfeafc27ae72e1ad251,Immersive Roulette,11,Preto,Impar,2026-09-24 18:54:06,2026-09-24T21:53:10.605Z,2026-09-24T21:54:06.442Z,
6ab59c02d057e98a2a57176c,Red Door Roulette,34,Vermelho,Par,2026-09-24 18:54:08,2026-09-24T21:51:55.431Z,2026-09-24T21:54:08.243Z,34x1 19x1 15x1 21x1 32x1 17x1 27x2 2x3 18x1 7x1
6ab59c0bafc27ae72e1ad254,Gold Vault Roulette,30,Vermelho,Par,2026-09-24 18:54:19,2026-09-24T21:53:37.567Z,2026-09-24T21:54:19.334Z,2x50 4x50 9x50 12x50 15x50 21x50 32x50 34x50
6ab59c16afc27ae72e1ad256,Auto Roulette,24,Preto,Par,2026-09-24 18:54:29,2026-09-24T21:53:46.691Z,2026-09-24T21:54:29.628Z,
6ab59c23afc27ae72e1ad258,XXXtreme Lightning Roulette,36,Vermelho,Par,2026-09-24 18:54:43,2026-09-24T21:53:55.696Z,2026-09-24T21:54:43.657Z,2x100 6x50
6ab59c25afc27ae72e1ad259,Lightning Roulette,34,Vermelho,Par,2026-09-24 18:54:44,2026-09-24T21:54:04.882Z,2026-09-24T21:54:44.792Z,5x50 22x150
6ab59c34afc27ae72e1ad25c,Immersive Roulette,6,Preto,Par,2026-09-24 18:55:00,2026-09-24T21:54:09.547Z,2026-09-24T21:55:00.522Z,
6ab59c3bafc27ae72e1ad25e,Gold Vault Roulette,17,Preto,Impar,2026-09-24 18:55:07,2026-09-24T21:54:22.427Z,2026-09-24T21:55:07.459Z,1x50 5x50 9x50 22x50 25x50 29x100 33x50
6ab59c43afc27ae72e1ad261,Auto Roulette,21,Vermelho,Impar,2026-09-24 18:55:15,2026-09-24T21:54:32.732Z,2026-09-24T21:55:15.093Z,
6ab59c53afc27ae72e1ad263,Lightning Roulette,14,Vermelho,Par,2026-09-24 18:55:31,2026-09-24T21:54:47.974Z,2026-09-24T21:55:31.801Z,19x50 32x50
6ab59c56afc27ae72e1ad266,XXXtreme Lightning Roulette,17,Preto,Impar,2026-09-24 18:55:33,2026-09-24T21:54:46.751Z,2026-09-24T21:55:33.636Z,21x100 26x1500
6ab59c6bafc27ae72e1ad26a,Auto Roulette,32,Vermelho,Par,2026-09-24 18:55:55,2026-09-24T21:55:18.196Z,2026-09-24T21:55:55.099Z,
6ab59c6cafc27ae72e1ad26b,Immersive Roulette,6,Preto,Par,2026-09-24 18:55:55,2026-09-24T21:55:03.601Z,2026-09-24T21:55:55.819Z,
6ab59c6cafc27ae72e1ad26c,Gold Vault Roulette,18,Vermelho,Par,2026-09-24 18:55:55,2026-09-24T21:55:10.588Z,2026-09-24T21:55:55.992Z,0x50 6x50 10x150 13x50 16x100 18x100 22x50 26x50 29x50 36x50
6ab59c78d057e98a2a571773,Red Door Roulette,21,Vermelho,Impar,2026-09-24 18:56:06,2026-09-24T21:54:16.435Z,2026-09-24T21:56:06.544Z,12x1 13x1 16x1 10x1 21x1 32x2 20x3 2x4 3x1 28x1 15x1 11x1 17x1 25x1 14x1
6ab59c82afc27ae72e1ad270,Lightning Roulette,29,Preto,Impar,2026-09-24 18:56:18,2026-09-24T21:55:34.879Z,2026-09-24T21:56:18.270Z,5x100 9x400 12x100
6ab59c87afc27ae72e1ad271,XXXtreme Lightning Roulette,2,Preto,Par,2026-09-24 18:56:23,2026-09-24T21:55:36.726Z,2026-09-24T21:56:23.148Z,3x100 9x100
6ab59c95afc27ae72e1ad274,Auto Roulette,32,Vermelho,Par,2026-09-24 18:56:36,2026-09-24T21:55:58.205Z,2026-09-24T21:56:36.610Z,
6ab59c9bafc27ae72e1ad275,Gold Vault Roulette,15,Preto,Impar,2026-09-24 18:56:43,2026-09-24T21:55:59.110Z,2026-09-24T21:56:43.713Z,0x100 3x50 4x100 10x150 21x50 22x50 33x50 36x50
6ab59cb8afc27ae72e1ad277,Immersive Roulette,29,Preto,Impar,2026-09-24 18:56:51,2026-09-24T21:55:58.910Z,2026-09-24T21:56:51.913Z,
6ab59cb8afc27ae72e1ad27a,Lightning Roulette,31,Preto,Impar,2026-09-24 18:57:07,2026-09-24T21:56:21.358Z,2026-09-24T21:57:07.279Z,3x50 24x50 26x100
6ab59cb8afc27ae72e1ad27b,XXXtreme Lightning Roulette,25,Vermelho,Impar,2026-09-24 18:57:12,2026-09-24T21:56:26.242Z,2026-09-24T21:57:12.146Z,16x100 23x1000 30x100
6ab59cb88da3fc15ad08f17a,Red Door Roulette,22,Preto,Par,2026-09-24 18:57:12,2026-09-24T21:56:13.747Z,2026-09-24T21:57:12.382Z,11x1 12x1 13x1 15x3 19x1 21x5 27x1 30x1 36x1
6ab59cbcafc27ae72e1ad27c,Auto Roulette,15,Preto,Impar,2026-09-24 18:57:16,2026-09-24T21:56:39.750Z,2026-09-24T21:57:16.604Z,
6ab59cceafc27ae72e1ad280,Gold Vault Roulette,15,Preto,Impar,2026-09-24 18:57:33,2026-09-24T21:56:46.810Z,2026-09-24T21:57:33.746Z,34x50 12x50 11x50 33x50 26x50 10x50 18x50 7x50 29x150 3x50 24x50 35x150 36x50 1x50 25x50 14x50
6ab59cd7afc27ae72e1ad284,Immersive Roulette,36,Vermelho,Par,2026-09-24 18:57:43,2026-09-24T21:56:54.976Z,2026-09-24T21:57:43.177Z,
6ab59ce5afc27ae72e1ad285,Lightning Roulette,36,Vermelho,Par,2026-09-24 18:57:56,2026-09-24T21:57:10.386Z,2026-09-24T21:57:56.794Z,0x50 2x50 9x150 35x50
6ab59ce7afc27ae72e1ad286,Auto Roulette,23,Vermelho,Impar,2026-09-24 18:57:59,2026-09-24T21:57:19.689Z,2026-09-24T21:57:59.113Z,
6ab59cedafc27ae72e1ad289,XXXtreme Lightning Roulette,13,Preto,Impar,2026-09-24 18:58:05,2026-09-24T21:57:15.222Z,2026-09-24T21:58:05.653Z,8x600 18x100 19x200 20x100 23x50 35x50
6ab59cfeafc27ae72e1ad28a,Gold Vault Roulette,5,Vermelho,Impar,2026-09-24 18:58:22,2026-09-24T21:57:36.916Z,2026-09-24T21:58:22.595Z,6x50 13x100 22x50 30x150 34x100
6ab59d0bafc27ae72e1ad28f,Immersive Roulette,11,Preto,Impar,2026-09-24 18:58:35,2026-09-24T21:57:46.261Z,2026-09-24T21:58:35.648Z,
6ab59d10afc27ae72e1ad290,Lightning Roulette,1,Vermelho,Impar,2026-09-24 18:58:40,2026-09-24T21:57:59.909Z,2026-09-24T21:58:40.279Z,14x50 23x100 24x100
6ab59d12afc27ae72e1ad291,Auto Roulette,28,Preto,Par,2026-09-24 18:58:42,2026-09-24T21:58:02.206Z,2026-09-24T21:58:42.109Z,
6ab59d23afc27ae72e1ad295,XXXtreme Lightning Roulette,0,Verde,None,2026-09-24 18:58:59,2026-09-24T21:58:08.739Z,2026-09-24T21:58:59.157Z,10x100 16x100 24x50
6ab59d27d057e98a2a57177b,Red Door Roulette,30,Vermelho,Par,2026-09-24 18:59:01,2026-09-24T21:57:15.471Z,2026-09-24T21:59:01.734Z,12x3 8x1 4x10 15x1 22x1 16x1 21x1 25x1 31x1 18x1 30x1 3x1 28x1 36x1 1x1
6ab59d30afc27ae72e1ad298,Gold Vault Roulette,0,Verde,None,2026-09-24 18:59:12,2026-09-24T21:58:25.704Z,2026-09-24T21:59:12.682Z,19x50 24x50 26x50 27x50 28x150 31x100 33x150 34x50 36x50
6ab59d40afc27ae72e1ad29c,Auto Roulette,7,Vermelho,Impar,2026-09-24 18:59:28,2026-09-24T21:58:45.226Z,2026-09-24T21:59:28.091Z,
6ab59d40afc27ae72e1ad29d,Lightning Roulette,6,Preto,Par,2026-09-24 18:59:28,2026-09-24T21:58:43.401Z,2026-09-24T21:59:28.284Z,13x50 18x150 32x100
6ab59d43afc27ae72e1ad29e,Immersive Roulette,35,Preto,Impar,2026-09-24 18:59:31,2026-09-24T21:58:38.736Z,2026-09-24T21:59:31.720Z,
6ab59d55afc27ae72e1ad2a2,XXXtreme Lightning Roulette,19,Vermelho,Impar,2026-09-24 18:59:49,2026-09-24T21:59:02.242Z,2026-09-24T21:59:49.656Z,15x50 29x100 33x50
6ab59d60afc27ae72e1ad2a4,Gold Vault Roulette,15,Preto,Impar,2026-09-24 19:00:00,2026-09-24T21:59:15.789Z,2026-09-24T22:00:00.791Z,4x50 14x50 18x150 21x100 24x50 28x50 34x50
6ab59d68afc27ae72e1ad2a5,Auto Roulette,4,Preto,Par,2026-09-24 19:00:08,2026-09-24T21:59:31.202Z,2026-09-24T22:00:08.602Z,
6ab59d73afc27ae72e1ad2a8,Lightning Roulette,10,Preto,Par,2026-09-24 19:00:18,2026-09-24T21:59:31.399Z,2026-09-24T22:00:18.791Z,8x200 10x100 13x50
6ab59d7cafc27ae72e1ad2a9,Immersive Roulette,27,Vermelho,Impar,2026-09-24 19:00:27,2026-09-24T21:59:34.791Z,2026-09-24T22:00:27.782Z,
6ab59d85afc27ae72e1ad2ac,XXXtreme Lightning Roulette,17,Preto,Impar,2026-09-24 19:00:37,2026-09-24T21:59:52.747Z,2026-09-24T22:00:37.671Z,5x50 24x50 26x100 32x600
6ab59d8fafc27ae72e1ad2ad,Gold Vault Roulette,23,Vermelho,Impar,2026-09-24 19:00:47,2026-09-24T22:00:03.904Z,2026-09-24T22:00:47.297Z,12x50 25x50 30x100 34x50 36x50
6ab59d94afc27ae72e1ad2af,Auto Roulette,1,Vermelho,Impar,2026-09-24 19:00:52,2026-09-24T22:00:11.714Z,2026-09-24T22:00:52.095Z,
6ab59da7afc27ae72e1ad2b3,Lightning Roulette,31,Preto,Impar,2026-09-24 19:01:10,2026-09-24T22:00:21.894Z,2026-09-24T22:01:10.798Z,4x100 9x50 15x100 33x50
6ab59db3afc27ae72e1ad2b6,Immersive Roulette,1,Vermelho,Impar,2026-09-24 19:01:23,2026-09-24T22:00:30.841Z,2026-09-24T22:01:23.030Z,
6ab59db7afc27ae72e1ad2b7,XXXtreme Lightning Roulette,18,Vermelho,Par,2026-09-24 19:01:27,2026-09-24T22:00:40.765Z,2026-09-24T22:01:27.661Z,7x100 18x100 19x50 20x100
6ab59dbcafc27ae72e1ad2b8,Gold Vault Roulette,26,Preto,Par,2026-09-24 19:01:31,2026-09-24T22:00:50.461Z,2026-09-24T22:01:31.004Z,9x50 13x50 25x50 20x50 29x50
6ab59dbeafc27ae72e1ad2b9,Auto Roulette,20,Preto,Par,2026-09-24 19:01:34,2026-09-24T22:00:55.189Z,2026-09-24T22:01:34.099Z,
6ab59dc0d057e98a2a571784,Red Door Roulette,22,Preto,Par,2026-09-24 19:01:35,2026-09-24T21:59:08.897Z,2026-09-24T22:01:35.115Z,34x1 19x1 22x1 32x1 14x1 27x1 18x1 30x1 29x1 3x1
6ab59dd7afc27ae72e1ad2bf,Lightning Roulette,6,Preto,Par,2026-09-24 19:01:58,2026-09-24T22:01:13.940Z,2026-09-24T22:01:58.781Z,7x100 22x100 29x100
6ab59de9afc27ae72e1ad2c1,Auto Roulette,10,Preto,Par,2026-09-24 19:02:17,2026-09-24T22:01:37.183Z,2026-09-24T22:02:17.093Z,
6ab59deaafc27ae72e1ad2c2,Immersive Roulette,7,Vermelho,Impar,2026-09-24 19:02:17,2026-09-24T22:01:26.083Z,2026-09-24T22:02:17.919Z,
6ab59defafc27ae72e1ad2c6,XXXtreme Lightning Roulette,10,Preto,Par,2026-09-24 19:02:23,2026-09-24T22:01:30.754Z,2026-09-24T22:02:23.671Z,13x700 21x50
6ab59e008da3fc15ad08f189,Red Door Roulette,2,Preto,Par,2026-09-24 19:02:40,2026-09-24T22:01:42.359Z,2026-09-24T22:02:40.396Z,7x1 8x1 9x1 11x2 15x1 21x1 23x1 27x1 32x1 33x1
6ab59e05afc27ae72e1ad2c8,Lightning Roulette,2,Preto,Par,2026-09-24 19:02:45,2026-09-24T22:02:01.856Z,2026-09-24T22:02:45.281Z,17x100 28x50
6ab59e12afc27ae72e1ad2c9,Auto Roulette,18,Vermelho,Par,2026-09-24 19:02:58,2026-09-24T22:02:20.199Z,2026-09-24T22:02:58.597Z,
6ab59e1fafc27ae72e1ad2cd,Immersive Roulette,36,Vermelho,Par,2026-09-24 19:03:11,2026-09-24T22:02:20.994Z,2026-09-24T22:03:11.596Z,
6ab59e20afc27ae72e1ad2ce,XXXtreme Lightning Roulette,23,Vermelho,Impar,2026-09-24 19:03:12,2026-09-24T22:02:26.762Z,2026-09-24T22:03:12.679Z,0x100 12x100 19x100
6ab59e37afc27ae72e1ad2d1,Lightning Roulette,8,Preto,Par,2026-09-24 19:03:35,2026-09-24T22:02:48.396Z,2026-09-24T22:03:35.288Z,2x50 7x50 13x100
6ab59e3c8da3fc15ad08f18a,Red Door Roulette,23,Vermelho,Impar,2026-09-24 19:03:39,2026-09-24T22:02:43.499Z,2026-09-24T22:03:39.895Z,0x1 6x1 8x1 9x1 13x1 22x1
6ab59e41afc27ae72e1ad2d5,Auto Roulette,19,Vermelho,Impar,2026-09-24 19:03:45,2026-09-24T22:03:01.704Z,2026-09-24T22:03:45.598Z,
6ab59e4dafc27ae72e1ad2d7,Gold Vault Roulette,26,Preto,Par,2026-09-24 19:03:56,2026-09-24T22:03:12.699Z,2026-09-24T22:03:56.432Z,34x50 15x50 24x50 6x50 20x50
6ab59e51afc27ae72e1ad2d9,Immersive Roulette,13,Preto,Impar,2026-09-24 19:04:01,2026-09-24T22:03:14.642Z,2026-09-24T22:04:01.672Z,
6ab59e56afc27ae72e1ad2da,XXXtreme Lightning Roulette,0,Verde,None,2026-09-24 19:04:04,2026-09-24T22:03:15.773Z,2026-09-24T22:04:04.173Z,34x1000 4x100 15x200 35x100 10x100 31x50 18x600
6ab59e6aafc27ae72e1ad2de,Lightning Roulette,20,Preto,Par,2026-09-24 19:04:25,2026-09-24T22:03:38.416Z,2026-09-24T22:04:25.813Z,13x100 18x100 32x50 34x50
6ab59e6dafc27ae72e1ad2e1,Auto Roulette,18,Vermelho,Par,2026-09-24 19:04:29,2026-09-24T22:03:48.695Z,2026-09-24T22:04:29.084Z,
6ab59e788da3fc15ad08f18e,Red Door Roulette,10,Preto,Par,2026-09-24 19:04:40,2026-09-24T22:03:43.004Z,2026-09-24T22:04:40.399Z,7x1 27x5 33x1 36x1
6ab59e7eafc27ae72e1ad2e3,Gold Vault Roulette,27,Vermelho,Impar,2026-09-24 19:04:45,2026-09-24T22:03:59.561Z,2026-09-24T22:04:45.319Z,16x50 1x50 31x50 20x100 18x50 29x50
6ab59e88afc27ae72e1ad2e6,XXXtreme Lightning Roulette,18,Vermelho,Par,2026-09-24 19:04:54,2026-09-24T22:04:07.267Z,2026-09-24T22:04:54.179Z,16x100 24x50 26x50 6x100
6ab59e86afc27ae72e1ad2e5,Immersive Roulette,15,Preto,Impar,2026-09-24 19:04:54,2026-09-24T22:04:04.788Z,2026-09-24T22:04:54.184Z,
6ab59e95afc27ae72e1ad2e9,Auto Roulette,10,Preto,Par,2026-09-24 19:05:09,2026-09-24T22:04:32.197Z,2026-09-24T22:05:09.625Z,
6ab59e99afc27ae72e1ad2eb,Lightning Roulette,10,Preto,Par,2026-09-24 19:05:13,2026-09-24T22:04:28.904Z,2026-09-24T22:05:13.282Z,5x100 22x200 26x200
6ab59eb0afc27ae72e1ad2ef,Gold Vault Roulette,25,Vermelho,Impar,2026-09-24 19:05:35,2026-09-24T22:04:48.392Z,2026-09-24T22:05:35.783Z,3x50 5x50 14x100 19x150 25x50 31x50 33x50 34x50
6ab59eb78da3fc15ad08f192,Red Door Roulette,17,Preto,Impar,2026-09-24 19:05:42,2026-09-24T22:04:43.483Z,2026-09-24T22:05:42.900Z,3x1 4x1 5x1 6x1 10x1 15x1 19x1 22x1 23x1 24x4
6ab59ebaafc27ae72e1ad2f3,Immersive Roulette,3,Vermelho,Impar,2026-09-24 19:05:45,2026-09-24T22:04:57.270Z,2026-09-24T22:05:45.867Z,
6ab59ebcafc27ae72e1ad2f4,XXXtreme Lightning Roulette,20,Preto,Par,2026-09-24 19:05:48,2026-09-24T22:04:57.293Z,2026-09-24T22:05:48.186Z,7x100 22x200 25x50
6ab59ec0afc27ae72e1ad2f5,Auto Roulette,25,Vermelho,Impar,2026-09-24 19:05:51,2026-09-24T22:05:12.743Z,2026-09-24T22:05:51.592Z,
6ab59ed2afc27ae72e1ad2f8,Lightning Roulette,29,Preto,Impar,2026-09-24 19:06:08,2026-09-24T22:05:16.351Z,2026-09-24T22:06:08.276Z,15x200 3x300 9x100
6ab59ee2afc27ae72e1ad2fc,Gold Vault Roulette,17,Preto,Impar,2026-09-24 19:06:25,2026-09-24T22:05:38.926Z,2026-09-24T22:06:25.906Z,1x100 3x50 4x50 8x50 14x150 15x50 19x50 31x50
6ab59ee9afc27ae72e1ad2fe,Auto Roulette,19,Vermelho,Impar,2026-09-24 19:06:33,2026-09-24T22:05:54.674Z,2026-09-24T22:06:33.107Z,
6ab59eebafc27ae72e1ad300,XXXtreme Lightning Roulette,13,Preto,Impar,2026-09-24 19:06:35,2026-09-24T22:05:51.289Z,2026-09-24T22:06:35.701Z,2x100 35x100
6ab59ef1afc27ae72e1ad301,Immersive Roulette,23,Vermelho,Impar,2026-09-24 19:06:41,2026-09-24T22:05:48.933Z,2026-09-24T22:06:41.532Z,
6ab59effafc27ae72e1ad302,Lightning Roulette,28,Preto,Par,2026-09-24 19:06:55,2026-09-24T22:06:11.386Z,2026-09-24T22:06:55.296Z,13x50 21x100
6ab59f12afc27ae72e1ad306,Gold Vault Roulette,7,Vermelho,Impar,2026-09-24 19:07:14,2026-09-24T22:06:29.054Z,2026-09-24T22:07:14.035Z,1x50 2x100 5x50 6x50 8x50 14x50 18x50 25x100 29x50
6ab59f13afc27ae72e1ad307,Auto Roulette,25,Vermelho,Impar,2026-09-24 19:07:15,2026-09-24T22:06:36.257Z,2026-09-24T22:07:15.620Z,
6ab59f22afc27ae72e1ad309,XXXtreme Lightning Roulette,8,Preto,Par,2026-09-24 19:07:30,2026-09-24T22:06:38.795Z,2026-09-24T22:07:30.228Z,3x500 6x500 9x100 25x200 30x100 31x50 32x700 34x100
6ab59f28afc27ae72e1ad30b,Immersive Roulette,14,Vermelho,Par,2026-09-24 19:07:36,2026-09-24T22:06:44.630Z,2026-09-24T22:07:36.061Z,
6ab59f2fafc27ae72e1ad30d,Lightning Roulette,28,Preto,Par,2026-09-24 19:07:43,2026-09-24T22:06:58.378Z,2026-09-24T22:07:43.290Z,10x200 33x200
6ab59f3fafc27ae72e1ad311,Auto Roulette,24,Preto,Par,2026-09-24 19:07:59,2026-09-24T22:07:18.728Z,2026-09-24T22:07:59.099Z,
6ab59f42afc27ae72e1ad313,Gold Vault Roulette,15,Preto,Impar,2026-09-24 19:08:02,2026-09-24T22:07:17.154Z,2026-09-24T22:08:02.516Z,4x50 11x50 12x50 21x50 28x50 30x100 31x50 34x100
6ab59f49d057e98a2a571795,Red Door Roulette,17,Preto,Impar,2026-09-24 19:08:07,2026-09-24T22:05:45.986Z,2026-09-24T22:08:07.365Z,8x7 32x1 17x1 20x1 15x1 9x1
6ab59f54afc27ae72e1ad315,XXXtreme Lightning Roulette,30,Vermelho,Par,2026-09-24 19:08:20,2026-09-24T22:07:33.330Z,2026-09-24T22:08:20.203Z,1x100 4x50 13x100 23x50 26x700 35x50
6ab59f60afc27ae72e1ad319,Immersive Roulette,7,Vermelho,Impar,2026-09-24 19:08:31,2026-09-24T22:07:39.124Z,2026-09-24T22:08:31.745Z,
6ab59f61afc27ae72e1ad31a,Lightning Roulette,34,Vermelho,Par,2026-09-24 19:08:33,2026-09-24T22:07:46.405Z,2026-09-24T22:08:33.306Z,7x50 16x50 32x50
6ab59f73afc27ae72e1ad31c,Gold Vault Roulette,9,Vermelho,Impar,2026-09-24 19:08:51,2026-09-24T22:08:05.608Z,2026-09-24T22:08:51.367Z,11x50 12x50 13x50 14x50 17x150 20x50 26x50 35x50
6ab59f86afc27ae72e1ad320,XXXtreme Lightning Roulette,23,Vermelho,Impar,2026-09-24 19:09:10,2026-09-24T22:08:23.299Z,2026-09-24T22:09:10.716Z,8x50 36x100
6ab59f8ad057e98a2a57179a,Red Door Roulette,33,Preto,Impar,2026-09-24 19:09:12,2026-09-24T22:08:14.583Z,2026-09-24T22:09:12.388Z,26x1 13x1 21x1 31x1 2x1 15x1 9x1
6ab59f92afc27ae72e1ad322,Immersive Roulette,28,Preto,Par,2026-09-24 19:09:21,2026-09-24T22:08:34.835Z,2026-09-24T22:09:21.826Z,
6ab59f94afc27ae72e1ad324,Lightning Roulette,8,Preto,Par,2026-09-24 19:09:24,2026-09-24T22:08:36.448Z,2026-09-24T22:09:24.290Z,18x500 29x100 36x500
6ab59fa3afc27ae72e1ad326,Gold Vault Roulette,17,Preto,Impar,2026-09-24 19:09:39,2026-09-24T22:08:54.445Z,2026-09-24T22:09:39.433Z,0x50 4x50 5x150 9x100 11x50 12x50 13x50 15x50 25x50 29x50 31x50 36x50
6ab59fbdafc27ae72e1ad32b,XXXtreme Lightning Roulette,17,Preto,Impar,2026-09-24 19:10:04,2026-09-24T22:09:13.814Z,2026-09-24T22:10:04.722Z,31x50 33x50 35x200
6ab59fc4afc27ae72e1ad32e,Lightning Roulette,15,Preto,Impar,2026-09-24 19:10:12,2026-09-24T22:09:27.391Z,2026-09-24T22:10:12.291Z,0x50 1x50 26x100
6ab59fc4afc27ae72e1ad32f,Immersive Roulette,35,Preto,Impar,2026-09-24 19:10:12,2026-09-24T22:09:24.928Z,2026-09-24T22:10:12.306Z,
6ab59fc78da3fc15ad08f19d,Red Door Roulette,28,Preto,Par,2026-09-24 19:10:14,2026-09-24T22:09:16.925Z,2026-09-24T22:10:14.900Z,18x2 23x1 35x4
6ab59fc8afc27ae72e1ad330,Auto Roulette,19,Vermelho,Impar,2026-09-24 19:10:16,2026-09-24T22:09:33.243Z,2026-09-24T22:10:16.097Z,
6ab59fd3afc27ae72e1ad333,Gold Vault Roulette,17,Preto,Impar,2026-09-24 19:10:26,2026-09-24T22:09:42.604Z,2026-09-24T22:10:26.755Z,3x50 5x50 7x50 23x50 36x50
6ab59ff0afc27ae72e1ad338,Auto Roulette,36,Vermelho,Par,2026-09-24 19:10:56,2026-09-24T22:10:19.224Z,2026-09-24T22:10:56.616Z,
6ab59ff2afc27ae72e1ad339,XXXtreme Lightning Roulette,35,Preto,Impar,2026-09-24 19:10:58,2026-09-24T22:10:07.808Z,2026-09-24T22:10:58.231Z,5x100 25x100 33x1000
6ab59ff9afc27ae72e1ad33c,Immersive Roulette,18,Vermelho,Par,2026-09-24 19:11:05,2026-09-24T22:10:15.377Z,2026-09-24T22:11:05.167Z,
6ab59ff9afc27ae72e1ad33b,Lightning Roulette,9,Vermelho,Impar,2026-09-24 19:11:05,2026-09-24T22:10:15.417Z,2026-09-24T22:11:05.296Z,8x100 31x50 35x100
6ab5a004afc27ae72e1ad33f,Gold Vault Roulette,29,Preto,Impar,2026-09-24 19:11:16,2026-09-24T22:10:29.869Z,2026-09-24T22:11:16.026Z,1x50 6x50 12x50 23x50 24x50 25x50 35x50
6ab5a01aafc27ae72e1ad342,Auto Roulette,13,Preto,Impar,2026-09-24 19:11:38,2026-09-24T22:10:59.710Z,2026-09-24T22:11:38.114Z,
6ab5a026afc27ae72e1ad345,XXXtreme Lightning Roulette,14,Vermelho,Par,2026-09-24 19:11:50,2026-09-24T22:11:01.325Z,2026-09-24T22:11:50.232Z,12x50 31x100
6ab5a02bafc27ae72e1ad346,Lightning Roulette,10,Preto,Par,2026-09-24 19:11:55,2026-09-24T22:11:08.449Z,2026-09-24T22:11:55.295Z,35x100
6ab5a02cafc27ae72e1ad347,Immersive Roulette,31,Preto,Impar,2026-09-24 19:11:56,2026-09-24T22:11:08.239Z,2026-09-24T22:11:56.438Z,
6ab5a037d057e98a2a5717a2,Red Door Roulette,32,Vermelho,Par,2026-09-24 19:12:05,2026-09-24T22:10:17.957Z,2026-09-24T22:12:05.635Z,33x1 13x1 24x1 32x1 6x1 31x1
6ab5a036afc27ae72e1ad34a,Gold Vault Roulette,30,Vermelho,Par,2026-09-24 19:12:06,2026-09-24T22:11:19.138Z,2026-09-24T22:12:06.117Z,0x50 4x100 11x50 13x50 14x50 15x100 16x100 17x50 22x50 23x500 24x50 26x50 28x50 32x50 33x50
6ab5a042afc27ae72e1ad34b,Auto Roulette,6,Preto,Par,2026-09-24 19:12:18,2026-09-24T22:11:41.222Z,2026-09-24T22:12:18.104Z,
6ab5a058afc27ae72e1ad351,XXXtreme Lightning Roulette,14,Vermelho,Par,2026-09-24 19:12:40,2026-09-24T22:11:53.321Z,2026-09-24T22:12:40.239Z,3x50 7x150 18x100
6ab5a05bafc27ae72e1ad352,Lightning Roulette,6,Preto,Par,2026-09-24 19:12:42,2026-09-24T22:11:58.408Z,2026-09-24T22:12:42.781Z,4x100 11x500 17x200
6ab5a063afc27ae72e1ad353,Immersive Roulette,5,Vermelho,Impar,2026-09-24 19:12:51,2026-09-24T22:11:59.543Z,2026-09-24T22:12:51.728Z,
6ab5a068afc27ae72e1ad354,Gold Vault Roulette,22,Preto,Par,2026-09-24 19:12:56,2026-09-24T22:12:09.225Z,2026-09-24T22:12:56.622Z,15x50 18x50 27x50 32x100 35x150
6ab5a06cafc27ae72e1ad355,Auto Roulette,7,Vermelho,Impar,2026-09-24 19:13:00,2026-09-24T22:12:21.203Z,2026-09-24T22:13:00.103Z,
6ab5a0748da3fc15ad08f1a5,Red Door Roulette,31,Preto,Impar,2026-09-24 19:13:07,2026-09-24T22:12:12.867Z,2026-09-24T22:13:07.902Z,2x1 3x1 6x1 9x5 10x2 11x1 16x1 19x1 23x1 27x1 32x1
6ab5a08cafc27ae72e1ad35c,Lightning Roulette,8,Preto,Par,2026-09-24 19:13:31,2026-09-24T22:12:45.908Z,2026-09-24T22:13:31.788Z,5x300 19x50 23x100
6ab5a08dafc27ae72e1ad35d,XXXtreme Lightning Roulette,12,Vermelho,Par,2026-09-24 19:13:33,2026-09-24T22:12:43.333Z,2026-09-24T22:13:33.249Z,9x50 11x100 19x100
6ab5a0928da3fc15ad08f1a7,Fireball Roulette,25,Vermelho,Impar,2026-09-24 19:13:36,2026-09-24T22:12:54.406Z,2026-09-24T22:13:36.869Z,1x1 12x1 22x1 34x1 35x1
6ab5a098afc27ae72e1ad35f,Gold Vault Roulette,3,Vermelho,Impar,2026-09-24 19:13:44,2026-09-24T22:12:59.722Z,2026-09-24T22:13:44.286Z,1x50 3x50 4x50 5x100 8x50 11x50 13x50 16x50 20x100 21x100 23x50 24x50 26x500 32x100 35x50
6ab5a09aafc27ae72e1ad360,Immersive Roulette,1,Vermelho,Impar,2026-09-24 19:13:45,2026-09-24T22:12:54.812Z,2026-09-24T22:13:45.800Z,
6ab5a09aafc27ae72e1ad361,Auto Roulette,10,Preto,Par,2026-09-24 19:13:46,2026-09-24T22:13:03.208Z,2026-09-24T22:13:46.105Z,
6ab5a0ae8da3fc15ad08f1a9,Red Door Roulette,36,Vermelho,Par,2026-09-24 19:14:05,2026-09-24T22:13:11.006Z,2026-09-24T22:14:05.914Z,5x10 7x1 8x1 32x1
6ab5a0bcafc27ae72e1ad365,Lightning Roulette,20,Preto,Par,2026-09-24 19:14:18,2026-09-24T22:13:34.894Z,2026-09-24T22:14:18.780Z,15x200 22x50 33x50
6ab5a0beafc27ae72e1ad367,XXXtreme Lightning Roulette,18,Vermelho,Par,2026-09-24 19:14:22,2026-09-24T22:13:36.331Z,2026-09-24T22:14:22.250Z,5x100 7x150 9x100 16x100 19x100 28x50 31x50 34x100
6ab5a0c28da3fc15ad08f1aa,Fireball Roulette,29,Preto,Impar,2026-09-24 19:14:25,2026-09-24T22:13:41.930Z,2026-09-24T22:14:25.403Z,11x1 12x1 31x1 36x1
6ab5a0c8afc27ae72e1ad369,Auto Roulette,12,Vermelho,Par,2026-09-24 19:14:32,2026-09-24T22:13:49.208Z,2026-09-24T22:14:32.102Z,
6ab5a0c9afc27ae72e1ad36a,Gold Vault Roulette,8,Preto,Par,2026-09-24 19:14:33,2026-09-24T22:13:47.389Z,2026-09-24T22:14:33.570Z,7x50 9x50 10x50 14x50 27x50 33x50
6ab5a0e68da3fc15ad08f1ac,Red Door Roulette,19,Vermelho,Impar,2026-09-24 19:15:01,2026-09-24T22:14:09.024Z,2026-09-24T22:15:01.913Z,3x1 8x3 9x1 23x1 25x1 26x1 27x1 28x2 29x1 30x1 35x1
6ab5a0edafc27ae72e1ad36f,Lightning Roulette,34,Vermelho,Par,2026-09-24 19:15:07,2026-09-24T22:14:21.868Z,2026-09-24T22:15:07.288Z,17x100 25x50 31x50
6ab5a0f38da3fc15ad08f1ae,Fireball Roulette,24,Preto,Par,2026-09-24 19:15:13,2026-09-24T22:14:30.420Z,2026-09-24T22:15:13.881Z,1x1 5x1 7x1 10x1 19x1 32x1
6ab5a0f2afc27ae72e1ad371,Auto Roulette,2,Preto,Par,2026-09-24 19:15:14,2026-09-24T22:14:35.183Z,2026-09-24T22:15:14.587Z,
6ab5a0f3afc27ae72e1ad372,XXXtreme Lightning Roulette,15,Preto,Impar,2026-09-24 19:15:15,2026-09-24T22:14:25.336Z,2026-09-24T22:15:15.244Z,18x100 22x50 24x700 30x50 31x100 34x100 35x50 36x100
6ab5a0f4afc27ae72e1ad373,Gold Vault Roulette,4,Preto,Par,2026-09-24 19:15:16,2026-09-24T22:14:36.695Z,2026-09-24T22:15:16.822Z,1x50 14x50 17x50 19x50 20x50 24x50 25x100 26x100 27x100
6ab5a11aafc27ae72e1ad379,Lightning Roulette,24,Preto,Par,2026-09-24 19:15:53,2026-09-24T22:15:10.412Z,2026-09-24T22:15:53.783Z,5x100 29x150 36x100
6ab5a11fafc27ae72e1ad37a,Auto Roulette,30,Vermelho,Par,2026-09-24 19:15:58,2026-09-24T22:15:17.688Z,2026-09-24T22:15:58.599Z,
6ab5a1218da3fc15ad08f1b0,Fireball Roulette,19,Vermelho,Impar,2026-09-24 19:15:59,2026-09-24T22:15:18.926Z,2026-09-24T22:15:59.382Z,8x1 15x1 28x3 30x1 36x1
6ab5a128afc27ae72e1ad37d,XXXtreme Lightning Roulette,17,Preto,Impar,2026-09-24 19:16:07,2026-09-24T22:15:18.337Z,2026-09-24T22:16:07.758Z,5x2000 8x100 10x50 16x100 17x100 30x200
6ab5a129afc27ae72e1ad37e,Gold Vault Roulette,25,Vermelho,Impar,2026-09-24 19:16:08,2026-09-24T22:15:19.945Z,2026-09-24T22:16:08.941Z,4x50 10x50 14x50 17x50 25x50 28x50 33x50 35x50
6ab5a137afc27ae72e1ad380,Immersive Roulette,0,Verde,None,2026-09-24 19:16:22,2026-09-24T22:15:35.026Z,2026-09-24T22:16:22.798Z,
6ab5a14cafc27ae72e1ad384,Lightning Roulette,3,Vermelho,Impar,2026-09-24 19:16:44,2026-09-24T22:15:56.883Z,2026-09-24T22:16:44.291Z,7x250 16x100 28x500
6ab5a151afc27ae72e1ad386,Auto Roulette,19,Vermelho,Impar,2026-09-24 19:16:49,2026-09-24T22:16:01.688Z,2026-09-24T22:16:49.113Z,
6ab5a1548da3fc15ad08f1b3,Fireball Roulette,13,Preto,Impar,2026-09-24 19:16:50,2026-09-24T22:16:04.426Z,2026-09-24T22:16:50.385Z,3x1 11x1 36x1
6ab5a159afc27ae72e1ad388,Gold Vault Roulette,15,Preto,Impar,2026-09-24 19:16:56,2026-09-24T22:16:12.030Z,2026-09-24T22:16:56.224Z,13x100 5x50 36x100 17x50 29x50 3x50
6ab5a15eafc27ae72e1ad389,XXXtreme Lightning Roulette,5,Vermelho,Impar,2026-09-24 19:17:02,2026-09-24T22:16:10.860Z,2026-09-24T22:17:02.760Z,22x150 32x100 34x100
6ab5a16cafc27ae72e1ad38b,Immersive Roulette,28,Preto,Par,2026-09-24 19:17:16,2026-09-24T22:16:25.876Z,2026-09-24T22:17:16.097Z,
6ab5a17cafc27ae72e1ad38e,Lightning Roulette,23,Vermelho,Impar,2026-09-24 19:17:32,2026-09-24T22:16:47.416Z,2026-09-24T22:17:32.297Z,2x100 6x100 14x100
6ab5a17dafc27ae72e1ad38f,Auto Roulette,20,Preto,Par,2026-09-24 19:17:33,2026-09-24T22:16:52.224Z,2026-09-24T22:17:33.097Z,
6ab5a189d057e98a2a5717b2,Red Door Roulette,19,Vermelho,Impar,2026-09-24 19:17:43,2026-09-24T22:15:05.006Z,2026-09-24T22:17:43.751Z,33x1 24x1 19x3 23x1 17x1 25x1
6ab5a18aafc27ae72e1ad392,Gold Vault Roulette,15,Preto,Impar,2026-09-24 19:17:46,2026-09-24T22:16:59.365Z,2026-09-24T22:17:46.676Z,3x150 17x50 18x150 20x100 27x100 29x50
6ab5a191afc27ae72e1ad393,XXXtreme Lightning Roulette,26,Preto,Par,2026-09-24 19:17:52,2026-09-24T22:17:05.852Z,2026-09-24T22:17:52.769Z,6x50 30x300 33x50
6ab5a1a2afc27ae72e1ad396,Immersive Roulette,22,Preto,Par,2026-09-24 19:18:09,2026-09-24T22:17:19.191Z,2026-09-24T22:18:09.782Z,
6ab5a1a7afc27ae72e1ad397,Lightning Roulette,19,Vermelho,Impar,2026-09-24 19:18:15,2026-09-24T22:17:35.419Z,2026-09-24T22:18:15.798Z,31x50
6ab5a1ab8da3fc15ad08f1b6,Fireball Roulette,33,Preto,Impar,2026-09-24 19:18:17,2026-09-24T22:16:55.444Z,2026-09-24T22:18:17.455Z,1x1 7x1 8x1 14x1 23x1 33x1
6ab5a1acafc27ae72e1ad398,Auto Roulette,12,Vermelho,Par,2026-09-24 19:18:20,2026-09-24T22:17:36.227Z,2026-09-24T22:18:20.599Z,
6ab5a1baafc27ae72e1ad39c,Gold Vault Roulette,29,Preto,Impar,2026-09-24 19:18:34,2026-09-24T22:17:49.750Z,2026-09-24T22:18:34.329Z,1x50 4x150 7x50 10x50 15x50 16x50 25x50 26x50 33x100 35x100
6ab5a1c4afc27ae72e1ad39f,XXXtreme Lightning Roulette,3,Vermelho,Impar,2026-09-24 19:18:44,2026-09-24T22:17:55.852Z,2026-09-24T22:18:44.277Z,0x200 5x300 10x100 19x1500
6ab5a1d6afc27ae72e1ad3a3,Auto Roulette,26,Preto,Par,2026-09-24 19:19:02,2026-09-24T22:18:23.712Z,2026-09-24T22:19:02.590Z,
6ab5a1d8afc27ae72e1ad3a4,Immersive Roulette,35,Preto,Impar,2026-09-24 19:19:04,2026-09-24T22:18:12.874Z,2026-09-24T22:19:04.671Z,
6ab5a1dc8da3fc15ad08f1b9,Fireball Roulette,11,Preto,Impar,2026-09-24 19:19:06,2026-09-24T22:18:22.509Z,2026-09-24T22:19:06.896Z,0x1 8x1 10x1 36x1
6ab5a1ddafc27ae72e1ad3a6,Lightning Roulette,33,Preto,Impar,2026-09-24 19:19:08,2026-09-24T22:18:18.880Z,2026-09-24T22:19:08.795Z,12x50 34x50
6ab5a1edafc27ae72e1ad3a9,Gold Vault Roulette,14,Vermelho,Par,2026-09-24 19:19:25,2026-09-24T22:18:37.434Z,2026-09-24T22:19:25.583Z,3x50 5x500 14x50 17x50 26x50 31x50 33x50
6ab5a1faafc27ae72e1ad3ac,XXXtreme Lightning Roulette,35,Preto,Impar,2026-09-24 19:19:38,2026-09-24T22:18:47.373Z,2026-09-24T22:19:38.771Z,15x500 32x100
6ab5a1fdd057e98a2a5717b8,Red Door Roulette,22,Preto,Par,2026-09-24 19:19:38,2026-09-24T22:17:51.972Z,2026-09-24T22:19:38.907Z,8x1 33x1 22x1 13x1 6x1 7x1
6ab5a201afc27ae72e1ad3ad,Auto Roulette,16,Vermelho,Par,2026-09-24 19:19:45,2026-09-24T22:19:05.693Z,2026-09-24T22:19:45.591Z,
6ab5a2098da3fc15ad08f1bb,Fireball Roulette,7,Vermelho,Impar,2026-09-24 19:19:51,2026-09-24T22:19:11.949Z,2026-09-24T22:19:51.909Z,14x1 21x3 23x1 33x1 35x1
6ab5a20dafc27ae72e1ad3b1,Lightning Roulette,18,Vermelho,Par,2026-09-24 19:19:56,2026-09-24T22:19:11.907Z,2026-09-24T22:19:56.786Z,9x200 28x50
6ab5a20eafc27ae72e1ad3b2,Immersive Roulette,23,Vermelho,Impar,2026-09-24 19:19:58,2026-09-24T22:19:07.753Z,2026-09-24T22:19:58.352Z,
6ab5a21aafc27ae72e1ad3b5,Gold Vault Roulette,3,Vermelho,Impar,2026-09-24 19:20:10,2026-09-24T22:19:28.684Z,2026-09-24T22:20:10.513Z,1x50 4x50 6x50 7x50 10x50 15x50 16x50 17x50 21x50 24x100 27x50 29x50 30x100 31x500 36x50
6ab5a229afc27ae72e1ad3b8,Auto Roulette,26,Preto,Par,2026-09-24 19:20:25,2026-09-24T22:19:48.698Z,2026-09-24T22:20:25.100Z,
6ab5a22cafc27ae72e1ad3b9,XXXtreme Lightning Roulette,19,Vermelho,Impar,2026-09-24 19:20:28,2026-09-24T22:19:41.858Z,2026-09-24T22:20:28.285Z,7x100 8x100 10x50 29x100
6ab5a238afc27ae72e1ad3bd,Lightning Roulette,18,Vermelho,Par,2026-09-24 19:20:40,2026-09-24T22:19:59.915Z,2026-09-24T22:20:40.295Z,1x50 8x50 33x200
6ab5a23c8da3fc15ad08f1be,Red Door Roulette,9,Vermelho,Impar,2026-09-24 19:20:43,2026-09-24T22:19:46.122Z,2026-09-24T22:20:43.903Z,1x1 3x1 6x1 7x1 8x1 12x1 13x1 18x1 20x1 21x1 22x4 23x1 32x1 35x1 36x1
6ab5a241afc27ae72e1ad3bf,Immersive Roulette,26,Preto,Par,2026-09-24 19:20:49,2026-09-24T22:20:01.432Z,2026-09-24T22:20:49.602Z,
6ab5a24bafc27ae72e1ad3c2,Gold Vault Roulette,21,Vermelho,Impar,2026-09-24 19:20:58,2026-09-24T22:20:13.659Z,2026-09-24T22:20:58.955Z,5x50 6x50 12x50 16x50 21x50 23x500 27x50
6ab5a254afc27ae72e1ad3c3,Auto Roulette,18,Vermelho,Par,2026-09-24 19:21:08,2026-09-24T22:20:28.242Z,2026-09-24T22:21:08.594Z,
6ab5a25fafc27ae72e1ad3c7,XXXtreme Lightning Roulette,28,Preto,Par,2026-09-24 19:21:18,2026-09-24T22:20:31.366Z,2026-09-24T22:21:18.790Z,2x50 18x100 26x100
6ab5a26aafc27ae72e1ad3c9,Lightning Roulette,10,Preto,Par,2026-09-24 19:21:29,2026-09-24T22:20:43.416Z,2026-09-24T22:21:29.827Z,3x50 25x50 28x50
6ab5a2728da3fc15ad08f1bf,Fireball Roulette,14,Vermelho,Par,2026-09-24 19:21:37,2026-09-24T22:19:56.984Z,2026-09-24T22:21:37.260Z,2x1 11x1 12x1 13x1 14x1 19x1
6ab5a275afc27ae72e1ad3cd,Immersive Roulette,10,Preto,Par,2026-09-24 19:21:41,2026-09-24T22:20:52.682Z,2026-09-24T22:21:41.305Z,
6ab5a279afc27ae72e1ad3ce,Gold Vault Roulette,7,Vermelho,Impar,2026-09-24 19:21:45,2026-09-24T22:21:02.073Z,2026-09-24T22:21:45.022Z,7x50 8x50 9x50 15x100 20x50 29x50 30x50 32x50
6ab5a27cafc27ae72e1ad3cf,Auto Roulette,34,Vermelho,Par,2026-09-24 19:21:48,2026-09-24T22:21:11.699Z,2026-09-24T22:21:48.601Z,
6ab5a291afc27ae72e1ad3d2,XXXtreme Lightning Roulette,34,Vermelho,Par,2026-09-24 19:22:09,2026-09-24T22:21:21.874Z,2026-09-24T22:22:09.795Z,10x50 18x100 23x100 30x100
6ab5a29cafc27ae72e1ad3d5,Lightning Roulette,27,Vermelho,Impar,2026-09-24 19:22:19,2026-09-24T22:21:32.985Z,2026-09-24T22:22:19.786Z,3x50 18x100 21x100
6ab5a2a38da3fc15ad08f1c1,Fireball Roulette,23,Vermelho,Impar,2026-09-24 19:22:25,2026-09-24T22:21:42.297Z,2026-09-24T22:22:25.919Z,9x5 19x1 22x2 36x4
6ab5a2a4afc27ae72e1ad3d7,Immersive Roulette,3,Vermelho,Impar,2026-09-24 19:22:28,2026-09-24T22:21:44.374Z,2026-09-24T22:22:28.188Z,
6ab5a2a5afc27ae72e1ad3d8,Gold Vault Roulette,36,Vermelho,Par,2026-09-24 19:22:29,2026-09-24T22:21:48.136Z,2026-09-24T22:22:29.516Z,8x150 15x50 19x100 20x500 22x50 28x50
6ab5a2a6afc27ae72e1ad3d9,Auto Roulette,21,Vermelho,Impar,2026-09-24 19:22:30,2026-09-24T22:21:51.691Z,2026-09-24T22:22:30.585Z,
6ab5a2b1d057e98a2a5717c1,Red Door Roulette,14,Vermelho,Par,2026-09-24 19:22:39,2026-09-24T22:20:46.993Z,2026-09-24T22:22:39.594Z,8x1 19x1 33x1 26x1 32x1 6x1 3x1 28x1 35x2 16x1 17x1 14x1 0x1 27x1
6ab5a2c5afc27ae72e1ad3e0,XXXtreme Lightning Roulette,14,Vermelho,Par,2026-09-24 19:23:01,2026-09-24T22:22:12.879Z,2026-09-24T22:23:01.297Z,12x100
6ab5a2caafc27ae72e1ad3e1,Lightning Roulette,7,Vermelho,Impar,2026-09-24 19:23:06,2026-09-24T22:22:22.867Z,2026-09-24T22:23:06.293Z,4x50 19x100
6ab5a2cfafc27ae72e1ad3e2,Auto Roulette,4,Preto,Par,2026-09-24 19:23:11,2026-09-24T22:22:33.702Z,2026-09-24T22:23:11.099Z,
6ab5a2d28da3fc15ad08f1c3,Fireball Roulette,24,Preto,Par,2026-09-24 19:23:12,2026-09-24T22:22:30.958Z,2026-09-24T22:23:12.919Z,6x1 11x1 26x1 34x1
6ab5a2dbafc27ae72e1ad3e6,Immersive Roulette,22,Preto,Par,2026-09-24 19:23:23,2026-09-24T22:22:31.294Z,2026-09-24T22:23:23.495Z,
6ab5a2dcafc27ae72e1ad3e7,Gold Vault Roulette,6,Preto,Par,2026-09-24 19:23:24,2026-09-24T22:22:32.633Z,2026-09-24T22:23:24.414Z,2x50 3x100 5x50 8x50 13x50 16x50 17x150 20x100 26x100 34x50 36x50
6ab5a2f28da3fc15ad08f1c5,Red Door Roulette,4,Preto,Par,2026-09-24 19:23:45,2026-09-24T22:22:46.817Z,2026-09-24T22:23:45.913Z,18x1 26x1 29x1 33x2 35x1
6ab5a2f8afc27ae72e1ad3ec,Auto Roulette,2,Preto,Par,2026-09-24 19:23:52,2026-09-24T22:23:14.209Z,2026-09-24T22:23:52.593Z,
6ab5a2f9afc27ae72e1ad3ee,XXXtreme Lightning Roulette,21,Vermelho,Impar,2026-09-24 19:23:53,2026-09-24T22:23:04.397Z,2026-09-24T22:23:53.295Z,17x100 19x100 26x50 28x50
6ab5a2f9afc27ae72e1ad3ed,Lightning Roulette,6,Preto,Par,2026-09-24 19:23:53,2026-09-24T22:23:09.409Z,2026-09-24T22:23:53.299Z,18x200 19x50 22x50
6ab5a3058da3fc15ad08f1c7,Fireball Roulette,10,Preto,Par,2026-09-24 19:24:03,2026-09-24T22:23:17.967Z,2026-09-24T22:24:03.929Z,19x1 26x1 33x1
6ab5a310afc27ae72e1ad3f2,Gold Vault Roulette,23,Vermelho,Impar,2026-09-24 19:24:15,2026-09-24T22:23:27.617Z,2026-09-24T22:24:15.367Z,11x100 32x100 1x50 31x50 27x50 2x100 28x150
6ab5a310afc27ae72e1ad3f3,Immersive Roulette,25,Vermelho,Impar,2026-09-24 19:24:16,2026-09-24T22:23:26.592Z,2026-09-24T22:24:16.368Z,
6ab5a322afc27ae72e1ad3f7,Auto Roulette,16,Vermelho,Par,2026-09-24 19:24:34,2026-09-24T22:23:55.677Z,2026-09-24T22:24:34.093Z,
6ab5a32aafc27ae72e1ad3fa,Lightning Roulette,36,Vermelho,Par,2026-09-24 19:24:41,2026-09-24T22:23:56.443Z,2026-09-24T22:24:41.811Z,14x200 15x100
6ab5a32bafc27ae72e1ad3fb,XXXtreme Lightning Roulette,12,Vermelho,Par,2026-09-24 19:24:43,2026-09-24T22:23:56.392Z,2026-09-24T22:24:43.304Z,1x1000 9x50 23x100 28x50 35x100
6ab5a3368da3fc15ad08f1c9,Fireball Roulette,23,Vermelho,Impar,2026-09-24 19:24:52,2026-09-24T22:24:08.975Z,2026-09-24T22:24:52.433Z,0x1 17x1 21x2 32x1 35x1
6ab5a342afc27ae72e1ad400,Gold Vault Roulette,31,Preto,Impar,2026-09-24 19:25:06,2026-09-24T22:24:18.456Z,2026-09-24T22:25:06.655Z,5x50 10x50 13x50 14x150 20x50 24x50 26x50 34x50 36x50
6ab5a349afc27ae72e1ad402,Immersive Roulette,20,Preto,Par,2026-09-24 19:25:13,2026-09-24T22:24:19.471Z,2026-09-24T22:25:13.240Z,
6ab5a34eafc27ae72e1ad403,Auto Roulette,36,Vermelho,Par,2026-09-24 19:25:18,2026-09-24T22:24:37.174Z,2026-09-24T22:25:18.085Z,
6ab5a355afc27ae72e1ad404,Lightning Roulette,28,Preto,Par,2026-09-24 19:25:25,2026-09-24T22:24:44.935Z,2026-09-24T22:25:25.791Z,13x100 20x100 24x100
6ab5a35fafc27ae72e1ad407,XXXtreme Lightning Roulette,18,Vermelho,Par,2026-09-24 19:25:34,2026-09-24T22:24:46.394Z,2026-09-24T22:25:34.809Z,8x100 18x50 20x500 23x600 29x600 31x50 32x50 33x700 35x100
6ab5a3688da3fc15ad08f1cb,Fireball Roulette,34,Vermelho,Par,2026-09-24 19:25:42,2026-09-24T22:24:57.479Z,2026-09-24T22:25:42.435Z,5x1 26x1 32x1
6ab5a376afc27ae72e1ad40a,Auto Roulette,35,Preto,Impar,2026-09-24 19:25:58,2026-09-24T22:25:21.196Z,2026-09-24T22:25:58.093Z,
6ab5a376afc27ae72e1ad40b,Gold Vault Roulette,36,Vermelho,Par,2026-09-24 19:25:58,2026-09-24T22:25:09.743Z,2026-09-24T22:25:58.308Z,0x50 16x100 22x50 27x50 36x50
6ab5a37fafc27ae72e1ad40c,Immersive Roulette,15,Preto,Impar,2026-09-24 19:26:07,2026-09-24T22:25:16.289Z,2026-09-24T22:26:07.292Z,
6ab5a389afc27ae72e1ad40f,Lightning Roulette,30,Vermelho,Par,2026-09-24 19:26:16,2026-09-24T22:25:28.875Z,2026-09-24T22:26:16.807Z,1x100 9x100 27x100
6ab5a3968da3fc15ad08f1ce,Fireball Roulette,6,Preto,Par,2026-09-24 19:26:28,2026-09-24T22:25:47.486Z,2026-09-24T22:26:28.939Z,23x1 25x1 28x1 32x1
6ab5a398afc27ae72e1ad411,XXXtreme Lightning Roulette,25,Vermelho,Impar,2026-09-24 19:26:31,2026-09-24T22:25:37.895Z,2026-09-24T22:26:31.817Z,8x100 35x150
6ab5a3a5afc27ae72e1ad414,Auto Roulette,27,Vermelho,Impar,2026-09-24 19:26:45,2026-09-24T22:26:01.217Z,2026-09-24T22:26:45.090Z,
6ab5a3a8d057e98a2a5717cd,Red Door Roulette,33,Preto,Impar,2026-09-24 19:26:46,2026-09-24T22:23:48.981Z,2026-09-24T22:26:46.942Z,15x1 33x1 5x1 32x1 14x1 0x1 28x1
6ab5a3aaafc27ae72e1ad415,Gold Vault Roulette,26,Preto,Par,2026-09-24 19:26:50,2026-09-24T22:26:01.398Z,2026-09-24T22:26:50.004Z,0x50 3x50 9x50 12x50 13x100 22x50 26x50 31x50
6ab5a3b4afc27ae72e1ad418,Immersive Roulette,14,Vermelho,Par,2026-09-24 19:27:00,2026-09-24T22:26:10.363Z,2026-09-24T22:27:00.554Z,
6ab5a3b9afc27ae72e1ad419,Lightning Roulette,32,Vermelho,Par,2026-09-24 19:27:04,2026-09-24T22:26:19.890Z,2026-09-24T22:27:04.810Z,18x500
6ab5a3c98da3fc15ad08f1d0,Fireball Roulette,32,Vermelho,Par,2026-09-24 19:27:19,2026-09-24T22:26:34.003Z,2026-09-24T22:27:19.962Z,4x1 18x1 23x1 36x1
6ab5a3cbafc27ae72e1ad41d,XXXtreme Lightning Roulette,22,Preto,Par,2026-09-24 19:27:23,2026-09-24T22:26:34.910Z,2026-09-24T22:27:23.319Z,2x50 9x100 12x100 16x100 17x100 35x500
6ab5a3d1afc27ae72e1ad41e,Auto Roulette,1,Vermelho,Impar,2026-09-24 19:27:29,2026-09-24T22:26:48.167Z,2026-09-24T22:27:29.103Z,
6ab5a3e0afc27ae72e1ad421,Gold Vault Roulette,2,Preto,Par,2026-09-24 19:27:44,2026-09-24T22:26:53.251Z,2026-09-24T22:27:44.208Z,4x50 5x50 10x50 11x50 19x150 21x50 22x50 27x50 31x100 35x50
6ab5a3e7afc27ae72e1ad422,Immersive Roulette,1,Vermelho,Impar,2026-09-24 19:27:51,2026-09-24T22:27:03.652Z,2026-09-24T22:27:51.437Z,
6ab5a3e88da3fc15ad08f1d2,Red Door Roulette,35,Preto,Impar,2026-09-24 19:27:52,2026-09-24T22:26:54.140Z,2026-09-24T22:27:52.423Z,5x1 9x1 10x1 13x1 16x20 18x1 32x1
6ab5a3f5afc27ae72e1ad426,Lightning Roulette,32,Vermelho,Par,2026-09-24 19:28:05,2026-09-24T22:27:07.903Z,2026-09-24T22:28:05.312Z,19x100 34x350
6ab5a3f78da3fc15ad08f1d4,Fireball Roulette,29,Preto,Impar,2026-09-24 19:28:05,2026-09-24T22:27:24.999Z,2026-09-24T22:28:05.463Z,10x1 13x1 14x1 17x1 30x1
6ab5a3fdafc27ae72e1ad427,Auto Roulette,3,Vermelho,Impar,2026-09-24 19:28:13,2026-09-24T22:27:32.188Z,2026-09-24T22:28:13.095Z,
6ab5a3feafc27ae72e1ad428,XXXtreme Lightning Roulette,4,Preto,Par,2026-09-24 19:28:14,2026-09-24T22:27:26.415Z,2026-09-24T22:28:14.325Z,3x50 8x100 26x50 35x300
6ab5a415afc27ae72e1ad42b,Gold Vault Roulette,7,Vermelho,Impar,2026-09-24 19:28:37,2026-09-24T22:27:47.358Z,2026-09-24T22:28:37.102Z,2x50 5x150 10x100 14x50 18x50 20x50 21x100 24x100 26x100 36x50
6ab5a41bafc27ae72e1ad42d,Immersive Roulette,36,Vermelho,Par,2026-09-24 19:28:43,2026-09-24T22:27:54.513Z,2026-09-24T22:28:43.524Z,
6ab5a41e8da3fc15ad08f1d6,Red Door Roulette,9,Vermelho,Impar,2026-09-24 19:28:46,2026-09-24T22:27:55.571Z,2026-09-24T22:28:46.415Z,5x1 13x2 18x1 21x1 29x1 36x1
6ab5a424afc27ae72e1ad42e,Auto Roulette,27,Vermelho,Impar,2026-09-24 19:28:52,2026-09-24T22:28:16.190Z,2026-09-24T22:28:52.085Z,
6ab5a426afc27ae72e1ad42f,Lightning Roulette,14,Vermelho,Par,2026-09-24 19:28:54,2026-09-24T22:28:08.414Z,2026-09-24T22:28:54.302Z,4x50 26x100 33x100
6ab5a4288da3fc15ad08f1d7,Fireball Roulette,29,Preto,Impar,2026-09-24 19:28:54,2026-09-24T22:28:10.497Z,2026-09-24T22:28:54.466Z,7x1 9x1 24x3
6ab5a430afc27ae72e1ad431,XXXtreme Lightning Roulette,17,Preto,Impar,2026-09-24 19:29:03,2026-09-24T22:28:17.405Z,2026-09-24T22:29:03.832Z,1x100 18x200 22x100 33x300 34x100 36x100
6ab5a44aafc27ae72e1ad436,Gold Vault Roulette,14,Vermelho,Par,2026-09-24 19:29:30,2026-09-24T22:28:40.191Z,2026-09-24T22:29:30.789Z,4x50 14x50 26x50 34x50 35x50
6ab5a44dafc27ae72e1ad437,Immersive Roulette,14,Vermelho,Par,2026-09-24 19:29:32,2026-09-24T22:28:46.621Z,2026-09-24T22:29:32.795Z,
6ab5a451afc27ae72e1ad439,Auto Roulette,12,Vermelho,Par,2026-09-24 19:29:37,2026-09-24T22:28:55.215Z,2026-09-24T22:29:37.589Z,
6ab5a4568da3fc15ad08f1da,Red Door Roulette,32,Vermelho,Par,2026-09-24 19:29:42,2026-09-24T22:28:49.531Z,2026-09-24T22:29:42.414Z,1x1 4x1 6x1 7x1 15x1 20x1 22x1 26x1 30x1 36x1
6ab5a4588da3fc15ad08f1db,Fireball Roulette,8,Preto,Par,2026-09-24 19:29:42,2026-09-24T22:28:59.512Z,2026-09-24T22:29:42.458Z,3x3 15x7 20x1 26x1
6ab5a457afc27ae72e1ad43a,Lightning Roulette,35,Preto,Impar,2026-09-24 19:29:43,2026-09-24T22:28:57.458Z,2026-09-24T22:29:43.294Z,10x150 13x200 27x250
6ab5a462afc27ae72e1ad43c,XXXtreme Lightning Roulette,11,Preto,Impar,2026-09-24 19:29:53,2026-09-24T22:29:06.920Z,2026-09-24T22:29:53.830Z,8x100 19x100 22x50 25x500 27x100 36x100
6ab5a47cafc27ae72e1ad441,Auto Roulette,29,Preto,Impar,2026-09-24 19:30:20,2026-09-24T22:29:40.732Z,2026-09-24T22:30:20.089Z,
6ab5a47fafc27ae72e1ad442,Gold Vault Roulette,8,Preto,Par,2026-09-24 19:30:22,2026-09-24T22:29:33.935Z,2026-09-24T22:30:22.887Z,19x50 13x50 36x100 28x150 11x50 9x50 17x50 25x50
6ab5a483afc27ae72e1ad443,Immersive Roulette,22,Preto,Par,2026-09-24 19:30:27,2026-09-24T22:29:35.885Z,2026-09-24T22:30:27.294Z,
6ab5a484afc27ae72e1ad444,Lightning Roulette,25,Vermelho,Impar,2026-09-24 19:30:28,2026-09-24T22:29:46.397Z,2026-09-24T22:30:28.798Z,2x100 33x100
6ab5a48b8da3fc15ad08f1dd,Fireball Roulette,29,Preto,Impar,2026-09-24 19:30:33,2026-09-24T22:29:47.522Z,2026-09-24T22:30:33.523Z,1x1 5x1 28x1 34x1
6ab5a496afc27ae72e1ad449,XXXtreme Lightning Roulette,21,Vermelho,Impar,2026-09-24 19:30:46,2026-09-24T22:29:56.923Z,2026-09-24T22:30:46.343Z,1x50 35x50
6ab5a4a8afc27ae72e1ad44c,Auto Roulette,8,Preto,Par,2026-09-24 19:31:04,2026-09-24T22:30:23.169Z,2026-09-24T22:31:04.089Z,
6ab5a4b6afc27ae72e1ad450,Gold Vault Roulette,20,Preto,Par,2026-09-24 19:31:17,2026-09-24T22:30:26.019Z,2026-09-24T22:31:17.789Z,34x100 22x50 13x150 21x100 2x50 6x100 1x100
6ab5a4b5afc27ae72e1ad44f,Lightning Roulette,18,Vermelho,Par,2026-09-24 19:31:17,2026-09-24T22:30:31.882Z,2026-09-24T22:31:17.811Z,7x100 22x100 23x50 33x100
6ab5a4b7afc27ae72e1ad451,Immersive Roulette,0,Verde,None,2026-09-24 19:31:18,2026-09-24T22:30:30.405Z,2026-09-24T22:31:18.967Z,
6ab5a4bd8da3fc15ad08f1df,Fireball Roulette,32,Vermelho,Par,2026-09-24 19:31:23,2026-09-24T22:30:38.574Z,2026-09-24T22:31:23.975Z,0x1 17x1 23x1
6ab5a4c7afc27ae72e1ad456,XXXtreme Lightning Roulette,6,Preto,Par,2026-09-24 19:31:35,2026-09-24T22:30:49.427Z,2026-09-24T22:31:35.352Z,2x100 3x50 23x100
6ab5a4d2afc27ae72e1ad458,Auto Roulette,17,Preto,Impar,2026-09-24 19:31:46,2026-09-24T22:31:07.179Z,2026-09-24T22:31:46.089Z,
6ab5a4e7d057e98a2a5717dd,Red Door Roulette,19,Vermelho,Impar,2026-09-24 19:32:05,2026-09-24T22:29:45.512Z,2026-09-24T22:32:05.248Z,12x1 19x1 26x1 35x1
6ab5a4e7afc27ae72e1ad45c,Lightning Roulette,13,Preto,Impar,2026-09-24 19:32:06,2026-09-24T22:31:20.932Z,2026-09-24T22:32:06.816Z,3x150 7x100 17x150 19x50
6ab5a4ecafc27ae72e1ad45d,Gold Vault Roulette,26,Preto,Par,2026-09-24 19:32:11,2026-09-24T22:31:20.905Z,2026-09-24T22:32:11.080Z,12x100 23x50 11x150 22x50 26x50 16x50 25x50 6x100 36x50 1x50
6ab5a4ed8da3fc15ad08f1e1,Fireball Roulette,24,Preto,Par,2026-09-24 19:32:11,2026-09-24T22:31:29.032Z,2026-09-24T22:32:11.980Z,8x1 14x1 20x1 25x1 29x1
6ab5a4ecafc27ae72e1ad45e,Immersive Roulette,28,Preto,Par,2026-09-24 19:32:12,2026-09-24T22:31:22.070Z,2026-09-24T22:32:12.647Z,
6ab5a4fcafc27ae72e1ad462,Auto Roulette,34,Vermelho,Par,2026-09-24 19:32:28,2026-09-24T22:31:49.194Z,2026-09-24T22:32:28.084Z,
6ab5a4fdafc27ae72e1ad463,XXXtreme Lightning Roulette,24,Preto,Par,2026-09-24 19:32:28,2026-09-24T22:31:38.454Z,2026-09-24T22:32:28.841Z,27x100
6ab5a515afc27ae72e1ad467,Lightning Roulette,20,Preto,Par,2026-09-24 19:32:52,2026-09-24T22:32:09.925Z,2026-09-24T22:32:52.797Z,10x50 15x200
6ab5a51eafc27ae72e1ad469,Gold Vault Roulette,2,Preto,Par,2026-09-24 19:33:01,2026-09-24T22:32:14.209Z,2026-09-24T22:33:01.194Z,35x100 36x50 20x50 18x50 28x50 25x100 14x100
6ab5a51f8da3fc15ad08f1e4,Fireball Roulette,17,Preto,Impar,2026-09-24 19:33:01,2026-09-24T22:32:17.047Z,2026-09-24T22:33:01.475Z,0x1 32x1 35x1
6ab5a51eafc27ae72e1ad46a,Immersive Roulette,19,Vermelho,Impar,2026-09-24 19:33:02,2026-09-24T22:32:15.720Z,2026-09-24T22:33:02.681Z,
6ab5a527afc27ae72e1ad46c,Auto Roulette,10,Preto,Par,2026-09-24 19:33:11,2026-09-24T22:32:31.181Z,2026-09-24T22:33:11.080Z,
6ab5a534afc27ae72e1ad46f,XXXtreme Lightning Roulette,5,Vermelho,Impar,2026-09-24 19:33:22,2026-09-24T22:32:31.935Z,2026-09-24T22:33:22.842Z,11x50 18x50 22x1000 27x50
6ab5a542afc27ae72e1ad472,Lightning Roulette,26,Preto,Par,2026-09-24 19:33:37,2026-09-24T22:32:55.906Z,2026-09-24T22:33:37.807Z,8x100 12x50 15x50
6ab5a5518da3fc15ad08f1e6,Fireball Roulette,22,Preto,Par,2026-09-24 19:33:51,2026-09-24T22:33:06.522Z,2026-09-24T22:33:51.480Z,11x1 16x1 21x1 23x1 30x2
6ab5a551afc27ae72e1ad476,Gold Vault Roulette,14,Vermelho,Par,2026-09-24 19:33:53,2026-09-24T22:33:04.296Z,2026-09-24T22:33:53.665Z,9x50 10x50 23x50 24x150 31x50 32x100
6ab5a555afc27ae72e1ad477,Immersive Roulette,22,Preto,Par,2026-09-24 19:33:57,2026-09-24T22:33:05.771Z,2026-09-24T22:33:57.154Z,
6ab5a556afc27ae72e1ad478,Auto Roulette,28,Preto,Par,2026-09-24 19:33:58,2026-09-24T22:33:14.176Z,2026-09-24T22:33:58.600Z,
6ab5a568afc27ae72e1ad47c,XXXtreme Lightning Roulette,29,Preto,Impar,2026-09-24 19:34:14,2026-09-24T22:33:25.938Z,2026-09-24T22:34:14.348Z,20x50 22x50 31x100
6ab5a572afc27ae72e1ad47e,Lightning Roulette,28,Preto,Par,2026-09-24 19:34:26,2026-09-24T22:33:40.931Z,2026-09-24T22:34:26.298Z,32x100 33x150
6ab5a581afc27ae72e1ad482,Auto Roulette,3,Vermelho,Impar,2026-09-24 19:34:41,2026-09-24T22:34:01.719Z,2026-09-24T22:34:41.082Z,
6ab5a587afc27ae72e1ad484,Gold Vault Roulette,35,Preto,Impar,2026-09-24 19:34:47,2026-09-24T22:33:56.731Z,2026-09-24T22:34:47.729Z,2x50 8x50 10x50 23x100 27x50 29x50 32x50 36x50
6ab5a58aafc27ae72e1ad485,Immersive Roulette,3,Vermelho,Impar,2026-09-24 19:34:49,2026-09-24T22:34:00.212Z,2026-09-24T22:34:49.612Z,
6ab5a59aafc27ae72e1ad488,XXXtreme Lightning Roulette,36,Vermelho,Par,2026-09-24 19:35:05,2026-09-24T22:34:17.455Z,2026-09-24T22:35:05.859Z,2x50 7x50 8x100 10x100 14x150 15x100 30x50
6ab5a59eafc27ae72e1ad48a,Lightning Roulette,19,Vermelho,Impar,2026-09-24 19:35:10,2026-09-24T22:34:29.435Z,2026-09-24T22:35:10.304Z,14x50 32x50 34x150
6ab5a5a38da3fc15ad08f1ea,Fireball Roulette,15,Preto,Impar,2026-09-24 19:35:13,2026-09-24T22:33:56.523Z,2026-09-24T22:35:13.719Z,13x1 15x1 24x1
6ab5a5a98da3fc15ad08f1eb,Red Door Roulette,8,Preto,Par,2026-09-24 19:35:21,2026-09-24T22:32:13.502Z,2026-09-24T22:35:21.092Z,8x1 9x1 17x1 18x1
6ab5a5afafc27ae72e1ad48d,Auto Roulette,34,Vermelho,Par,2026-09-24 19:35:27,2026-09-24T22:34:44.162Z,2026-09-24T22:35:27.082Z,
6ab5a5b9afc27ae72e1ad491,Gold Vault Roulette,10,Preto,Par,2026-09-24 19:35:37,2026-09-24T22:34:50.843Z,2026-09-24T22:35:37.443Z,2x100 9x50 12x50 13x50 18x100
6ab5a5bdafc27ae72e1ad492,Immersive Roulette,20,Preto,Par,2026-09-24 19:35:40,2026-09-24T22:34:52.705Z,2026-09-24T22:35:40.882Z,
6ab5a5cdafc27ae72e1ad495,Lightning Roulette,1,Vermelho,Impar,2026-09-24 19:35:57,2026-09-24T22:35:13.387Z,2026-09-24T22:35:57.297Z,4x50 9x100 12x150
6ab5a5cdafc27ae72e1ad496,XXXtreme Lightning Roulette,17,Preto,Impar,2026-09-24 19:35:57,2026-09-24T22:35:08.953Z,2026-09-24T22:35:57.385Z,3x50 8x100 9x100 11x100 13x400 22x50 31x50
6ab5a5d7afc27ae72e1ad497,Auto Roulette,33,Preto,Impar,2026-09-24 19:36:07,2026-09-24T22:35:30.165Z,2026-09-24T22:36:07.589Z,
6ab5a5e28da3fc15ad08f1ed,Red Door Roulette,14,Vermelho,Par,2026-09-24 19:36:17,2026-09-24T22:35:22.208Z,2026-09-24T22:36:17.941Z,3x1 11x1 13x1 18x1 23x1 35x1
6ab5a5f0afc27ae72e1ad49a,Immersive Roulette,21,Vermelho,Impar,2026-09-24 19:36:32,2026-09-24T22:35:43.938Z,2026-09-24T22:36:32.152Z,
6ab5a5f2afc27ae72e1ad49b,Gold Vault Roulette,7,Vermelho,Impar,2026-09-24 19:36:33,2026-09-24T22:35:40.556Z,2026-09-24T22:36:33.940Z,8x50 10x50 20x100 21x150 22x150 23x50 24x50 25x50
6ab5a602afc27ae72e1ad4a2,Auto Roulette,23,Vermelho,Impar,2026-09-24 19:36:50,2026-09-24T22:36:10.708Z,2026-09-24T22:36:50.105Z,
6ab5a5ffafc27ae72e1ad4a0,Lightning Roulette,33,Preto,Impar,2026-09-24 19:36:47,2026-09-24T22:36:00.426Z,2026-09-24T22:36:47.309Z,6x100 12x50
6ab5a601afc27ae72e1ad4a1,XXXtreme Lightning Roulette,28,Preto,Par,2026-09-24 19:36:48,2026-09-24T22:36:00.489Z,2026-09-24T22:36:48.867Z,2x100 35x300
6ab5a61e8da3fc15ad08f1f0,Red Door Roulette,36,Vermelho,Par,2026-09-24 19:37:18,2026-09-24T22:36:21.049Z,2026-09-24T22:37:18.432Z,2x1 9x1 15x1 19x1 20x1 23x1 29x1
6ab5a624afc27ae72e1ad4a9,Immersive Roulette,8,Preto,Par,2026-09-24 19:37:24,2026-09-24T22:36:35.204Z,2026-09-24T22:37:24.621Z,
6ab5a62aafc27ae72e1ad4aa,Gold Vault Roulette,11,Preto,Impar,2026-09-24 19:37:30,2026-09-24T22:36:37.050Z,2026-09-24T22:37:30.816Z,3x50 8x50 10x50 21x100 23x150 26x50 31x50
6ab5a62eafc27ae72e1ad4ab,Auto Roulette,6,Preto,Par,2026-09-24 19:37:34,2026-09-24T22:36:53.227Z,2026-09-24T22:37:34.083Z,
6ab5a631afc27ae72e1ad4ac,Lightning Roulette,18,Vermelho,Par,2026-09-24 19:37:36,2026-09-24T22:36:50.433Z,2026-09-24T22:37:36.815Z,0x50 3x100 6x50
6ab5a632afc27ae72e1ad4ae,XXXtreme Lightning Roulette,13,Preto,Impar,2026-09-24 19:37:37,2026-09-24T22:36:51.960Z,2026-09-24T22:37:37.874Z,3x1000 8x100 12x100 16x300 19x500 23x50 28x50 31x50
6ab5a659afc27ae72e1ad4b5,Auto Roulette,31,Preto,Impar,2026-09-24 19:38:17,2026-09-24T22:37:37.156Z,2026-09-24T22:38:17.594Z,
6ab5a65bafc27ae72e1ad4b6,Immersive Roulette,30,Vermelho,Par,2026-09-24 19:38:19,2026-09-24T22:37:27.733Z,2026-09-24T22:38:19.117Z,
6ab5a65dd057e98a2a5717ef,Red Door Roulette,21,Vermelho,Impar,2026-09-24 19:38:19,2026-09-24T22:37:21.527Z,2026-09-24T22:38:19.415Z,15x1 13x1 35x2 25x1 29x1 28x1
6ab5a65fafc27ae72e1ad4b9,Lightning Roulette,13,Preto,Impar,2026-09-24 19:38:22,2026-09-24T22:37:39.934Z,2026-09-24T22:38:22.794Z,4x50 13x400 20x100
6ab5a65fafc27ae72e1ad4ba,Gold Vault Roulette,9,Vermelho,Impar,2026-09-24 19:38:23,2026-09-24T22:37:33.955Z,2026-09-24T22:38:23.732Z,2x500 6x50 7x50 11x150 13x150 21x50 32x50
6ab5a663afc27ae72e1ad4bb,XXXtreme Lightning Roulette,29,Preto,Impar,2026-09-24 19:38:27,2026-09-24T22:37:40.967Z,2026-09-24T22:38:27.382Z,2x100 6x50 14x150 18x100 26x100 27x50
6ab5a686afc27ae72e1ad4c0,Auto Roulette,19,Vermelho,Impar,2026-09-24 19:39:02,2026-09-24T22:38:20.709Z,2026-09-24T22:39:02.091Z,
6ab5a68b8da3fc15ad08f1f5,Fireball Roulette,25,Vermelho,Impar,2026-09-24 19:39:05,2026-09-24T22:38:19.167Z,2026-09-24T22:39:05.511Z,20x1 29x1 35x1
6ab5a690afc27ae72e1ad4c3,Lightning Roulette,9,Vermelho,Impar,2026-09-24 19:39:12,2026-09-24T22:38:25.915Z,2026-09-24T22:39:12.797Z,11x50 19x100 24x50
6ab5a691afc27ae72e1ad4c4,Immersive Roulette,35,Preto,Impar,2026-09-24 19:39:12,2026-09-24T22:38:22.222Z,2026-09-24T22:39:12.830Z,
6ab5a696afc27ae72e1ad4c5,Gold Vault Roulette,30,Vermelho,Par,2026-09-24 19:39:17,2026-09-24T22:38:26.846Z,2026-09-24T22:39:17.865Z,6x50 11x50 12x50 25x50 28x50 29x50 32x50 35x100 36x50
6ab5a6978da3fc15ad08f1f6,Red Door Roulette,5,Vermelho,Impar,2026-09-24 19:39:19,2026-09-24T22:38:22.523Z,2026-09-24T22:39:19.431Z,0x1 2x1 4x1 22x1 35x1
6ab5a699afc27ae72e1ad4c6,XXXtreme Lightning Roulette,28,Preto,Par,2026-09-24 19:39:20,2026-09-24T22:38:30.502Z,2026-09-24T22:39:20.904Z,20x50 26x100
6ab5a6b0afc27ae72e1ad4ca,Auto Roulette,7,Vermelho,Impar,2026-09-24 19:39:43,2026-09-24T22:39:05.201Z,2026-09-24T22:39:43.578Z,
6ab5a6b88da3fc15ad08f1f7,Fireball Roulette,13,Preto,Impar,2026-09-24 19:39:51,2026-09-24T22:39:10.560Z,2026-09-24T22:39:51.022Z,16x1 29x1 30x1
6ab5a6c3afc27ae72e1ad4cf,Immersive Roulette,13,Preto,Impar,2026-09-24 19:40:03,2026-09-24T22:39:15.895Z,2026-09-24T22:40:03.277Z,
6ab5a6c7afc27ae72e1ad4d0,Lightning Roulette,30,Vermelho,Par,2026-09-24 19:40:06,2026-09-24T22:39:15.896Z,2026-09-24T22:40:06.800Z,3x50 17x100 35x50
6ab5a6caafc27ae72e1ad4d4,XXXtreme Lightning Roulette,2,Preto,Par,2026-09-24 19:40:10,2026-09-24T22:39:23.982Z,2026-09-24T22:40:10.400Z,13x100 19x50 27x100 31x100
6ab5a6caafc27ae72e1ad4d5,Gold Vault Roulette,2,Preto,Par,2026-09-24 19:40:10,2026-09-24T22:39:21.077Z,2026-09-24T22:40:10.758Z,11x50 15x100 17x50 19x50 20x150 27x50 28x100
6ab5a6d58da3fc15ad08f1f8,Red Door Roulette,9,Vermelho,Impar,2026-09-24 19:40:20,2026-09-24T22:39:22.519Z,2026-09-24T22:40:20.923Z,0x1 4x1 7x2 13x1 16x1 26x1 28x1 36x1
6ab5a6ddafc27ae72e1ad4d8,Auto Roulette,23,Vermelho,Impar,2026-09-24 19:40:29,2026-09-24T22:39:46.653Z,2026-09-24T22:40:29.601Z,
6ab5a6eb8da3fc15ad08f1fa,Fireball Roulette,3,Vermelho,Impar,2026-09-24 19:40:41,2026-09-24T22:39:56.070Z,2026-09-24T22:40:41.516Z,0x2 1x1 6x3 7x1 26x1 31x1
6ab5a6f8afc27ae72e1ad4dd,Immersive Roulette,8,Preto,Par,2026-09-24 19:40:55,2026-09-24T22:40:06.342Z,2026-09-24T22:40:55.735Z,
6ab5a6fbafc27ae72e1ad4de,XXXtreme Lightning Roulette,5,Vermelho,Impar,2026-09-24 19:40:58,2026-09-24T22:40:13.464Z,2026-09-24T22:40:58.902Z,4x100 33x200 35x50
6ab5a6fdafc27ae72e1ad4df,Lightning Roulette,13,Preto,Impar,2026-09-24 19:41:01,2026-09-24T22:40:09.968Z,2026-09-24T22:41:01.805Z,11x50 29x200
6ab5a6ffafc27ae72e1ad4e0,Gold Vault Roulette,27,Vermelho,Impar,2026-09-24 19:41:03,2026-09-24T22:40:13.859Z,2026-09-24T22:41:03.242Z,4x50 11x50 12x50 14x150 19x50 20x50 24x150 27x500 31x50 34x100
6ab5a70bafc27ae72e1ad4e4,Auto Roulette,5,Vermelho,Impar,2026-09-24 19:41:15,2026-09-24T22:40:32.693Z,2026-09-24T22:41:15.580Z,
6ab5a70e8da3fc15ad08f1fc,Red Door Roulette,36,Vermelho,Par,2026-09-24 19:41:18,2026-09-24T22:40:24.052Z,2026-09-24T22:41:18.421Z,0x1 1x2 6x1 8x1 14x3 28x1 30x1
6ab5a71f8da3fc15ad08f1fd,Fireball Roulette,23,Vermelho,Impar,2026-09-24 19:41:34,2026-09-24T22:40:46.578Z,2026-09-24T22:41:34.035Z,3x1 6x1 9x1 19x1 31x1
6ab5a72aafc27ae72e1ad4e8,Immersive Roulette,6,Preto,Par,2026-09-24 19:41:45,2026-09-24T22:40:58.798Z,2026-09-24T22:41:45.803Z,
6ab5a72eafc27ae72e1ad4ea,XXXtreme Lightning Roulette,4,Preto,Par,2026-09-24 19:41:50,2026-09-24T22:41:02.023Z,2026-09-24T22:41:50.412Z,5x100 11x100 18x700 23x100
6ab5a72fafc27ae72e1ad4eb,Lightning Roulette,9,Vermelho,Impar,2026-09-24 19:41:51,2026-09-24T22:41:04.986Z,2026-09-24T22:41:51.805Z,2x100 12x100 15x100 21x100
6ab5a733afc27ae72e1ad4ec,Gold Vault Roulette,21,Vermelho,Impar,2026-09-24 19:41:55,2026-09-24T22:41:06.344Z,2026-09-24T22:41:55.321Z,9x100 13x50 14x150 16x50 19x50 20x50 21x50 22x50 25x50 28x100 31x50 33x50 36x500
6ab5a736afc27ae72e1ad4ee,Auto Roulette,3,Vermelho,Impar,2026-09-24 19:41:58,2026-09-24T22:41:18.652Z,2026-09-24T22:41:58.589Z,
6ab5a7478da3fc15ad08f200,Red Door Roulette,25,Vermelho,Impar,2026-09-24 19:42:15,2026-09-24T22:41:21.553Z,2026-09-24T22:42:15.431Z,7x1 19x1 21x1 24x1 32x1 34x1 35x1
6ab5a7558da3fc15ad08f201,Fireball Roulette,15,Preto,Impar,2026-09-24 19:42:28,2026-09-24T22:41:39.079Z,2026-09-24T22:42:28.036Z,5x1 29x1 30x1 31x3 32x1
6ab5a75eafc27ae72e1ad4f5,Lightning Roulette,24,Preto,Par,2026-09-24 19:42:38,2026-09-24T22:41:54.929Z,2026-09-24T22:42:38.312Z,5x50
6ab5a760afc27ae72e1ad4f6,XXXtreme Lightning Roulette,16,Vermelho,Par,2026-09-24 19:42:39,2026-09-24T22:41:53.528Z,2026-09-24T22:42:39.916Z,12x100 31x100
6ab5a761afc27ae72e1ad4f7,Immersive Roulette,8,Preto,Par,2026-09-24 19:42:41,2026-09-24T22:41:48.886Z,2026-09-24T22:42:41.084Z,
6ab5a763afc27ae72e1ad4f9,Auto Roulette,5,Vermelho,Impar,2026-09-24 19:42:43,2026-09-24T22:42:01.687Z,2026-09-24T22:42:43.586Z,
6ab5a766afc27ae72e1ad4fa,Gold Vault Roulette,13,Preto,Impar,2026-09-24 19:42:46,2026-09-24T22:41:58.501Z,2026-09-24T22:42:46.225Z,2x50 16x100 18x50 20x50 30x50 33x50 34x50 36x50
6ab5a7888da3fc15ad08f205,Fireball Roulette,34,Vermelho,Par,2026-09-24 19:43:18,2026-09-24T22:42:33.073Z,2026-09-24T22:43:18.551Z,2x1 14x1 22x1 30x1
6ab5a78cafc27ae72e1ad501,Lightning Roulette,3,Vermelho,Impar,2026-09-24 19:43:23,2026-09-24T22:42:41.404Z,2026-09-24T22:43:23.300Z,16x150 22x100 34x150
6ab5a790afc27ae72e1ad502,Auto Roulette,25,Vermelho,Impar,2026-09-24 19:43:28,2026-09-24T22:42:46.653Z,2026-09-24T22:43:28.078Z,
6ab5a793afc27ae72e1ad503,XXXtreme Lightning Roulette,29,Preto,Impar,2026-09-24 19:43:31,2026-09-24T22:42:43.002Z,2026-09-24T22:43:31.411Z,4x700 10x100 11x700 17x50 22x50 27x50 34x50
6ab5a795afc27ae72e1ad505,Immersive Roulette,23,Vermelho,Impar,2026-09-24 19:43:33,2026-09-24T22:42:44.159Z,2026-09-24T22:43:33.152Z,
6ab5a79bafc27ae72e1ad506,Gold Vault Roulette,29,Preto,Impar,2026-09-24 19:43:39,2026-09-24T22:42:49.346Z,2026-09-24T22:43:39.534Z,8x100 15x50 23x50 28x50 29x100 31x50 34x100
6ab5a7b78da3fc15ad08f207,Fireball Roulette,35,Preto,Impar,2026-09-24 19:44:06,2026-09-24T22:43:23.609Z,2026-09-24T22:44:06.049Z,0x1 2x1 20x1 25x1 34x1
6ab5a7bbafc27ae72e1ad50a,Lightning Roulette,30,Vermelho,Par,2026-09-24 19:44:09,2026-09-24T22:43:26.411Z,2026-09-24T22:44:09.307Z,17x50 18x50 32x50 7x50
6ab5a7bcafc27ae72e1ad50b,Auto Roulette,15,Preto,Impar,2026-09-24 19:44:12,2026-09-24T22:43:31.175Z,2026-09-24T22:44:12.588Z,
6ab5a7c6d057e98a2a571800,Red Door Roulette,16,Vermelho,Par,2026-09-24 19:44:20,2026-09-24T22:42:18.529Z,2026-09-24T22:44:20.458Z,19x1 10x1 25x1 31x4 27x1 2x1 7x1 3x1 35x1 16x7
6ab5a7c5afc27ae72e1ad50d,XXXtreme Lightning Roulette,7,Vermelho,Impar,2026-09-24 19:44:21,2026-09-24T22:43:34.503Z,2026-09-24T22:44:21.420Z,5x100 25x1000 28x100
6ab5a7d0afc27ae72e1ad50f,Gold Vault Roulette,15,Preto,Impar,2026-09-24 19:44:32,2026-09-24T22:43:42.654Z,2026-09-24T22:44:32.426Z,12x50 17x50 24x500 26x50 28x100 30x50 31x50 33x50
6ab5a7e6afc27ae72e1ad512,Lightning Roulette,9,Vermelho,Impar,2026-09-24 19:44:54,2026-09-24T22:44:12.457Z,2026-09-24T22:44:54.302Z,24x100 29x150
6ab5a7e98da3fc15ad08f20a,Fireball Roulette,32,Vermelho,Par,2026-09-24 19:44:56,2026-09-24T22:44:11.099Z,2026-09-24T22:44:56.054Z,2x1 12x1 24x1 30x1
6ab5a7e9afc27ae72e1ad513,Auto Roulette,18,Vermelho,Par,2026-09-24 19:44:57,2026-09-24T22:44:15.670Z,2026-09-24T22:44:57.103Z,
6ab5a7f9afc27ae72e1ad515,XXXtreme Lightning Roulette,15,Preto,Impar,2026-09-24 19:45:13,2026-09-24T22:44:24.516Z,2026-09-24T22:45:13.486Z,3x100 15x600
6ab5a7fdafc27ae72e1ad516,Immersive Roulette,0,Verde,None,2026-09-24 19:45:16,2026-09-24T22:44:29.177Z,2026-09-24T22:45:16.886Z,
6ab5a804afc27ae72e1ad518,Gold Vault Roulette,3,Vermelho,Impar,2026-09-24 19:45:23,2026-09-24T22:44:35.564Z,2026-09-24T22:45:23.732Z,10x50 12x50 20x50 23x50 25x50 27x50 30x50 31x100 32x100 34x100 36x50
6ab5a8068da3fc15ad08f20b,Red Door Roulette,26,Preto,Par,2026-09-24 19:45:26,2026-09-24T22:44:28.666Z,2026-09-24T22:45:26.428Z,0x1 4x1 5x1 6x1 15x1 21x1 25x1 31x1
6ab5a815afc27ae72e1ad51b,Auto Roulette,31,Preto,Impar,2026-09-24 19:45:41,2026-09-24T22:45:00.222Z,2026-09-24T22:45:41.091Z,
6ab5a816afc27ae72e1ad51c,Lightning Roulette,2,Preto,Par,2026-09-24 19:45:41,2026-09-24T22:44:57.390Z,2026-09-24T22:45:41.800Z,29x50 33x50 36x50
6ab5a81c8da3fc15ad08f20d,Fireball Roulette,17,Preto,Impar,2026-09-24 19:45:46,2026-09-24T22:45:01.094Z,2026-09-24T22:45:46.551Z,1x1 20x3 24x1
6ab5a82fafc27ae72e1ad520,XXXtreme Lightning Roulette,18,Vermelho,Par,2026-09-24 19:46:07,2026-09-24T22:45:16.582Z,2026-09-24T22:46:07.425Z,2x50 34x50
6ab5a833afc27ae72e1ad521,Immersive Roulette,35,Preto,Impar,2026-09-24 19:46:11,2026-09-24T22:45:19.994Z,2026-09-24T22:46:11.443Z,
6ab5a836afc27ae72e1ad523,Gold Vault Roulette,25,Vermelho,Impar,2026-09-24 19:46:14,2026-09-24T22:45:26.805Z,2026-09-24T22:46:14.226Z,0x100 2x100 10x50 14x100 20x100 24x50 32x50 33x100
6ab5a842afc27ae72e1ad525,Auto Roulette,30,Vermelho,Par,2026-09-24 19:46:26,2026-09-24T22:45:44.228Z,2026-09-24T22:46:26.071Z,
6ab5a844afc27ae72e1ad527,Lightning Roulette,15,Preto,Impar,2026-09-24 19:46:28,2026-09-24T22:45:44.885Z,2026-09-24T22:46:28.304Z,13x250 35x100
6ab5a84d8da3fc15ad08f210,Fireball Roulette,9,Vermelho,Impar,2026-09-24 19:46:36,2026-09-24T22:45:51.623Z,2026-09-24T22:46:36.053Z,2x1 15x1 21x4 33x1 34x1
6ab5a85dafc27ae72e1ad52c,XXXtreme Lightning Roulette,12,Vermelho,Par,2026-09-24 19:46:53,2026-09-24T22:46:10.510Z,2026-09-24T22:46:53.430Z,7x200 10x100 12x100 30x100 32x100 34x50
6ab5a869afc27ae72e1ad530,Immersive Roulette,3,Vermelho,Impar,2026-09-24 19:47:05,2026-09-24T22:46:14.538Z,2026-09-24T22:47:05.148Z,
6ab5a869afc27ae72e1ad52f,Gold Vault Roulette,6,Preto,Par,2026-09-24 19:47:05,2026-09-24T22:46:17.395Z,2026-09-24T22:47:05.168Z,7x100 8x50 9x150 21x50 23x150 25x150 31x50 36x100
6ab5a86cafc27ae72e1ad531,Auto Roulette,36,Vermelho,Par,2026-09-24 19:47:08,2026-09-24T22:46:29.202Z,2026-09-24T22:47:08.581Z,
6ab5a871afc27ae72e1ad532,Lightning Roulette,36,Vermelho,Par,2026-09-24 19:47:12,2026-09-24T22:46:31.391Z,2026-09-24T22:47:12.309Z,26x50 30x50
6ab5a87bd057e98a2a57180a,Red Door Roulette,22,Preto,Par,2026-09-24 19:47:21,2026-09-24T22:45:29.513Z,2026-09-24T22:47:21.792Z,23x1 15x15 22x1 5x1 25x1 31x1 20x1 2x1 18x1 7x1 29x1 35x1 16x1
6ab5a8828da3fc15ad08f211,Fireball Roulette,16,Vermelho,Par,2026-09-24 19:47:29,2026-09-24T22:46:41.103Z,2026-09-24T22:47:29.064Z,9x1 22x1 28x2 29x1 33x1
6ab5a88fafc27ae72e1ad539,XXXtreme Lightning Roulette,22,Preto,Par,2026-09-24 19:47:43,2026-09-24T22:46:56.523Z,2026-09-24T22:47:43.447Z,19x350 28x50 34x100
6ab5a893afc27ae72e1ad53b,Auto Roulette,26,Preto,Par,2026-09-24 19:47:47,2026-09-24T22:47:11.679Z,2026-09-24T22:47:47.573Z,
6ab5a89cafc27ae72e1ad53c,Immersive Roulette,6,Preto,Par,2026-09-24 19:47:56,2026-09-24T22:47:08.229Z,2026-09-24T22:47:56.436Z,
6ab5a8a0afc27ae72e1ad53e,Gold Vault Roulette,31,Preto,Impar,2026-09-24 19:48:00,2026-09-24T22:47:08.244Z,2026-09-24T22:48:00.440Z,0x150 1x50 3x50 17x100 19x50 23x50 26x50
6ab5a8a1afc27ae72e1ad53f,Lightning Roulette,34,Vermelho,Par,2026-09-24 19:48:01,2026-09-24T22:47:15.435Z,2026-09-24T22:48:01.306Z,9x100 18x100
6ab5a8b38da3fc15ad08f212,Fireball Roulette,19,Vermelho,Impar,2026-09-24 19:48:17,2026-09-24T22:47:34.105Z,2026-09-24T22:48:17.574Z,2x1 8x1 25x1
6ab5a8bb8da3fc15ad08f213,Red Door Roulette,7,Vermelho,Impar,2026-09-24 19:48:26,2026-09-24T22:47:28.987Z,2026-09-24T22:48:26.930Z,2x1 4x1 5x1 10x1 13x3 18x1 20x1 21x1 26x3 27x1 28x1 30x1 36x1
6ab5a8c0afc27ae72e1ad543,Auto Roulette,35,Preto,Impar,2026-09-24 19:48:32,2026-09-24T22:47:50.708Z,2026-09-24T22:48:32.572Z,
6ab5a8c3afc27ae72e1ad544,XXXtreme Lightning Roulette,8,Preto,Par,2026-09-24 19:48:34,2026-09-24T22:47:46.546Z,2026-09-24T22:48:34.943Z,8x100 11x100 15x100 24x100 27x50 29x600
6ab5a8ceafc27ae72e1ad548,Immersive Roulette,18,Vermelho,Par,2026-09-24 19:48:46,2026-09-24T22:47:59.497Z,2026-09-24T22:48:46.113Z,
6ab5a8d0afc27ae72e1ad549,Lightning Roulette,20,Preto,Par,2026-09-24 19:48:47,2026-09-24T22:48:04.408Z,2026-09-24T22:48:47.802Z,15x100 26x50 28x50
6ab5a8d4afc27ae72e1ad54b,Gold Vault Roulette,35,Preto,Impar,2026-09-24 19:48:52,2026-09-24T22:48:03.532Z,2026-09-24T22:48:52.105Z,10x50 13x50 18x50 20x50 21x50 23x50 30x100
6ab5a8e28da3fc15ad08f214,Fireball Roulette,11,Preto,Impar,2026-09-24 19:49:05,2026-09-24T22:48:22.613Z,2026-09-24T22:49:05.076Z,0x1 22x5 26x1
6ab5a8ebafc27ae72e1ad54e,Auto Roulette,23,Vermelho,Impar,2026-09-24 19:49:15,2026-09-24T22:48:35.657Z,2026-09-24T22:49:15.087Z,
6ab5a8f88da3fc15ad08f216,Red Door Roulette,28,Preto,Par,2026-09-24 19:49:28,2026-09-24T22:48:30.024Z,2026-09-24T22:49:28.438Z,3x1 10x1 14x1 17x1 23x3 27x1 34x4 36x1
6ab5a8fbafc27ae72e1ad553,Lightning Roulette,28,Preto,Par,2026-09-24 19:49:30,2026-09-24T22:48:50.897Z,2026-09-24T22:49:30.803Z,5x50 8x150 11x200 14x50
6ab5a8fcafc27ae72e1ad554,XXXtreme Lightning Roulette,26,Preto,Par,2026-09-24 19:49:31,2026-09-24T22:48:38.033Z,2026-09-24T22:49:31.954Z,5x50 18x50 25x50
6ab5a904afc27ae72e1ad555,Immersive Roulette,4,Preto,Par,2026-09-24 19:49:40,2026-09-24T22:48:49.171Z,2026-09-24T22:49:40.613Z,
6ab5a90bafc27ae72e1ad559,Gold Vault Roulette,22,Preto,Par,2026-09-24 19:49:47,2026-09-24T22:48:55.226Z,2026-09-24T22:49:47.412Z,2x100 13x50 17x50 24x50 29x50 34x150 36x50
6ab5a9118da3fc15ad08f217,Fireball Roulette,25,Vermelho,Impar,2026-09-24 19:49:52,2026-09-24T22:49:10.139Z,2026-09-24T22:49:52.076Z,5x1 28x1 35x1
6ab5a91cafc27ae72e1ad55a,Auto Roulette,15,Preto,Impar,2026-09-24 19:50:04,2026-09-24T22:49:18.183Z,2026-09-24T22:50:04.084Z,
6ab5a92cafc27ae72e1ad55f,Lightning Roulette,8,Preto,Par,2026-09-24 19:50:20,2026-09-24T22:49:33.919Z,2026-09-24T22:50:20.301Z,12x50 16x100 32x200
6ab5a92eafc27ae72e1ad560,XXXtreme Lightning Roulette,25,Vermelho,Impar,2026-09-24 19:50:22,2026-09-24T22:49:35.043Z,2026-09-24T22:50:22.450Z,2x200 7x50 9x100 11x100 22x50 27x100
6ab5a9348da3fc15ad08f219,Red Door Roulette,22,Preto,Par,2026-09-24 19:50:28,2026-09-24T22:49:31.539Z,2026-09-24T22:50:28.444Z,2x1 16x1 18x1 25x1 26x1 28x1 30x1
6ab5a93bafc27ae72e1ad563,Immersive Roulette,0,Verde,None,2026-09-24 19:50:34,2026-09-24T22:49:43.705Z,2026-09-24T22:50:34.707Z,
6ab5a940afc27ae72e1ad564,Gold Vault Roulette,13,Preto,Impar,2026-09-24 19:50:39,2026-09-24T22:49:50.509Z,2026-09-24T22:50:39.483Z,22x50 26x50 16x150 32x50 6x150 18x50 29x150 3x50 28x100 20x150 27x50
6ab5a9458da3fc15ad08f21b,Fireball Roulette,23,Vermelho,Impar,2026-09-24 19:50:44,2026-09-24T22:49:57.120Z,2026-09-24T22:50:44.082Z,0x1 9x1 14x1 19x1 26x1 31x1
6ab5a945afc27ae72e1ad565,Auto Roulette,1,Vermelho,Impar,2026-09-24 19:50:45,2026-09-24T22:50:07.177Z,2026-09-24T22:50:45.091Z,
6ab5a960afc27ae72e1ad56d,Lightning Roulette,17,Preto,Impar,2026-09-24 19:51:12,2026-09-24T22:50:23.420Z,2026-09-24T22:51:12.311Z,2x50 28x100 32x50
6ab5a961afc27ae72e1ad56f,XXXtreme Lightning Roulette,13,Preto,Impar,2026-09-24 19:51:12,2026-09-24T22:50:25.540Z,2026-09-24T22:51:12.962Z,0x150 4x100 15x100 19x100 21x100 29x50 34x100
6ab5a96d8da3fc15ad08f21d,Red Door Roulette,24,Preto,Par,2026-09-24 19:51:24,2026-09-24T22:50:31.526Z,2026-09-24T22:51:24.947Z,4x1 7x1 11x1 19x1 20x2 23x1 26x1 34x1
6ab5a971afc27ae72e1ad571,Gold Vault Roulette,24,Preto,Par,2026-09-24 19:51:28,2026-09-24T22:50:42.655Z,2026-09-24T22:51:28.369Z,15x50 22x50 13x50 35x50 21x50 0x50 29x50 3x50
6ab5a971afc27ae72e1ad570,Auto Roulette,21,Vermelho,Impar,2026-09-24 19:51:29,2026-09-24T22:50:48.200Z,2026-09-24T22:51:29.071Z,
6ab5a972afc27ae72e1ad573,Immersive Roulette,11,Preto,Impar,2026-09-24 19:51:30,2026-09-24T22:50:37.766Z,2026-09-24T22:51:30.340Z,
6ab5a9788da3fc15ad08f21e,Fireball Roulette,20,Preto,Par,2026-09-24 19:51:34,2026-09-24T22:50:49.135Z,2026-09-24T22:51:34.595Z,2x1 6x1 10x1 16x1 26x1 30x1
6ab5a98eafc27ae72e1ad579,Lightning Roulette,20,Preto,Par,2026-09-24 19:51:57,2026-09-24T22:51:15.428Z,2026-09-24T22:51:57.814Z,6x50 19x50 33x100
6ab5a994afc27ae72e1ad57b,XXXtreme Lightning Roulette,15,Preto,Impar,2026-09-24 19:52:04,2026-09-24T22:51:16.051Z,2026-09-24T22:52:04.468Z,10x100 25x50
6ab5a99aafc27ae72e1ad57c,Auto Roulette,12,Vermelho,Par,2026-09-24 19:52:10,2026-09-24T22:51:32.178Z,2026-09-24T22:52:10.081Z,
6ab5a9a5afc27ae72e1ad581,Immersive Roulette,27,Vermelho,Impar,2026-09-24 19:52:21,2026-09-24T22:51:33.433Z,2026-09-24T22:52:21.607Z,
6ab5a9a6afc27ae72e1ad582,Gold Vault Roulette,29,Preto,Impar,2026-09-24 19:52:21,2026-09-24T22:51:31.476Z,2026-09-24T22:52:21.667Z,0x50 4x50 5x150 9x50 11x50 12x150 14x50 20x50 24x100 26x50 33x50
6ab5a9aa8da3fc15ad08f222,Fireball Roulette,17,Preto,Impar,2026-09-24 19:52:24,2026-09-24T22:51:39.645Z,2026-09-24T22:52:24.589Z,4x1 12x1 19x1 31x1 34x1
6ab5a9a98da3fc15ad08f221,Red Door Roulette,9,Vermelho,Impar,2026-09-24 19:52:24,2026-09-24T22:51:28.056Z,2026-09-24T22:52:24.956Z,0x1 1x1 4x1 5x1 6x1 29x1 31x3 36x2
6ab5a9beafc27ae72e1ad585,Lightning Roulette,11,Preto,Impar,2026-09-24 19:52:46,2026-09-24T22:52:00.931Z,2026-09-24T22:52:46.313Z,7x100 25x50
6ab5a9c6afc27ae72e1ad586,XXXtreme Lightning Roulette,0,Verde,None,2026-09-24 19:52:54,2026-09-24T22:52:07.555Z,2026-09-24T22:52:54.473Z,9x100
6ab5a9c6afc27ae72e1ad587,Auto Roulette,36,Vermelho,Par,2026-09-24 19:52:54,2026-09-24T22:52:13.155Z,2026-09-24T22:52:54.575Z,
6ab5a9d7afc27ae72e1ad58b,Gold Vault Roulette,14,Vermelho,Par,2026-09-24 19:53:11,2026-09-24T22:52:24.798Z,2026-09-24T22:53:11.355Z,0x50 5x50 9x150 10x150 15x50 19x100 21x50 23x100 29x50 30x50 32x50
6ab5a9da8da3fc15ad08f224,Fireball Roulette,24,Preto,Par,2026-09-24 19:53:12,2026-09-24T22:52:29.646Z,2026-09-24T22:53:12.597Z,4x1 15x1 32x1
6ab5a9e48da3fc15ad08f226,Red Door Roulette,3,Vermelho,Impar,2026-09-24 19:53:24,2026-09-24T22:52:28.094Z,2026-09-24T22:53:24.456Z,4x1 7x1 20x1 22x1 36x3
6ab5a9edafc27ae72e1ad58e,Lightning Roulette,18,Vermelho,Par,2026-09-24 19:53:32,2026-09-24T22:52:49.413Z,2026-09-24T22:53:32.800Z,17x50 22x50 24x100
6ab5a9f5afc27ae72e1ad590,Auto Roulette,1,Vermelho,Impar,2026-09-24 19:53:41,2026-09-24T22:52:57.682Z,2026-09-24T22:53:41.590Z,
6ab5a9f8afc27ae72e1ad592,XXXtreme Lightning Roulette,20,Preto,Par,2026-09-24 19:53:44,2026-09-24T22:52:57.579Z,2026-09-24T22:53:44.465Z,8x100 24x100 30x100
6ab5aa0b8da3fc15ad08f228,Fireball Roulette,25,Vermelho,Impar,2026-09-24 19:54:01,2026-09-24T22:53:17.651Z,2026-09-24T22:54:01.605Z,2x1 10x1 31x1
6ab5aa19afc27ae72e1ad597,Immersive Roulette,9,Vermelho,Impar,2026-09-24 19:54:17,2026-09-24T22:53:17.217Z,2026-09-24T22:54:17.399Z,
6ab5aa1aafc27ae72e1ad598,Lightning Roulette,14,Vermelho,Par,2026-09-24 19:54:18,2026-09-24T22:53:35.966Z,2026-09-24T22:54:18.311Z,17x50 35x50
6ab5aa1d8da3fc15ad08f229,Red Door Roulette,3,Vermelho,Impar,2026-09-24 19:54:20,2026-09-24T22:53:27.581Z,2026-09-24T22:54:20.958Z,1x1 4x2 5x1 6x1 10x1 11x1 12x1 13x1 14x2 16x1 21x1 26x1 32x1 33x7 36x1
6ab5aa22afc27ae72e1ad59b,Auto Roulette,25,Vermelho,Impar,2026-09-24 19:54:26,2026-09-24T22:53:44.711Z,2026-09-24T22:54:26.080Z,
6ab5aa28afc27ae72e1ad59c,XXXtreme Lightning Roulette,32,Vermelho,Par,2026-09-24 19:54:32,2026-09-24T22:53:47.576Z,2026-09-24T22:54:32.479Z,24x50 29x100 34x50
6ab5aa40afc27ae72e1ad5a0,Gold Vault Roulette,27,Vermelho,Impar,2026-09-24 19:54:56,2026-09-24T22:54:02.583Z,2026-09-24T22:54:56.361Z,8x50 11x150 16x50 17x100 18x150 35x50
6ab5aa45afc27ae72e1ad5a1,Lightning Roulette,36,Vermelho,Par,2026-09-24 19:55:01,2026-09-24T22:54:21.468Z,2026-09-24T22:55:01.313Z,4x100 24x50 30x50
6ab5aa4dafc27ae72e1ad5a3,Auto Roulette,8,Preto,Par,2026-09-24 19:55:09,2026-09-24T22:54:29.227Z,2026-09-24T22:55:09.084Z,
6ab5aa53afc27ae72e1ad5a4,Immersive Roulette,24,Preto,Par,2026-09-24 19:55:14,2026-09-24T22:54:20.451Z,2026-09-24T22:55:14.693Z,
6ab5aa578da3fc15ad08f22c,Red Door Roulette,35,Preto,Impar,2026-09-24 19:55:18,2026-09-24T22:54:24.062Z,2026-09-24T22:55:18.947Z,4x1 9x1 13x1 15x1 20x1 22x1 23x1 24x1 25x1 26x1 29x1 33x1
6ab5aa608da3fc15ad08f22d,Fireball Roulette,23,Vermelho,Impar,2026-09-24 19:55:26,2026-09-24T22:54:06.644Z,2026-09-24T22:55:26.788Z,6x1 22x1 23x1 34x1 35x1
6ab5aa60afc27ae72e1ad5a6,XXXtreme Lightning Roulette,35,Preto,Impar,2026-09-24 19:55:27,2026-09-24T22:54:35.565Z,2026-09-24T22:55:27.984Z,3x50 8x100 24x100
6ab5aa74afc27ae72e1ad5aa,Lightning Roulette,35,Preto,Impar,2026-09-24 19:55:48,2026-09-24T22:55:04.433Z,2026-09-24T22:55:48.338Z,7x50 31x200
6ab5aa75afc27ae72e1ad5ab,Gold Vault Roulette,6,Preto,Par,2026-09-24 19:55:49,2026-09-24T22:54:59.449Z,2026-09-24T22:55:49.279Z,0x50 2x50 4x50 7x50 28x50 29x50
6ab5aa7bafc27ae72e1ad5af,Auto Roulette,21,Vermelho,Impar,2026-09-24 19:55:55,2026-09-24T22:55:12.198Z,2026-09-24T22:55:55.584Z,
6ab5aa8bafc27ae72e1ad5b1,Immersive Roulette,2,Preto,Par,2026-09-24 19:56:11,2026-09-24T22:55:17.762Z,2026-09-24T22:56:11.154Z,
6ab5aa8fafc27ae72e1ad5b4,XXXtreme Lightning Roulette,34,Vermelho,Par,2026-09-24 19:56:14,2026-09-24T22:55:31.081Z,2026-09-24T22:56:14.984Z,10x50 33x100
6ab5aa908da3fc15ad08f230,Red Door Roulette,10,Preto,Par,2026-09-24 19:56:16,2026-09-24T22:55:22.048Z,2026-09-24T22:56:16.437Z,0x1 2x2 8x1 13x1 15x1 20x1 23x1 28x1 30x1 35x2
6ab5aaa3afc27ae72e1ad5b8,Lightning Roulette,16,Vermelho,Par,2026-09-24 19:56:35,2026-09-24T22:55:51.565Z,2026-09-24T22:56:35.308Z,26x100 32x100
6ab5aaa6afc27ae72e1ad5b9,Auto Roulette,12,Vermelho,Par,2026-09-24 19:56:38,2026-09-24T22:55:58.685Z,2026-09-24T22:56:38.081Z,
6ab5aaa7afc27ae72e1ad5ba,Gold Vault Roulette,19,Vermelho,Impar,2026-09-24 19:56:39,2026-09-24T22:55:52.423Z,2026-09-24T22:56:39.817Z,8x100 10x150 15x50 16x50 18x50 22x100
6ab5aab78da3fc15ad08f232,Fireball Roulette,27,Vermelho,Impar,2026-09-24 19:56:53,2026-09-24T22:55:31.836Z,2026-09-24T22:56:53.995Z,3x1 9x1 20x1 27x1
6ab5aae500094984bc40f3d7,Immersive Roulette,18,Vermelho,Par,2026-09-24 19:57:05,2026-09-24T22:56:14.230Z,2026-09-24T22:57:05.236Z,
6ab5aae4943ffe9ea58373fa,XXXtreme Lightning Roulette,12,Vermelho,Par,2026-09-24 19:57:05,2026-09-24T22:56:18.080Z,2026-09-24T22:57:05.981Z,19x50 15x100 26x100 0x100 29x200 3x50
6ab5aae500094984bc40f3d8,Lightning Roulette,11,Preto,Impar,2026-09-24 19:57:21,2026-09-24T22:56:38.420Z,2026-09-24T22:57:21.304Z,10x50 26x100 32x100
6ab5aae4d057e98a2a571824,Red Door Roulette,24,Preto,Par,2026-09-24 19:57:21,2026-09-24T22:56:19.509Z,2026-09-24T22:57:21.447Z,34x2 23x1 33x3 35x1 10x1 21x1 32x1 20x1 36x1 1x1 30x1 7x1
6ab5aae500094984bc40f3d9,Auto Roulette,1,Vermelho,Impar,2026-09-24 19:57:24,2026-09-24T22:56:41.166Z,2026-09-24T22:57:24.081Z,
6ab5aae500094984bc40f3da,Gold Vault Roulette,27,Vermelho,Impar,2026-09-24 19:57:34,2026-09-24T22:56:42.905Z,2026-09-24T22:57:34.315Z,1x50 2x50 9x100 14x100 20x150 23x50 28x50
6ab5aae78da3fc15ad08f235,Fireball Roulette,8,Preto,Par,2026-09-24 19:57:41,2026-09-24T22:56:59.036Z,2026-09-24T22:57:41.625Z,0x1 4x1 34x1
6ab5aaf400094984bc40f3de,XXXtreme Lightning Roulette,2,Preto,Par,2026-09-24 19:57:55,2026-09-24T22:57:09.078Z,2026-09-24T22:57:55.993Z,8x100 16x50 17x200
6ab5aaf400094984bc40f3df,Immersive Roulette,25,Vermelho,Impar,2026-09-24 19:57:56,2026-09-24T22:57:08.299Z,2026-09-24T22:57:56.500Z,
6ab5aafd00094984bc40f3e2,Auto Roulette,17,Preto,Impar,2026-09-24 19:58:05,2026-09-24T22:57:27.165Z,2026-09-24T22:58:05.076Z,
6ab5ab0400094984bc40f3e6,Lightning Roulette,30,Vermelho,Par,2026-09-24 19:58:11,2026-09-24T22:57:24.423Z,2026-09-24T22:58:11.816Z,2x100 11x100 23x300
6ab5ab0d8da3fc15ad08f238,Red Door Roulette,14,Vermelho,Par,2026-09-24 19:58:20,2026-09-24T22:57:24.572Z,2026-09-24T22:58:20.946Z,3x1 28x2 31x1 33x1
6ab5ab2500094984bc40f3ea,XXXtreme Lightning Roulette,29,Preto,Impar,2026-09-24 19:58:45,2026-09-24T22:57:59.101Z,2026-09-24T22:58:45.498Z,18x600 35x100
6ab5ab2500094984bc40f3eb,Auto Roulette,1,Vermelho,Impar,2026-09-24 19:58:45,2026-09-24T22:58:08.182Z,2026-09-24T22:58:45.575Z,
6ab5ab2d00094984bc40f3ed,Immersive Roulette,10,Preto,Par,2026-09-24 19:58:51,2026-09-24T22:57:59.585Z,2026-09-24T22:58:51.844Z,
6ab5ab3300094984bc40f3f1,Lightning Roulette,31,Preto,Impar,2026-09-24 19:58:59,2026-09-24T22:58:14.932Z,2026-09-24T22:58:59.320Z,3x50 4x100 34x200
6ab5ab4400094984bc40f3f4,Gold Vault Roulette,12,Vermelho,Par,2026-09-24 19:59:16,2026-09-24T22:58:28.680Z,2026-09-24T22:59:16.477Z,1x50 3x150 9x100 17x100 21x50 34x50
6ab5ab468da3fc15ad08f23e,Red Door Roulette,8,Preto,Par,2026-09-24 19:59:18,2026-09-24T22:58:24.032Z,2026-09-24T22:59:18.432Z,3x1 4x1 9x2 21x1 27x1
6ab5ab4f00094984bc40f3f8,Auto Roulette,26,Preto,Par,2026-09-24 19:59:27,2026-09-24T22:58:48.692Z,2026-09-24T22:59:27.574Z,
6ab5ab5c00094984bc40f3fb,XXXtreme Lightning Roulette,23,Vermelho,Impar,2026-09-24 19:59:40,2026-09-24T22:58:48.598Z,2026-09-24T22:59:40.512Z,0x100 1x100 2x50
6ab5ab6100094984bc40f3fe,Lightning Roulette,2,Preto,Par,2026-09-24 19:59:45,2026-09-24T22:59:02.415Z,2026-09-24T22:59:45.812Z,16x50 24x100
6ab5ab6700094984bc40f400,Immersive Roulette,8,Preto,Par,2026-09-24 19:59:51,2026-09-24T22:58:54.959Z,2026-09-24T22:59:51.138Z,
6ab5ab7700094984bc40f404,Auto Roulette,30,Vermelho,Par,2026-09-24 20:00:07,2026-09-24T22:59:30.662Z,2026-09-24T23:00:07.575Z,
6ab5ab7900094984bc40f405,Gold Vault Roulette,27,Vermelho,Impar,2026-09-24 20:00:09,2026-09-24T22:59:19.564Z,2026-09-24T23:00:09.339Z,2x50 3x50 4x50 10x50 11x50 13x50 14x50 30x50 35x50
6ab5ab7f8da3fc15ad08f244,Red Door Roulette,2,Preto,Par,2026-09-24 20:00:14,2026-09-24T22:59:21.521Z,2026-09-24T23:00:14.943Z,10x1 18x1 20x1 27x1 33x1
6ab5ab9000094984bc40f40a,Lightning Roulette,34,Vermelho,Par,2026-09-24 20:00:31,2026-09-24T22:59:48.917Z,2026-09-24T23:00:31.812Z,3x200 16x150 22x150
6ab5ab9200094984bc40f40b,XXXtreme Lightning Roulette,36,Vermelho,Par,2026-09-24 20:00:34,2026-09-24T22:59:43.602Z,2026-09-24T23:00:34.009Z,6x100 10x200 13x100 19x150 30x700 32x50 36x100
6ab5ab9b00094984bc40f40f,Immersive Roulette,16,Vermelho,Par,2026-09-24 20:00:43,2026-09-24T22:59:54.239Z,2026-09-24T23:00:43.207Z,
6ab5abcf715c757902f2b3d1,Auto Roulette,31,Preto,Impar,2026-09-24 20:00:53,2026-09-24T23:00:10.686Z,2026-09-24T23:00:53.578Z,
6ab5abce943ffe9ea5837423,Red Door Roulette,23,Vermelho,Impar,2026-09-24 20:01:13,2026-09-24T23:00:18.041Z,2026-09-24T23:01:13.441Z,4x1 33x1 26x5 21x1 32x1 31x1 18x1 30x1 0x1 27x1
6ab5abcf715c757902f2b3d2,Lightning Roulette,25,Vermelho,Impar,2026-09-24 20:01:15,2026-09-24T23:00:34.896Z,2026-09-24T23:01:15.352Z,10x300 15x50
6ab5abd1715c757902f2b3d4,XXXtreme Lightning Roulette,23,Vermelho,Impar,2026-09-24 20:01:28,2026-09-24T23:00:37.109Z,2026-09-24T23:01:28.512Z,34x100 12x700 19x100 36x100 25x50 27x100 18x50 3x100
6ab5abd2715c757902f2b3d8,Immersive Roulette,1,Vermelho,Impar,2026-09-24 20:01:34,2026-09-24T23:00:46.271Z,2026-09-24T23:01:34.868Z,
6ab5abd5715c757902f2b3d9,Auto Roulette,7,Vermelho,Impar,2026-09-24 20:01:41,2026-09-24T23:00:56.689Z,2026-09-24T23:01:41.081Z,
6ab5abee715c757902f2b3dd,Lightning Roulette,0,Verde,None,2026-09-24 20:02:05,2026-09-24T23:01:18.492Z,2026-09-24T23:02:05.808Z,5x200 19x100 32x100
6ab5abfd715c757902f2b3df,XXXtreme Lightning Roulette,11,Preto,Impar,2026-09-24 20:02:19,2026-09-24T23:01:31.620Z,2026-09-24T23:02:19.513Z,23x100 22x500 13x100 21x100 17x50 30x600 11x100 9x200
6ab5ac00715c757902f2b3e0,Auto Roulette,29,Preto,Impar,2026-09-24 20:02:23,2026-09-24T23:01:44.186Z,2026-09-24T23:02:23.595Z,
6ab5ac06715c757902f2b3e5,Immersive Roulette,25,Vermelho,Impar,2026-09-24 20:02:29,2026-09-24T23:01:37.930Z,2026-09-24T23:02:29.754Z,
6ab5ac15715c757902f2b3e9,Gold Vault Roulette,27,Vermelho,Impar,2026-09-24 20:02:45,2026-09-24T23:01:55.849Z,2026-09-24T23:02:45.586Z,9x50 10x50 11x100 17x50 24x50 29x50
6ab5ac1c715c757902f2b3eb,Lightning Roulette,33,Preto,Impar,2026-09-24 20:02:52,2026-09-24T23:02:08.883Z,2026-09-24T23:02:52.316Z,9x50 28x100 29x100
6ab5ac2c715c757902f2b3ee,Auto Roulette,32,Vermelho,Par,2026-09-24 20:03:08,2026-09-24T23:02:26.714Z,2026-09-24T23:03:08.574Z,
6ab5ac34715c757902f2b3f1,XXXtreme Lightning Roulette,20,Preto,Par,2026-09-24 20:03:15,2026-09-24T23:02:22.629Z,2026-09-24T23:03:15.019Z,33x100 22x200 13x50 32x1500 31x100 27x50
6ab5ac38715c757902f2b3f2,Immersive Roulette,32,Vermelho,Par,2026-09-24 20:03:20,2026-09-24T23:02:32.851Z,2026-09-24T23:03:20.617Z,
6ab5ac47715c757902f2b3f4,Gold Vault Roulette,20,Preto,Par,2026-09-24 20:03:34,2026-09-24T23:02:48.657Z,2026-09-24T23:03:34.879Z,4x50 12x50 21x50 23x50 26x50
6ab5ac4a715c757902f2b3f5,Lightning Roulette,27,Vermelho,Impar,2026-09-24 20:03:38,2026-09-24T23:02:55.415Z,2026-09-24T23:03:38.321Z,2x100 8x250 9x150 20x100
6ab5ac50943ffe9ea583742c,Red Door Roulette,9,Vermelho,Impar,2026-09-24 20:03:42,2026-09-24T23:01:16.513Z,2026-09-24T23:03:42.336Z,34x1 8x2 33x4 16x1 32x1 29x1 15x1 11x1 9x1
6ab5ac5c715c757902f2b3fb,Auto Roulette,35,Preto,Impar,2026-09-24 20:03:56,2026-09-24T23:03:11.684Z,2026-09-24T23:03:56.578Z,
6ab5ac65715c757902f2b3fc,XXXtreme Lightning Roulette,33,Preto,Impar,2026-09-24 20:04:05,2026-09-24T23:03:18.116Z,2026-09-24T23:04:05.040Z,8x100 12x600 16x50 22x50 25x50 35x50
6ab5ac70715c757902f2b3ff,Immersive Roulette,9,Vermelho,Impar,2026-09-24 20:04:16,2026-09-24T23:03:23.671Z,2026-09-24T23:04:16.700Z,
6ab5ac76715c757902f2b401,Lightning Roulette,13,Preto,Impar,2026-09-24 20:04:21,2026-09-24T23:03:41.439Z,2026-09-24T23:04:21.821Z,21x200 33x50
6ab5ac7f715c757902f2b404,Gold Vault Roulette,21,Vermelho,Impar,2026-09-24 20:04:30,2026-09-24T23:03:37.973Z,2026-09-24T23:04:30.592Z,9x100 33x150 22x50 35x50 6x50 14x50 18x100 30x50
6ab5ac8a715c757902f2b405,Auto Roulette,22,Preto,Par,2026-09-24 20:04:42,2026-09-24T23:03:59.684Z,2026-09-24T23:04:42.593Z,
6ab5ac98715c757902f2b409,XXXtreme Lightning Roulette,25,Vermelho,Impar,2026-09-24 20:04:56,2026-09-24T23:04:08.116Z,2026-09-24T23:04:56.547Z,6x400 7x100 9x600 13x100 17x100 26x150 27x100 32x100 33x100 34x100
6ab5aca8715c757902f2b40c,Lightning Roulette,10,Preto,Par,2026-09-24 20:05:11,2026-09-24T23:04:24.929Z,2026-09-24T23:05:11.810Z,19x150 26x100
6ab5acaa715c757902f2b40d,Immersive Roulette,16,Vermelho,Par,2026-09-24 20:05:13,2026-09-24T23:04:19.784Z,2026-09-24T23:05:13.991Z,
6ab5acb2715c757902f2b40f,Gold Vault Roulette,19,Vermelho,Impar,2026-09-24 20:05:22,2026-09-24T23:04:33.735Z,2026-09-24T23:05:22.725Z,1x50 5x150 16x50 21x50 32x50
6ab5acb6715c757902f2b410,Auto Roulette,21,Vermelho,Impar,2026-09-24 20:05:26,2026-09-24T23:04:45.710Z,2026-09-24T23:05:26.074Z,
6ab5acc2943ffe9ea5837435,Red Door Roulette,35,Preto,Impar,2026-09-24 20:05:36,2026-09-24T23:03:49.548Z,2026-09-24T23:05:36.839Z,12x1 13x1 35x1 10x1 21x1 36x1 0x1 18x1 25x15 14x3
6ab5acce715c757902f2b413,XXXtreme Lightning Roulette,36,Vermelho,Par,2026-09-24 20:05:50,2026-09-24T23:04:59.665Z,2026-09-24T23:05:50.547Z,1x200 20x50 30x50 32x100
6ab5acdc715c757902f2b415,Lightning Roulette,4,Preto,Par,2026-09-24 20:06:04,2026-09-24T23:05:14.966Z,2026-09-24T23:06:04.821Z,11x50 22x150 25x50
6ab5acdd715c757902f2b416,Immersive Roulette,24,Preto,Par,2026-09-24 20:06:05,2026-09-24T23:05:17.083Z,2026-09-24T23:06:05.272Z,
6ab5ace1715c757902f2b418,Auto Roulette,9,Vermelho,Impar,2026-09-24 20:06:09,2026-09-24T23:05:29.170Z,2026-09-24T23:06:09.574Z,
6ab5ace6715c757902f2b41a,Gold Vault Roulette,3,Vermelho,Impar,2026-09-24 20:06:14,2026-09-24T23:05:25.866Z,2026-09-24T23:06:14.033Z,0x50 3x50 5x100 10x100 22x50 24x50 32x150 33x100 35x50
6ab5ad012032f516c5aba701,Red Door Roulette,4,Preto,Par,2026-09-24 20:06:40,2026-09-24T23:05:44.058Z,2026-09-24T23:06:40.950Z,6x2 13x1 24x1 35x1
6ab5ad03715c757902f2b41e,XXXtreme Lightning Roulette,12,Vermelho,Par,2026-09-24 20:06:43,2026-09-24T23:05:53.658Z,2026-09-24T23:06:43.055Z,4x600 6x1000 18x100 24x100 25x50 29x100
6ab5ad11715c757902f2b423,Immersive Roulette,19,Vermelho,Impar,2026-09-24 20:06:56,2026-09-24T23:06:08.394Z,2026-09-24T23:06:56.992Z,
6ab5ad12715c757902f2b424,Lightning Roulette,7,Vermelho,Impar,2026-09-24 20:06:57,2026-09-24T23:06:07.937Z,2026-09-24T23:06:57.820Z,6x50 27x100 28x50
6ab5ad1a715c757902f2b425,Gold Vault Roulette,0,Verde,None,2026-09-24 20:07:06,2026-09-24T23:06:17.126Z,2026-09-24T23:07:06.502Z,2x500 4x150 10x50 17x50 22x50 25x50
6ab5ad37715c757902f2b42a,XXXtreme Lightning Roulette,18,Vermelho,Par,2026-09-24 20:07:35,2026-09-24T23:06:46.137Z,2026-09-24T23:07:35.562Z,12x100 28x50 31x100
6ab5ad42715c757902f2b42d,Lightning Roulette,6,Preto,Par,2026-09-24 20:07:45,2026-09-24T23:07:00.958Z,2026-09-24T23:07:45.826Z,4x100 17x50 32x100
6ab5ad46715c757902f2b42e,Immersive Roulette,13,Preto,Impar,2026-09-24 20:07:50,2026-09-24T23:07:00.054Z,2026-09-24T23:07:50.261Z,
6ab5ad4e715c757902f2b430,Gold Vault Roulette,24,Preto,Par,2026-09-24 20:07:58,2026-09-24T23:07:09.658Z,2026-09-24T23:07:58.161Z,5x50 10x100 13x50 16x50 23x50 29x100 30x100 32x50 35x50
6ab5ad68715c757902f2b437,Auto Roulette,22,Preto,Par,2026-09-24 20:08:24,2026-09-24T23:07:43.669Z,2026-09-24T23:08:24.576Z,
6ab5ad69715c757902f2b438,XXXtreme Lightning Roulette,5,Vermelho,Impar,2026-09-24 20:08:25,2026-09-24T23:07:38.657Z,2026-09-24T23:08:25.066Z,1x1000 12x100
6ab5ad6e943ffe9ea583743f,Red Door Roulette,24,Preto,Par,2026-09-24 20:08:29,2026-09-24T23:06:44.044Z,2026-09-24T23:08:29.113Z,34x1 24x1 31x1 7x1 28x1
6ab5ad6f715c757902f2b439,Lightning Roulette,26,Preto,Par,2026-09-24 20:08:31,2026-09-24T23:07:48.958Z,2026-09-24T23:08:31.306Z,13x100 25x50 33x100
6ab5ad7d715c757902f2b43c,Immersive Roulette,29,Preto,Impar,2026-09-24 20:08:45,2026-09-24T23:07:53.332Z,2026-09-24T23:08:45.542Z,
6ab5ad81715c757902f2b43d,Gold Vault Roulette,10,Preto,Par,2026-09-24 20:08:49,2026-09-24T23:08:01.282Z,2026-09-24T23:08:49.451Z,5x50 9x50 10x50 14x50 15x50 17x50 32x150 35x100
6ab5ad93715c757902f2b441,Auto Roulette,9,Vermelho,Impar,2026-09-24 20:09:07,2026-09-24T23:08:27.657Z,2026-09-24T23:09:07.100Z,
6ab5ad9c715c757902f2b443,XXXtreme Lightning Roulette,32,Vermelho,Par,2026-09-24 20:09:16,2026-09-24T23:08:28.149Z,2026-09-24T23:09:16.071Z,20x50 21x50 32x50
6ab5ada0715c757902f2b445,Lightning Roulette,30,Vermelho,Par,2026-09-24 20:09:20,2026-09-24T23:08:34.445Z,2026-09-24T23:09:20.319Z,13x50 14x50 17x50
6ab5adad2032f516c5aba714,Red Door Roulette,0,Verde,None,2026-09-24 20:09:33,2026-09-24T23:08:37.349Z,2026-09-24T23:09:33.453Z,2x4 3x1 5x1 22x1 31x1
6ab5adb4715c757902f2b449,Immersive Roulette,12,Vermelho,Par,2026-09-24 20:09:40,2026-09-24T23:08:48.652Z,2026-09-24T23:09:40.402Z,
6ab5adbd715c757902f2b44b,Auto Roulette,7,Vermelho,Impar,2026-09-24 20:09:49,2026-09-24T23:09:10.192Z,2026-09-24T23:09:49.087Z,
6ab5add1715c757902f2b44d,XXXtreme Lightning Roulette,29,Preto,Impar,2026-09-24 20:10:09,2026-09-24T23:09:19.165Z,2026-09-24T23:10:09.071Z,15x100 30x100 32x50
6ab5add2715c757902f2b44f,Lightning Roulette,10,Preto,Par,2026-09-24 20:10:10,2026-09-24T23:09:23.451Z,2026-09-24T23:10:10.313Z,10x100 28x150
6ab5ade7715c757902f2b454,Auto Roulette,12,Vermelho,Par,2026-09-24 20:10:31,2026-09-24T23:09:52.195Z,2026-09-24T23:10:31.576Z,
6ab5ade82032f516c5aba71a,Red Door Roulette,6,Preto,Par,2026-09-24 20:10:32,2026-09-24T23:09:36.545Z,2026-09-24T23:10:32.454Z,1x5 2x1 7x1 8x1 15x1
6ab5adeb715c757902f2b457,Gold Vault Roulette,0,Verde,None,2026-09-24 20:10:34,2026-09-24T23:09:45.899Z,2026-09-24T23:10:34.823Z,23x50 25x50 26x50 28x50 36x100
6ab5aded715c757902f2b458,Immersive Roulette,7,Vermelho,Impar,2026-09-24 20:10:36,2026-09-24T23:09:43.469Z,2026-09-24T23:10:36.904Z,
6ab5ae06715c757902f2b45b,Lightning Roulette,29,Preto,Impar,2026-09-24 20:11:02,2026-09-24T23:10:13.424Z,2026-09-24T23:11:02.323Z,6x100 29x50 30x50
6ab5ae09715c757902f2b45d,XXXtreme Lightning Roulette,36,Vermelho,Par,2026-09-24 20:11:05,2026-09-24T23:10:12.175Z,2026-09-24T23:11:05.581Z,0x100 2x700 11x50 18x100 33x600 36x150
6ab5ae10715c757902f2b460,Auto Roulette,36,Vermelho,Par,2026-09-24 20:11:12,2026-09-24T23:10:34.673Z,2026-09-24T23:11:12.576Z,
6ab5ae1f2032f516c5aba71f,Red Door Roulette,4,Preto,Par,2026-09-24 20:11:27,2026-09-24T23:10:35.518Z,2026-09-24T23:11:27.458Z,3x1 10x1 19x1 22x1 30x1 35x3
6ab5ae1f715c757902f2b462,Immersive Roulette,14,Vermelho,Par,2026-09-24 20:11:27,2026-09-24T23:10:39.963Z,2026-09-24T23:11:27.788Z,
6ab5ae22715c757902f2b463,Gold Vault Roulette,15,Preto,Impar,2026-09-24 20:11:30,2026-09-24T23:10:37.913Z,2026-09-24T23:11:30.134Z,6x50 22x50 26x50 30x50 35x50
6ab5ae39715c757902f2b468,Lightning Roulette,36,Vermelho,Par,2026-09-24 20:11:53,2026-09-24T23:11:05.440Z,2026-09-24T23:11:53.348Z,14x300 21x100 33x150
6ab5ae41715c757902f2b46a,Auto Roulette,8,Preto,Par,2026-09-24 20:12:01,2026-09-24T23:11:15.701Z,2026-09-24T23:12:01.078Z,
6ab5ae42715c757902f2b46b,XXXtreme Lightning Roulette,9,Vermelho,Impar,2026-09-24 20:12:02,2026-09-24T23:11:08.686Z,2026-09-24T23:12:02.580Z,5x100 24x100 25x100
6ab5ae53715c757902f2b46d,Gold Vault Roulette,3,Vermelho,Impar,2026-09-24 20:12:19,2026-09-24T23:11:33.304Z,2026-09-24T23:12:19.800Z,9x50 13x50 16x50 19x100 33x50
6ab5ae58715c757902f2b46e,Immersive Roulette,3,Vermelho,Impar,2026-09-24 20:12:24,2026-09-24T23:11:30.857Z,2026-09-24T23:12:24.236Z,
6ab5ae5b2032f516c5aba724,Red Door Roulette,33,Preto,Impar,2026-09-24 20:12:27,2026-09-24T23:11:30.529Z,2026-09-24T23:12:27.457Z,0x1 9x2 18x1 21x1 25x5 26x1 29x1
6ab5ae66715c757902f2b473,Lightning Roulette,28,Preto,Par,2026-09-24 20:12:37,2026-09-24T23:11:56.479Z,2026-09-24T23:12:37.307Z,2x500 3x500 35x50
6ab5ae69715c757902f2b474,Auto Roulette,25,Vermelho,Impar,2026-09-24 20:12:41,2026-09-24T23:12:04.168Z,2026-09-24T23:12:41.072Z,
6ab5ae78715c757902f2b478,XXXtreme Lightning Roulette,16,Vermelho,Par,2026-09-24 20:12:56,2026-09-24T23:12:05.672Z,2026-09-24T23:12:56.091Z,1x100 4x100 6x50 15x100 34x100
6ab5ae86715c757902f2b479,Gold Vault Roulette,9,Vermelho,Impar,2026-09-24 20:13:10,2026-09-24T23:12:22.909Z,2026-09-24T23:13:10.690Z,1x50 5x50 9x50 14x50 20x50 33x100
6ab5ae93715c757902f2b47e,Lightning Roulette,13,Preto,Impar,2026-09-24 20:13:21,2026-09-24T23:12:40.446Z,2026-09-24T23:13:21.808Z,20x150 26x100
6ab5ae92715c757902f2b47d,Auto Roulette,19,Vermelho,Impar,2026-09-24 20:13:22,2026-09-24T23:12:44.162Z,2026-09-24T23:13:22.578Z,
6ab5ae952032f516c5aba72a,Red Door Roulette,6,Preto,Par,2026-09-24 20:13:25,2026-09-24T23:12:30.576Z,2026-09-24T23:13:25.475Z,3x1 19x1 20x1 25x1 28x1 34x1
6ab5aea8715c757902f2b480,XXXtreme Lightning Roulette,28,Preto,Par,2026-09-24 20:13:44,2026-09-24T23:12:59.187Z,2026-09-24T23:13:44.638Z,4x100 20x50 32x50
6ab5aebb715c757902f2b485,Gold Vault Roulette,5,Vermelho,Impar,2026-09-24 20:14:03,2026-09-24T23:13:13.805Z,2026-09-24T23:14:03.216Z,7x50 14x150 19x150 20x50 24x50 26x50 32x50
6ab5aebe715c757902f2b486,Auto Roulette,23,Vermelho,Impar,2026-09-24 20:14:06,2026-09-24T23:13:25.645Z,2026-09-24T23:14:06.570Z,
6ab5aebf715c757902f2b487,Lightning Roulette,13,Preto,Impar,2026-09-24 20:14:06,2026-09-24T23:13:24.909Z,2026-09-24T23:14:06.821Z,10x200 27x50
6ab5aebf715c757902f2b488,Immersive Roulette,12,Vermelho,Par,2026-09-24 20:14:07,2026-09-24T23:13:20.640Z,2026-09-24T23:14:07.195Z,
6ab5aed12032f516c5aba731,Red Door Roulette,12,Vermelho,Par,2026-09-24 20:14:25,2026-09-24T23:13:28.613Z,2026-09-24T23:14:25.471Z,7x1 9x1 16x1 29x15 32x1
6ab5aedb715c757902f2b48e,XXXtreme Lightning Roulette,29,Preto,Impar,2026-09-24 20:14:35,2026-09-24T23:13:47.735Z,2026-09-24T23:14:35.102Z,0x600 4x50 13x100 21x600 22x100 26x100 28x100 30x100 33x100 36x100
6ab5aee9715c757902f2b492,Auto Roulette,13,Preto,Impar,2026-09-24 20:14:49,2026-09-24T23:14:09.663Z,2026-09-24T23:14:49.067Z,
6ab5aeed715c757902f2b493,Lightning Roulette,9,Vermelho,Impar,2026-09-24 20:14:53,2026-09-24T23:14:09.903Z,2026-09-24T23:14:53.321Z,5x50 8x100 26x100
6ab5aef5715c757902f2b496,Immersive Roulette,2,Preto,Par,2026-09-24 20:15:01,2026-09-24T23:14:10.278Z,2026-09-24T23:15:01.268Z,
6ab5af0b2032f516c5aba735,Red Door Roulette,15,Preto,Impar,2026-09-24 20:15:22,2026-09-24T23:14:28.591Z,2026-09-24T23:15:22.961Z,11x1 14x1 16x3 17x1 34x1
6ab5af0c715c757902f2b49a,XXXtreme Lightning Roulette,33,Preto,Impar,2026-09-24 20:15:24,2026-09-24T23:14:38.200Z,2026-09-24T23:15:24.606Z,3x600 9x100 18x300
6ab5af14715c757902f2b49c,Auto Roulette,20,Preto,Par,2026-09-24 20:15:31,2026-09-24T23:14:52.135Z,2026-09-24T23:15:31.623Z,
6ab5af1c715c757902f2b49e,Lightning Roulette,17,Preto,Impar,2026-09-24 20:15:40,2026-09-24T23:14:56.400Z,2026-09-24T23:15:40.320Z,8x50 9x50 22x200
6ab5af2a715c757902f2b4a0,Immersive Roulette,18,Vermelho,Par,2026-09-24 20:15:54,2026-09-24T23:15:04.376Z,2026-09-24T23:15:54.151Z,
6ab5af3a715c757902f2b4a6,XXXtreme Lightning Roulette,7,Vermelho,Impar,2026-09-24 20:16:10,2026-09-24T23:15:27.712Z,2026-09-24T23:16:10.105Z,4x100 5x50 13x100 14x100 17x50 35x100 36x250
6ab5af40715c757902f2b4a7,Auto Roulette,24,Preto,Par,2026-09-24 20:16:16,2026-09-24T23:15:34.709Z,2026-09-24T23:16:16.072Z,
6ab5af472032f516c5aba739,Red Door Roulette,34,Vermelho,Par,2026-09-24 20:16:22,2026-09-24T23:15:26.090Z,2026-09-24T23:16:22.965Z,5x1 6x1 8x1 16x1 23x1
6ab5af49715c757902f2b4a9,Lightning Roulette,28,Preto,Par,2026-09-24 20:16:24,2026-09-24T23:15:43.442Z,2026-09-24T23:16:24.819Z,28x100
6ab5af55715c757902f2b4ab,Gold Vault Roulette,3,Vermelho,Impar,2026-09-24 20:16:36,2026-09-24T23:15:49.775Z,2026-09-24T23:16:36.818Z,0x150 5x50 7x50 13x50 20x50 36x50
6ab5af60715c757902f2b4ae,Immersive Roulette,15,Preto,Impar,2026-09-24 20:16:47,2026-09-24T23:15:57.222Z,2026-09-24T23:16:47.814Z,
6ab5af6c715c757902f2b4af,Auto Roulette,7,Vermelho,Impar,2026-09-24 20:17:00,2026-09-24T23:16:19.234Z,2026-09-24T23:17:00.083Z,
6ab5af6c715c757902f2b4b0,XXXtreme Lightning Roulette,31,Preto,Impar,2026-09-24 20:17:00,2026-09-24T23:16:13.201Z,2026-09-24T23:17:00.102Z,15x200 17x500 34x100
6ab5af7b715c757902f2b4b3,Lightning Roulette,25,Vermelho,Impar,2026-09-24 20:17:15,2026-09-24T23:16:27.966Z,2026-09-24T23:17:15.329Z,0x50 25x200 33x50
6ab5af8a715c757902f2b4b6,Gold Vault Roulette,34,Vermelho,Par,2026-09-24 20:17:30,2026-09-24T23:16:39.934Z,2026-09-24T23:17:30.096Z,0x50 2x150 8x150 14x50 24x50 32x50
6ab5af97715c757902f2b4b8,Auto Roulette,2,Preto,Par,2026-09-24 20:17:43,2026-09-24T23:17:03.207Z,2026-09-24T23:17:43.582Z,
6ab5af98715c757902f2b4b9,Immersive Roulette,9,Vermelho,Impar,2026-09-24 20:17:44,2026-09-24T23:16:50.884Z,2026-09-24T23:17:44.319Z,
6ab5af9c715c757902f2b4ba,XXXtreme Lightning Roulette,25,Vermelho,Impar,2026-09-24 20:17:48,2026-09-24T23:17:03.199Z,2026-09-24T23:17:48.610Z,4x100 21x50 24x100
6ab5afb2715c757902f2b4be,Lightning Roulette,3,Vermelho,Impar,2026-09-24 20:18:09,2026-09-24T23:17:18.421Z,2026-09-24T23:18:09.814Z,2x100 5x50 11x150 16x50
6ab5afbf715c757902f2b4c2,Gold Vault Roulette,10,Preto,Par,2026-09-24 20:18:23,2026-09-24T23:17:33.219Z,2026-09-24T23:18:23.007Z,1x100 7x50 21x150 27x50 30x50 36x50
6ab5afc2715c757902f2b4c3,Auto Roulette,23,Vermelho,Impar,2026-09-24 20:18:26,2026-09-24T23:17:46.649Z,2026-09-24T23:18:26.076Z,
6ab5afce715c757902f2b4c5,XXXtreme Lightning Roulette,15,Preto,Impar,2026-09-24 20:18:38,2026-09-24T23:17:51.703Z,2026-09-24T23:18:38.113Z,13x100 30x50 35x50
6ab5afcf715c757902f2b4c6,Immersive Roulette,34,Vermelho,Par,2026-09-24 20:18:39,2026-09-24T23:17:47.373Z,2026-09-24T23:18:39.175Z,
6ab5afd7943ffe9ea583746a,Red Door Roulette,21,Vermelho,Impar,2026-09-24 20:18:45,2026-09-24T23:16:26.030Z,2026-09-24T23:18:45.764Z,22x1 13x1 16x1 21x1 17x1 18x1 28x1
6ab5afe4715c757902f2b4cd,Lightning Roulette,20,Preto,Par,2026-09-24 20:19:00,2026-09-24T23:18:12.933Z,2026-09-24T23:19:00.328Z,9x50 13x100 34x50
6ab5afed715c757902f2b4ce,Auto Roulette,12,Vermelho,Par,2026-09-24 20:19:09,2026-09-24T23:18:29.181Z,2026-09-24T23:19:09.570Z,
6ab5afef715c757902f2b4cf,Gold Vault Roulette,21,Vermelho,Impar,2026-09-24 20:19:11,2026-09-24T23:18:26.095Z,2026-09-24T23:19:11.095Z,0x50 6x50 7x50 15x100 23x50 26x50 27x50 32x50
6ab5b002715c757902f2b4d3,XXXtreme Lightning Roulette,10,Preto,Par,2026-09-24 20:19:29,2026-09-24T23:18:41.231Z,2026-09-24T23:19:29.617Z,17x50 20x50 34x100
6ab5b006715c757902f2b4d6,Immersive Roulette,24,Preto,Par,2026-09-24 20:19:33,2026-09-24T23:18:42.273Z,2026-09-24T23:19:33.712Z,
6ab5b016715c757902f2b4d9,Lightning Roulette,2,Preto,Par,2026-09-24 20:19:49,2026-09-24T23:19:03.422Z,2026-09-24T23:19:49.312Z,19x100 27x100 8x100
6ab5b0172032f516c5aba74a,Red Door Roulette,20,Preto,Par,2026-09-24 20:19:51,2026-09-24T23:18:52.997Z,2026-09-24T23:19:51.456Z,9x1 23x1 24x2 30x1
6ab5b01a715c757902f2b4da,Auto Roulette,16,Vermelho,Par,2026-09-24 20:19:54,2026-09-24T23:19:12.646Z,2026-09-24T23:19:54.092Z,
6ab5b01f715c757902f2b4dc,Gold Vault Roulette,15,Preto,Impar,2026-09-24 20:19:59,2026-09-24T23:19:14.242Z,2026-09-24T23:19:59.634Z,1x50 2x50 9x100 16x50 17x50 19x50 22x50 27x50 28x100
6ab5b033715c757902f2b4e0,XXXtreme Lightning Roulette,28,Preto,Par,2026-09-24 20:20:19,2026-09-24T23:19:32.723Z,2026-09-24T23:20:19.129Z,1x100 26x100 30x50
6ab5b03a715c757902f2b4e2,Immersive Roulette,11,Preto,Impar,2026-09-24 20:20:26,2026-09-24T23:19:36.820Z,2026-09-24T23:20:26.606Z,
6ab5b047715c757902f2b4e6,Lightning Roulette,0,Verde,None,2026-09-24 20:20:38,2026-09-24T23:19:52.450Z,2026-09-24T23:20:38.826Z,13x100 20x50 36x100
6ab5b04c715c757902f2b4e7,Auto Roulette,4,Preto,Par,2026-09-24 20:20:44,2026-09-24T23:19:57.197Z,2026-09-24T23:20:44.578Z,
6ab5b054715c757902f2b4e8,Gold Vault Roulette,32,Vermelho,Par,2026-09-24 20:20:52,2026-09-24T23:20:02.754Z,2026-09-24T23:20:52.115Z,4x50 7x50 9x50 14x50 33x500 34x50
6ab5b0552032f516c5aba751,Red Door Roulette,25,Vermelho,Impar,2026-09-24 20:20:53,2026-09-24T23:19:54.552Z,2026-09-24T23:20:53.466Z,14x5 24x1 27x1 32x1
6ab5b068715c757902f2b4ec,XXXtreme Lightning Roulette,19,Vermelho,Impar,2026-09-24 20:21:12,2026-09-24T23:20:22.216Z,2026-09-24T23:21:12.130Z,6x50 23x50 30x50 35x100
6ab5b070715c757902f2b4ef,Immersive Roulette,12,Vermelho,Par,2026-09-24 20:21:20,2026-09-24T23:20:29.703Z,2026-09-24T23:21:20.287Z,
6ab5b079715c757902f2b4f1,Auto Roulette,4,Preto,Par,2026-09-24 20:21:29,2026-09-24T23:20:47.690Z,2026-09-24T23:21:29.563Z,
6ab5b07e715c757902f2b4f2,Lightning Roulette,20,Preto,Par,2026-09-24 20:21:33,2026-09-24T23:20:41.963Z,2026-09-24T23:21:33.820Z,9x150 13x100 15x100
6ab5b083715c757902f2b4f5,Gold Vault Roulette,3,Vermelho,Impar,2026-09-24 20:21:39,2026-09-24T23:20:55.268Z,2026-09-24T23:21:39.337Z,9x150 11x50 14x50 17x50 25x50 36x100
6ab5b09d715c757902f2b4f8,XXXtreme Lightning Roulette,31,Preto,Impar,2026-09-24 20:22:05,2026-09-24T23:21:15.223Z,2026-09-24T23:22:05.635Z,11x600 18x100
6ab5b0a7715c757902f2b4fa,Auto Roulette,1,Vermelho,Impar,2026-09-24 20:22:15,2026-09-24T23:21:32.645Z,2026-09-24T23:22:15.072Z,
6ab5b0a7715c757902f2b4fb,Immersive Roulette,24,Preto,Par,2026-09-24 20:22:15,2026-09-24T23:21:23.369Z,2026-09-24T23:22:15.165Z,
6ab5b0b3715c757902f2b4fd,Lightning Roulette,34,Vermelho,Par,2026-09-24 20:22:26,2026-09-24T23:21:36.938Z,2026-09-24T23:22:26.823Z,18x100 33x500
6ab5b0b6715c757902f2b4fe,Gold Vault Roulette,10,Preto,Par,2026-09-24 20:22:30,2026-09-24T23:21:42.422Z,2026-09-24T23:22:30.204Z,0x100 13x50 16x50 25x50 32x50 35x50
6ab5b0c7943ffe9ea583747e,Red Door Roulette,30,Vermelho,Par,2026-09-24 20:22:46,2026-09-24T23:20:56.568Z,2026-09-24T23:22:46.095Z,24x1 5x1 21x1 18x2 30x1 3x1 11x1 9x1
6ab5b0d0715c757902f2b503,Auto Roulette,7,Vermelho,Impar,2026-09-24 20:22:56,2026-09-24T23:22:18.176Z,2026-09-24T23:22:56.565Z,
6ab5b0d2715c757902f2b505,XXXtreme Lightning Roulette,28,Preto,Par,2026-09-24 20:22:58,2026-09-24T23:22:08.736Z,2026-09-24T23:22:58.151Z,24x50 26x100
6ab5b0de715c757902f2b508,Immersive Roulette,33,Preto,Impar,2026-09-24 20:23:10,2026-09-24T23:22:18.257Z,2026-09-24T23:23:10.035Z,
6ab5b0e4715c757902f2b509,Lightning Roulette,16,Vermelho,Par,2026-09-24 20:23:15,2026-09-24T23:22:29.923Z,2026-09-24T23:23:15.826Z,2x200 26x100 29x100
6ab5b0e4715c757902f2b50a,Gold Vault Roulette,31,Preto,Impar,2026-09-24 20:23:16,2026-09-24T23:22:33.288Z,2026-09-24T23:23:16.720Z,4x50 8x50 9x50 11x50 14x150 20x50 21x50 30x150
6ab5b0ff715c757902f2b50f,Auto Roulette,26,Preto,Par,2026-09-24 20:23:43,2026-09-24T23:22:59.647Z,2026-09-24T23:23:43.577Z,
6ab5b104715c757902f2b510,XXXtreme Lightning Roulette,1,Vermelho,Impar,2026-09-24 20:23:48,2026-09-24T23:23:01.236Z,2026-09-24T23:23:48.642Z,2x100 20x50 33x100
6ab5b1082032f516c5aba761,Red Door Roulette,30,Vermelho,Par,2026-09-24 20:23:52,2026-09-24T23:22:54.330Z,2026-09-24T23:23:52.483Z,5x1 6x1 10x1 13x5 25x1 34x1
6ab5b115715c757902f2b514,Immersive Roulette,34,Vermelho,Par,2026-09-24 20:24:04,2026-09-24T23:23:13.100Z,2026-09-24T23:24:04.910Z,
6ab5b115715c757902f2b515,Gold Vault Roulette,0,Verde,None,2026-09-24 20:24:05,2026-09-24T23:23:19.909Z,2026-09-24T23:24:05.631Z,5x50 7x50 8x50 14x100 16x50 17x150 19x50 21x50 29x50 33x100 34x100 35x50
6ab5b118715c757902f2b517,Lightning Roulette,35,Preto,Impar,2026-09-24 20:24:07,2026-09-24T23:23:18.908Z,2026-09-24T23:24:07.827Z,0x50 2x50 28x100
6ab5b12e715c757902f2b51a,Auto Roulette,5,Vermelho,Impar,2026-09-24 20:24:30,2026-09-24T23:23:46.715Z,2026-09-24T23:24:30.076Z,
6ab5b14e715c757902f2b51d,XXXtreme Lightning Roulette,11,Preto,Impar,2026-09-24 20:24:38,2026-09-24T23:23:51.742Z,2026-09-24T23:24:38.653Z,10x100 33x700
6ab5b14e715c757902f2b520,Lightning Roulette,12,Vermelho,Par,2026-09-24 20:24:53,2026-09-24T23:24:10.956Z,2026-09-24T23:24:53.330Z,5x100 16x50 26x100 27x100 30x200
6ab5b14e2032f516c5aba765,Red Door Roulette,34,Vermelho,Par,2026-09-24 20:24:53,2026-09-24T23:23:55.614Z,2026-09-24T23:24:53.466Z,0x1 1x1 6x2 20x1 21x1 28x1
6ab5b14e715c757902f2b521,Gold Vault Roulette,29,Preto,Impar,2026-09-24 20:24:54,2026-09-24T23:24:08.708Z,2026-09-24T23:24:54.037Z,2x50 3x150 5x50 7x50 10x50 19x50 22x100 31x50 34x100
6ab5b14e715c757902f2b522,Immersive Roulette,13,Preto,Impar,2026-09-24 20:24:59,2026-09-24T23:24:07.999Z,2026-09-24T23:24:59.761Z,
6ab5b15c715c757902f2b526,Auto Roulette,19,Vermelho,Impar,2026-09-24 20:25:16,2026-09-24T23:24:33.157Z,2026-09-24T23:25:16.568Z,
6ab5b169715c757902f2b52b,XXXtreme Lightning Roulette,0,Verde,None,2026-09-24 20:25:29,2026-09-24T23:24:41.747Z,2026-09-24T23:25:29.657Z,12x100 14x50 28x150
6ab5b176715c757902f2b52d,Lightning Roulette,26,Preto,Par,2026-09-24 20:25:41,2026-09-24T23:24:56.475Z,2026-09-24T23:25:41.824Z,5x500 27x50
6ab5b178715c757902f2b52e,Gold Vault Roulette,27,Vermelho,Impar,2026-09-24 20:25:44,2026-09-24T23:24:57.124Z,2026-09-24T23:25:44.119Z,5x50 12x50 21x50 27x50 30x50 32x50 36x500
6ab5b17f2032f516c5aba767,Red Door Roulette,6,Preto,Par,2026-09-24 20:25:50,2026-09-24T23:24:56.570Z,2026-09-24T23:25:50.989Z,5x1 10x1 13x1 16x1 17x1 18x1 20x1 24x1 32x1
6ab5b185715c757902f2b531,Immersive Roulette,6,Preto,Par,2026-09-24 20:25:57,2026-09-24T23:25:02.855Z,2026-09-24T23:25:57.058Z,
6ab5b189715c757902f2b533,Auto Roulette,33,Preto,Impar,2026-09-24 20:26:01,2026-09-24T23:25:19.705Z,2026-09-24T23:26:01.569Z,
6ab5b19c715c757902f2b538,XXXtreme Lightning Roulette,26,Preto,Par,2026-09-24 20:26:20,2026-09-24T23:25:32.755Z,2026-09-24T23:26:20.660Z,5x100 11x100 18x1000
6ab5b1a7715c757902f2b539,Gold Vault Roulette,32,Vermelho,Par,2026-09-24 20:26:31,2026-09-24T23:25:47.234Z,2026-09-24T23:26:31.410Z,6x100 11x100 18x100 20x50 24x50 29x50 34x50
6ab5b1aa715c757902f2b53a,Lightning Roulette,13,Preto,Impar,2026-09-24 20:26:33,2026-09-24T23:25:44.939Z,2026-09-24T23:26:33.822Z,13x150 19x100 34x50
6ab5b1b8715c757902f2b53e,Auto Roulette,19,Vermelho,Impar,2026-09-24 20:26:48,2026-09-24T23:26:04.687Z,2026-09-24T23:26:48.570Z,
6ab5b1bb2032f516c5aba76d,Red Door Roulette,6,Preto,Par,2026-09-24 20:26:50,2026-09-24T23:25:54.122Z,2026-09-24T23:26:50.961Z,5x1 9x1 11x1 13x1 20x1 32x1 34x1
6ab5b1bb715c757902f2b540,Immersive Roulette,24,Preto,Par,2026-09-24 20:26:51,2026-09-24T23:26:00.170Z,2026-09-24T23:26:51.122Z,
6ab5b1cd715c757902f2b541,XXXtreme Lightning Roulette,30,Vermelho,Par,2026-09-24 20:27:09,2026-09-24T23:26:23.757Z,2026-09-24T23:27:09.171Z,6x100 9x100 10x100 14x100 26x50 32x100 36x50
6ab5b1dd715c757902f2b544,Lightning Roulette,20,Preto,Par,2026-09-24 20:27:24,2026-09-24T23:26:36.958Z,2026-09-24T23:27:24.819Z,3x50 32x100 35x50
6ab5b1e4715c757902f2b546,Auto Roulette,9,Vermelho,Impar,2026-09-24 20:27:32,2026-09-24T23:26:51.680Z,2026-09-24T23:27:32.068Z,
6ab5b1ed715c757902f2b54a,Immersive Roulette,8,Preto,Par,2026-09-24 20:27:41,2026-09-24T23:26:54.179Z,2026-09-24T23:27:41.178Z,
6ab5b1f82032f516c5aba76f,Red Door Roulette,10,Preto,Par,2026-09-24 20:27:51,2026-09-24T23:26:54.062Z,2026-09-24T23:27:51.970Z,0x1 2x1 25x1
6ab5b203715c757902f2b54f,XXXtreme Lightning Roulette,36,Vermelho,Par,2026-09-24 20:28:03,2026-09-24T23:27:12.276Z,2026-09-24T23:28:03.671Z,1x300 2x100 8x100 15x100 24x100 33x50
6ab5b207715c757902f2b550,Gold Vault Roulette,15,Preto,Impar,2026-09-24 20:28:06,2026-09-24T23:27:22.187Z,2026-09-24T23:28:06.753Z,0x50 1x50 3x100 8x50 9x100 13x50 16x50 20x50 32x50 34x100 36x50
6ab5b20e715c757902f2b553,Auto Roulette,4,Preto,Par,2026-09-24 20:28:14,2026-09-24T23:27:35.153Z,2026-09-24T23:28:14.578Z,
6ab5b20f715c757902f2b555,Lightning Roulette,36,Vermelho,Par,2026-09-24 20:28:14,2026-09-24T23:27:27.933Z,2026-09-24T23:28:14.830Z,8x50 18x200 29x100
6ab5b221715c757902f2b557,Immersive Roulette,34,Vermelho,Par,2026-09-24 20:28:32,2026-09-24T23:27:44.237Z,2026-09-24T23:28:32.834Z,
6ab5b236715c757902f2b55a,XXXtreme Lightning Roulette,9,Vermelho,Impar,2026-09-24 20:28:54,2026-09-24T23:28:06.768Z,2026-09-24T23:28:54.672Z,0x50 7x200 14x600 15x100 21x100 24x100 31x600
6ab5b237715c757902f2b55c,Gold Vault Roulette,34,Vermelho,Par,2026-09-24 20:28:55,2026-09-24T23:28:09.862Z,2026-09-24T23:28:55.270Z,1x50 3x50 4x150 9x50 14x50 19x50 21x100 23x100 34x50
6ab5b2382032f516c5aba773,Red Door Roulette,15,Preto,Impar,2026-09-24 20:28:55,2026-09-24T23:27:55.072Z,2026-09-24T23:28:55.992Z,1x1 8x1 12x1 14x1 22x1 29x1 30x1 35x1
6ab5b23b715c757902f2b55d,Auto Roulette,11,Preto,Impar,2026-09-24 20:28:59,2026-09-24T23:28:17.708Z,2026-09-24T23:28:59.077Z,
6ab5b242715c757902f2b55f,Lightning Roulette,25,Vermelho,Impar,2026-09-24 20:29:05,2026-09-24T23:28:17.923Z,2026-09-24T23:29:05.836Z,13x250 36x50
6ab5b253715c757902f2b560,Immersive Roulette,8,Preto,Par,2026-09-24 20:29:23,2026-09-24T23:28:35.920Z,2026-09-24T23:29:23.317Z,
6ab5b267715c757902f2b566,Gold Vault Roulette,15,Preto,Impar,2026-09-24 20:29:43,2026-09-24T23:28:58.369Z,2026-09-24T23:29:43.762Z,1x150 5x150 9x50 12x100 15x100 33x50
6ab5b269715c757902f2b567,Auto Roulette,1,Vermelho,Impar,2026-09-24 20:29:45,2026-09-24T23:29:02.142Z,2026-09-24T23:29:45.577Z,
6ab5b26c715c757902f2b568,XXXtreme Lightning Roulette,34,Vermelho,Par,2026-09-24 20:29:48,2026-09-24T23:28:57.770Z,2026-09-24T23:29:48.680Z,17x100 18x100 28x100
6ab5b271715c757902f2b569,Lightning Roulette,26,Preto,Par,2026-09-24 20:29:52,2026-09-24T23:29:08.973Z,2026-09-24T23:29:52.825Z,24x100 26x100
6ab5b2762032f516c5aba778,Red Door Roulette,31,Preto,Impar,2026-09-24 20:29:57,2026-09-24T23:28:59.099Z,2026-09-24T23:29:57.979Z,4x1 12x1 17x1 18x1 20x1
6ab5b287715c757902f2b56e,Immersive Roulette,7,Vermelho,Impar,2026-09-24 20:30:15,2026-09-24T23:29:26.369Z,2026-09-24T23:30:15.079Z,
6ab5b292715c757902f2b571,Auto Roulette,22,Preto,Par,2026-09-24 20:30:26,2026-09-24T23:29:48.651Z,2026-09-24T23:30:26.059Z,
6ab5b2a2715c757902f2b575,XXXtreme Lightning Roulette,1,Vermelho,Impar,2026-09-24 20:30:42,2026-09-24T23:29:51.775Z,2026-09-24T23:30:42.688Z,0x200 8x200 23x50 35x100
6ab5b2a3715c757902f2b576,Lightning Roulette,9,Vermelho,Impar,2026-09-24 20:30:43,2026-09-24T23:29:55.905Z,2026-09-24T23:30:43.326Z,11x100 33x100
6ab5b2af2032f516c5aba77b,Red Door Roulette,5,Vermelho,Impar,2026-09-24 20:30:55,2026-09-24T23:30:01.087Z,2026-09-24T23:30:55.491Z,1x1 10x1 27x1 34x1
6ab5b2bb715c757902f2b57c,Immersive Roulette,2,Preto,Par,2026-09-24 20:31:07,2026-09-24T23:30:18.137Z,2026-09-24T23:31:07.112Z,
6ab5b2bd715c757902f2b57e,Auto Roulette,34,Vermelho,Par,2026-09-24 20:31:08,2026-09-24T23:30:29.175Z,2026-09-24T23:31:08.565Z,
6ab5b2d2715c757902f2b584,Lightning Roulette,24,Preto,Par,2026-09-24 20:31:30,2026-09-24T23:30:46.439Z,2026-09-24T23:31:30.329Z,24x100 27x150 33x100
6ab5b2d5d32ef4734218ff14,XXXtreme Lightning Roulette,30,Vermelho,Par,2026-09-24 20:31:32,2026-09-24T23:30:45.785Z,2026-09-24T23:31:32.188Z,1x150 4x1000 5x50
6ab5b2e7715c757902f2b586,Auto Roulette,32,Vermelho,Par,2026-09-24 20:31:51,2026-09-24T23:31:11.663Z,2026-09-24T23:31:51.572Z,
6ab5b2e92032f516c5aba77f,Red Door Roulette,10,Preto,Par,2026-09-24 20:31:53,2026-09-24T23:30:58.595Z,2026-09-24T23:31:53.490Z,1x1 8x1 28x1 34x1 35x1
6ab5b2ed715c757902f2b58a,Immersive Roulette,34,Vermelho,Par,2026-09-24 20:31:57,2026-09-24T23:31:10.178Z,2026-09-24T23:31:57.196Z,
6ab5b2f7715c757902f2b58b,Gold Vault Roulette,17,Preto,Impar,2026-09-24 20:32:07,2026-09-24T23:31:23.775Z,2026-09-24T23:32:07.145Z,0x50 2x50 4x50 9x50 15x50 16x50 25x50 27x50 28x50
6ab5b301715c757902f2b58e,Lightning Roulette,7,Vermelho,Impar,2026-09-24 20:32:17,2026-09-24T23:31:33.434Z,2026-09-24T23:32:17.338Z,13x100 23x100 25x100
6ab5b308d32ef4734218ff17,XXXtreme Lightning Roulette,1,Vermelho,Impar,2026-09-24 20:32:22,2026-09-24T23:31:35.287Z,2026-09-24T23:32:22.687Z,26x200 24x200 25x300 20x50 29x600 6x100 36x50
6ab5b312715c757902f2b58f,Auto Roulette,5,Vermelho,Impar,2026-09-24 20:32:34,2026-09-24T23:31:54.671Z,2026-09-24T23:32:34.074Z,
6ab5b322715c757902f2b596,Immersive Roulette,36,Vermelho,Par,2026-09-24 20:32:50,2026-09-24T23:32:00.274Z,2026-09-24T23:32:50.492Z,
6ab5b327715c757902f2b597,Gold Vault Roulette,4,Preto,Par,2026-09-24 20:32:54,2026-09-24T23:32:10.257Z,2026-09-24T23:32:54.851Z,2x50 4x150 6x50 16x50 21x50 30x50 35x150
6ab5b3292032f516c5aba783,Red Door Roulette,12,Vermelho,Par,2026-09-24 20:32:56,2026-09-24T23:31:56.572Z,2026-09-24T23:32:56.986Z,15x5 16x1 33x1 35x1
6ab5b337715c757902f2b59a,XXXtreme Lightning Roulette,29,Preto,Impar,2026-09-24 20:33:11,2026-09-24T23:32:25.776Z,2026-09-24T23:33:11.199Z,4x50 28x200
6ab5b338715c757902f2b59b,Lightning Roulette,19,Vermelho,Impar,2026-09-24 20:33:12,2026-09-24T23:32:20.485Z,2026-09-24T23:33:12.328Z,15x100 24x500
6ab5b340715c757902f2b59e,Auto Roulette,6,Preto,Par,2026-09-24 20:33:20,2026-09-24T23:32:37.195Z,2026-09-24T23:33:20.560Z,
6ab5b354715c757902f2b5a2,Gold Vault Roulette,27,Vermelho,Impar,2026-09-24 20:33:40,2026-09-24T23:32:57.965Z,2026-09-24T23:33:40.548Z,0x50 5x50 14x50 15x50 18x50 25x100 27x50 33x50
6ab5b356715c757902f2b5a3,Immersive Roulette,23,Vermelho,Impar,2026-09-24 20:33:42,2026-09-24T23:32:53.585Z,2026-09-24T23:33:42.558Z,
6ab5b368715c757902f2b5a6,Lightning Roulette,2,Preto,Par,2026-09-24 20:34:00,2026-09-24T23:33:15.471Z,2026-09-24T23:34:00.334Z,4x50 20x50
6ab5b368715c757902f2b5a8,Auto Roulette,25,Vermelho,Impar,2026-09-24 20:34:00,2026-09-24T23:33:23.661Z,2026-09-24T23:34:00.570Z,
6ab5b369715c757902f2b5a9,XXXtreme Lightning Roulette,25,Vermelho,Impar,2026-09-24 20:34:01,2026-09-24T23:33:14.296Z,2026-09-24T23:34:01.715Z,12x100 15x200 16x50 28x100 31x50 32x100
6ab5b385715c757902f2b5b0,Gold Vault Roulette,11,Preto,Impar,2026-09-24 20:34:28,2026-09-24T23:33:43.622Z,2026-09-24T23:34:28.999Z,0x50 7x50 17x50 19x50 22x50 29x50 34x50
6ab5b386715c757902f2b5b1,Immersive Roulette,4,Preto,Par,2026-09-24 20:34:30,2026-09-24T23:33:45.653Z,2026-09-24T23:34:30.233Z,
6ab5b392715c757902f2b5b3,Auto Roulette,23,Vermelho,Impar,2026-09-24 20:34:42,2026-09-24T23:34:03.655Z,2026-09-24T23:34:42.060Z,
6ab5b397715c757902f2b5b6,Lightning Roulette,32,Vermelho,Par,2026-09-24 20:34:47,2026-09-24T23:34:03.453Z,2026-09-24T23:34:47.333Z,9x100 13x100 33x100
6ab5b39b715c757902f2b5b8,XXXtreme Lightning Roulette,5,Vermelho,Impar,2026-09-24 20:34:51,2026-09-24T23:34:04.808Z,2026-09-24T23:34:51.712Z,1x100 3x500 26x100 27x50
6ab5b39f943ffe9ea58374b2,Red Door Roulette,17,Preto,Impar,2026-09-24 20:34:53,2026-09-24T23:33:00.079Z,2026-09-24T23:34:53.737Z,8x1 26x3 35x1 17x1 31x1 2x3 3x1 0x1 20x2 27x1
6ab5b3b7715c757902f2b5bb,Gold Vault Roulette,5,Vermelho,Impar,2026-09-24 20:35:19,2026-09-24T23:34:32.120Z,2026-09-24T23:35:19.502Z,1x50 4x50 12x50 13x50 30x50 32x50 36x100
6ab5b3bd715c757902f2b5bd,Immersive Roulette,27,Vermelho,Impar,2026-09-24 20:35:25,2026-09-24T23:34:33.324Z,2026-09-24T23:35:25.508Z,
6ab5b3be715c757902f2b5bf,Auto Roulette,24,Preto,Par,2026-09-24 20:35:26,2026-09-24T23:34:45.160Z,2026-09-24T23:35:26.565Z,
6ab5b3c8715c757902f2b5c1,Lightning Roulette,32,Vermelho,Par,2026-09-24 20:35:35,2026-09-24T23:34:50.426Z,2026-09-24T23:35:35.835Z,17x50 23x50 36x50
6ab5b3ce715c757902f2b5c3,XXXtreme Lightning Roulette,8,Preto,Par,2026-09-24 20:35:42,2026-09-24T23:34:54.807Z,2026-09-24T23:35:42.219Z,0x50 9x100 17x100
6ab5b3e4715c757902f2b5c6,Gold Vault Roulette,28,Preto,Par,2026-09-24 20:36:03,2026-09-24T23:35:22.611Z,2026-09-24T23:36:03.992Z,2x50 9x50 10x50 14x50 15x50 17x50 24x50 29x100 32x50
6ab5b3f9715c757902f2b5cb,Lightning Roulette,17,Preto,Impar,2026-09-24 20:36:24,2026-09-24T23:35:38.962Z,2026-09-24T23:36:24.829Z,0x100 16x100 27x50
6ab5b3ff715c757902f2b5cc,XXXtreme Lightning Roulette,35,Preto,Impar,2026-09-24 20:36:31,2026-09-24T23:35:45.330Z,2026-09-24T23:36:31.232Z,15x50 16x200 20x100 30x50
6ab5b413715c757902f2b5d2,Gold Vault Roulette,2,Preto,Par,2026-09-24 20:36:51,2026-09-24T23:36:07.133Z,2026-09-24T23:36:51.241Z,0x100 3x100 4x100 7x150 11x50 15x50 18x50 21x50 25x50 27x50 29x50 31x500 33x50 36x100
6ab5b419715c757902f2b5d4,Auto Roulette,35,Preto,Impar,2026-09-24 20:36:57,2026-09-24T23:36:16.661Z,2026-09-24T23:36:57.073Z,
6ab5b426715c757902f2b5d6,Immersive Roulette,23,Vermelho,Impar,2026-09-24 20:37:10,2026-09-24T23:36:19.021Z,2026-09-24T23:37:10.019Z,
6ab5b427715c757902f2b5d7,Lightning Roulette,30,Vermelho,Par,2026-09-24 20:37:11,2026-09-24T23:36:27.935Z,2026-09-24T23:37:11.341Z,30x100 31x100 34x50
6ab5b435715c757902f2b5d9,XXXtreme Lightning Roulette,16,Vermelho,Par,2026-09-24 20:37:25,2026-09-24T23:36:34.325Z,2026-09-24T23:37:25.221Z,27x100 34x50 35x50
6ab5b441715c757902f2b5db,Auto Roulette,11,Preto,Impar,2026-09-24 20:37:37,2026-09-24T23:37:00.191Z,2026-09-24T23:37:37.576Z,
6ab5b443715c757902f2b5dc,Gold Vault Roulette,34,Vermelho,Par,2026-09-24 20:37:38,2026-09-24T23:36:54.355Z,2026-09-24T23:37:38.928Z,0x50 9x50 12x50 28x50 33x50
6ab5b453943ffe9ea58374c1,Red Door Roulette,21,Vermelho,Impar,2026-09-24 20:37:53,2026-09-24T23:35:00.949Z,2026-09-24T23:37:53.438Z,23x1 11x1 33x1 21x1 1x1 25x1 7x1 3x1
6ab5b45a715c757902f2b5df,Immersive Roulette,3,Vermelho,Impar,2026-09-24 20:38:02,2026-09-24T23:37:13.124Z,2026-09-24T23:38:02.134Z,
6ab5b45d715c757902f2b5e0,Lightning Roulette,20,Preto,Par,2026-09-24 20:38:04,2026-09-24T23:37:14.453Z,2026-09-24T23:38:04.834Z,2x100 16x300
6ab5b46c715c757902f2b5e5,XXXtreme Lightning Roulette,12,Vermelho,Par,2026-09-24 20:38:20,2026-09-24T23:37:28.321Z,2026-09-24T23:38:20.735Z,4x600 9x100 17x50 21x200 22x50 24x100 31x50 32x50
6ab5b470715c757902f2b5e6,Auto Roulette,34,Vermelho,Par,2026-09-24 20:38:24,2026-09-24T23:37:40.673Z,2026-09-24T23:38:24.558Z,
6ab5b475715c757902f2b5e9,Gold Vault Roulette,33,Preto,Impar,2026-09-24 20:38:29,2026-09-24T23:37:42.035Z,2026-09-24T23:38:29.027Z,0x50 15x100 16x50 18x100 19x100
6ab5b48a715c757902f2b5ed,Immersive Roulette,23,Vermelho,Impar,2026-09-24 20:38:50,2026-09-24T23:38:05.189Z,2026-09-24T23:38:50.168Z,
6ab5b48d715c757902f2b5ef,Lightning Roulette,33,Preto,Impar,2026-09-24 20:38:53,2026-09-24T23:38:07.924Z,2026-09-24T23:38:53.336Z,30x200 33x50 36x50
6ab5b49a715c757902f2b5f3,Auto Roulette,22,Preto,Par,2026-09-24 20:39:06,2026-09-24T23:38:27.691Z,2026-09-24T23:39:06.592Z,
6ab5b4a1715c757902f2b5f5,XXXtreme Lightning Roulette,29,Preto,Impar,2026-09-24 20:39:13,2026-09-24T23:38:23.821Z,2026-09-24T23:39:13.739Z,5x100 22x100
6ab5b4a5715c757902f2b5f7,Gold Vault Roulette,6,Preto,Par,2026-09-24 20:39:17,2026-09-24T23:38:32.144Z,2026-09-24T23:39:17.121Z,5x50 11x50 16x500 18x50 23x50 24x50 26x50 33x50 36x50
6ab5b4c0715c757902f2b5fd,Lightning Roulette,28,Preto,Par,2026-09-24 20:39:44,2026-09-24T23:38:56.423Z,2026-09-24T23:39:44.348Z,10x200 29x150 31x100
6ab5b4ce943ffe9ea58374c9,Red Door Roulette,2,Preto,Par,2026-09-24 20:39:53,2026-09-24T23:38:01.650Z,2026-09-24T23:39:53.347Z,14x1 2x1 8x1
6ab5b4cb715c757902f2b601,Auto Roulette,18,Vermelho,Par,2026-09-24 20:39:55,2026-09-24T23:39:09.717Z,2026-09-24T23:39:55.579Z,
6ab5b4d5715c757902f2b604,XXXtreme Lightning Roulette,31,Preto,Impar,2026-09-24 20:40:05,2026-09-24T23:39:16.834Z,2026-09-24T23:40:05.242Z,0x50 1x100 15x50 19x100 23x50 28x50
6ab5b4d7715c757902f2b605,Gold Vault Roulette,11,Preto,Impar,2026-09-24 20:40:07,2026-09-24T23:39:20.255Z,2026-09-24T23:40:07.192Z,1x100 2x50 3x50 8x50 10x500 17x100 28x100 33x100
6ab5b4eb715c757902f2b609,Immersive Roulette,34,Vermelho,Par,2026-09-24 20:40:27,2026-09-24T23:39:40.902Z,2026-09-24T23:40:27.488Z,
6ab5b4ec715c757902f2b60a,Lightning Roulette,34,Vermelho,Par,2026-09-24 20:40:27,2026-09-24T23:39:47.489Z,2026-09-24T23:40:27.831Z,1x100 27x50
6ab5b4f4715c757902f2b60c,Auto Roulette,23,Vermelho,Impar,2026-09-24 20:40:36,2026-09-24T23:39:58.730Z,2026-09-24T23:40:36.067Z,
6ab5b508715c757902f2b610,Gold Vault Roulette,2,Preto,Par,2026-09-24 20:40:56,2026-09-24T23:40:10.313Z,2026-09-24T23:40:56.079Z,1x150 18x150 24x150 25x50 29x50 35x50 36x100
6ab5b50a715c757902f2b612,XXXtreme Lightning Roulette,10,Preto,Par,2026-09-24 20:40:58,2026-09-24T23:40:08.344Z,2026-09-24T23:40:58.248Z,6x100 13x100 14x100 21x100 22x1000 27x100
6ab5b50b2032f516c5aba796,Red Door Roulette,11,Preto,Impar,2026-09-24 20:40:59,2026-09-24T23:40:00.581Z,2026-09-24T23:40:59.492Z,1x15 2x1 3x1 4x1 6x1 14x1 22x1 23x1 29x3 31x1 35x1
6ab5b519715c757902f2b615,Lightning Roulette,28,Preto,Par,2026-09-24 20:41:12,2026-09-24T23:40:30.926Z,2026-09-24T23:41:12.832Z,13x200 15x100 17x500
6ab5b523715c757902f2b618,Immersive Roulette,28,Preto,Par,2026-09-24 20:41:22,2026-09-24T23:40:30.611Z,2026-09-24T23:41:22.806Z,
6ab5b523715c757902f2b619,Auto Roulette,8,Preto,Par,2026-09-24 20:41:23,2026-09-24T23:40:39.160Z,2026-09-24T23:41:23.576Z,
6ab5b538715c757902f2b61c,Gold Vault Roulette,15,Preto,Impar,2026-09-24 20:41:44,2026-09-24T23:40:59.171Z,2026-09-24T23:41:44.548Z,1x50 2x50 3x50 6x100 10x150 13x50 14x50 17x50 20x100 22x50 25x50 26x150
6ab5b53d715c757902f2b61d,XXXtreme Lightning Roulette,21,Vermelho,Impar,2026-09-24 20:41:49,2026-09-24T23:41:01.337Z,2026-09-24T23:41:49.250Z,9x50 12x200 19x50 36x50
6ab5b5462032f516c5aba79a,Red Door Roulette,13,Preto,Impar,2026-09-24 20:41:57,2026-09-24T23:41:02.590Z,2026-09-24T23:41:57.986Z,3x1 5x1 6x1 15x1 17x1 20x1 25x1 26x15 31x1 32x1 34x1 35x1
6ab5b54ed32ef4734218ff63,Lightning Roulette,20,Preto,Par,2026-09-24 20:42:04,2026-09-24T23:41:15.951Z,2026-09-24T23:42:04.835Z,14x50 15x200 26x100
6ab5b552715c757902f2b620,Auto Roulette,26,Preto,Par,2026-09-24 20:42:10,2026-09-24T23:41:26.660Z,2026-09-24T23:42:10.059Z,
6ab5b575715c757902f2b626,XXXtreme Lightning Roulette,13,Preto,Impar,2026-09-24 20:42:45,2026-09-24T23:41:52.347Z,2026-09-24T23:42:45.261Z,7x50 16x50 18x100 19x500 23x600 24x700 31x100
6ab5b57e715c757902f2b628,Lightning Roulette,20,Preto,Par,2026-09-24 20:42:53,2026-09-24T23:42:07.967Z,2026-09-24T23:42:53.833Z,3x50 10x150 27x100
6ab5b57f715c757902f2b629,Auto Roulette,16,Vermelho,Par,2026-09-24 20:42:55,2026-09-24T23:42:13.168Z,2026-09-24T23:42:55.074Z,
6ab5b5812032f516c5aba79e,Red Door Roulette,29,Preto,Impar,2026-09-24 20:42:56,2026-09-24T23:42:01.114Z,2026-09-24T23:42:56.982Z,2x1 6x1 13x1 21x1
6ab5b585715c757902f2b62a,Immersive Roulette,19,Vermelho,Impar,2026-09-24 20:43:00,2026-09-24T23:42:15.529Z,2026-09-24T23:43:00.952Z,
6ab5b59f715c757902f2b62d,Gold Vault Roulette,36,Vermelho,Par,2026-09-24 20:43:27,2026-09-24T23:42:39.021Z,2026-09-24T23:43:27.210Z,1x150 2x50 4x50 8x50 17x50 18x50 26x50 29x100 31x50 33x50 35x50 36x50
6ab5b5a7715c757902f2b632,XXXtreme Lightning Roulette,12,Vermelho,Par,2026-09-24 20:43:35,2026-09-24T23:42:48.353Z,2026-09-24T23:43:35.264Z,12x200 34x150
6ab5b5a8715c757902f2b633,Auto Roulette,28,Preto,Par,2026-09-24 20:43:36,2026-09-24T23:42:58.193Z,2026-09-24T23:43:36.568Z,
6ab5b5a9715c757902f2b634,Lightning Roulette,30,Vermelho,Par,2026-09-24 20:43:37,2026-09-24T23:42:56.974Z,2026-09-24T23:43:37.338Z,3x100 17x50
6ab5b5b9715c757902f2b638,Immersive Roulette,1,Vermelho,Impar,2026-09-24 20:43:53,2026-09-24T23:43:04.036Z,2026-09-24T23:43:53.416Z,
6ab5b5be2032f516c5aba7a0,Red Door Roulette,10,Preto,Par,2026-09-24 20:43:57,2026-09-24T23:43:00.103Z,2026-09-24T23:43:57.989Z,2x3 8x4 12x1 25x1 27x1 30x1 35x1 36x3
6ab5b5d0715c757902f2b63d,Gold Vault Roulette,31,Preto,Impar,2026-09-24 20:44:16,2026-09-24T23:43:30.311Z,2026-09-24T23:44:16.480Z,2x50 3x150 4x50 6x50 10x150 11x50 14x50 16x50 18x50 19x50 20x50 25x50 26x50 27x50 28x50 33x50
6ab5b5d2715c757902f2b63e,Auto Roulette,9,Vermelho,Impar,2026-09-24 20:44:18,2026-09-24T23:43:39.682Z,2026-09-24T23:44:18.064Z,
6ab5b5db715c757902f2b63f,Lightning Roulette,6,Preto,Par,2026-09-24 20:44:26,2026-09-24T23:43:40.443Z,2026-09-24T23:44:26.846Z,13x50 20x50
6ab5b5dd715c757902f2b640,XXXtreme Lightning Roulette,17,Preto,Impar,2026-09-24 20:44:29,2026-09-24T23:43:38.360Z,2026-09-24T23:44:29.269Z,6x50 15x50 24x600
6ab5b5ee715c757902f2b642,Immersive Roulette,31,Preto,Impar,2026-09-24 20:44:46,2026-09-24T23:43:56.491Z,2026-09-24T23:44:46.289Z,
6ab5b5fd715c757902f2b647,Auto Roulette,24,Preto,Par,2026-09-24 20:45:01,2026-09-24T23:44:21.194Z,2026-09-24T23:45:01.570Z,
6ab5b603715c757902f2b649,Gold Vault Roulette,36,Vermelho,Par,2026-09-24 20:45:07,2026-09-24T23:44:19.553Z,2026-09-24T23:45:07.739Z,2x50 3x50 4x50 11x50 15x50 23x50 26x50 27x150 29x50 35x50
6ab5b60f715c757902f2b64c,Lightning Roulette,10,Preto,Par,2026-09-24 20:45:19,2026-09-24T23:44:29.960Z,2026-09-24T23:45:19.347Z,19x100 29x50
6ab5b614715c757902f2b64d,XXXtreme Lightning Roulette,14,Vermelho,Par,2026-09-24 20:45:24,2026-09-24T23:44:32.376Z,2026-09-24T23:45:24.279Z,4x50 21x100
6ab5b623715c757902f2b650,Immersive Roulette,36,Vermelho,Par,2026-09-24 20:45:39,2026-09-24T23:44:49.379Z,2026-09-24T23:45:39.637Z,
6ab5b62c715c757902f2b653,Auto Roulette,17,Preto,Impar,2026-09-24 20:45:48,2026-09-24T23:45:04.652Z,2026-09-24T23:45:48.056Z,
6ab5b632715c757902f2b655,Gold Vault Roulette,26,Preto,Par,2026-09-24 20:45:54,2026-09-24T23:45:10.826Z,2026-09-24T23:45:54.626Z,0x100 2x100 4x500 8x50 10x50 12x150 15x50 17x100 19x50 22x50 27x50 28x50 30x50 33x50 36x50
6ab5b640715c757902f2b658,Lightning Roulette,16,Vermelho,Par,2026-09-24 20:46:07,2026-09-24T23:45:22.494Z,2026-09-24T23:46:07.845Z,15x100 19x100 28x100
6ab5b64b715c757902f2b659,XXXtreme Lightning Roulette,4,Preto,Par,2026-09-24 20:46:18,2026-09-24T23:45:27.416Z,2026-09-24T23:46:18.775Z,18x100 19x100 22x100
6ab5b654943ffe9ea58374e6,Red Door Roulette,10,Preto,Par,2026-09-24 20:46:25,2026-09-24T23:44:01.110Z,2026-09-24T23:46:25.919Z,10x1 12x1 29x1 31x1
6ab5b655715c757902f2b65d,Immersive Roulette,26,Preto,Par,2026-09-24 20:46:29,2026-09-24T23:45:42.723Z,2026-09-24T23:46:29.706Z,
6ab5b657715c757902f2b65e,Auto Roulette,35,Preto,Impar,2026-09-24 20:46:31,2026-09-24T23:45:51.176Z,2026-09-24T23:46:31.573Z,
6ab5b671715c757902f2b661,Lightning Roulette,36,Vermelho,Par,2026-09-24 20:46:57,2026-09-24T23:46:10.997Z,2026-09-24T23:46:57.339Z,23x100 34x100
6ab5b67d715c757902f2b664,XXXtreme Lightning Roulette,4,Preto,Par,2026-09-24 20:47:09,2026-09-24T23:46:21.862Z,2026-09-24T23:47:09.342Z,5x600 7x100 21x600 25x100 27x50 30x50 31x100 33x200
6ab5b682715c757902f2b667,Auto Roulette,30,Vermelho,Par,2026-09-24 20:47:14,2026-09-24T23:46:34.674Z,2026-09-24T23:47:14.567Z,
6ab5b695715c757902f2b66c,Gold Vault Roulette,20,Preto,Par,2026-09-24 20:47:33,2026-09-24T23:46:47.930Z,2026-09-24T23:47:33.756Z,0x50 1x100 7x50 9x100 12x50 19x50 21x100 24x50 25x50 33x50 36x100
6ab5b6962032f516c5aba7aa,Red Door Roulette,14,Vermelho,Par,2026-09-24 20:47:33,2026-09-24T23:46:34.144Z,2026-09-24T23:47:33.994Z,2x1 3x1 15x1 16x1 17x3 23x1 24x3 28x1 30x1 33x1 34x1
6ab5b6a1715c757902f2b66e,Lightning Roulette,25,Vermelho,Impar,2026-09-24 20:47:44,2026-09-24T23:47:00.467Z,2026-09-24T23:47:44.841Z,7x100 16x200 21x50 27x100 33x100
6ab5b6ad715c757902f2b672,Auto Roulette,15,Preto,Impar,2026-09-24 20:47:57,2026-09-24T23:47:17.649Z,2026-09-24T23:47:57.069Z,
6ab5b6b1715c757902f2b673,XXXtreme Lightning Roulette,0,Verde,None,2026-09-24 20:48:01,2026-09-24T23:47:12.444Z,2026-09-24T23:48:01.287Z,5x100 20x500
6ab5b6b9715c757902f2b675,Immersive Roulette,13,Preto,Impar,2026-09-24 20:48:09,2026-09-24T23:47:22.500Z,2026-09-24T23:48:09.056Z,
6ab5b6c9715c757902f2b679,Gold Vault Roulette,33,Preto,Impar,2026-09-24 20:48:25,2026-09-24T23:47:36.877Z,2026-09-24T23:48:25.856Z,2x50 15x50 20x100 22x50 34x500
6ab5b6d12032f516c5aba7ae,Red Door Roulette,7,Vermelho,Impar,2026-09-24 20:48:32,2026-09-24T23:47:37.114Z,2026-09-24T23:48:32.996Z,0x1 15x3 19x1 22x1 27x1 35x1
6ab5b6d3715c757902f2b67b,Lightning Roulette,17,Preto,Impar,2026-09-24 20:48:35,2026-09-24T23:47:47.964Z,2026-09-24T23:48:35.341Z,24x200 33x50
6ab5b6d9715c757902f2b67f,Auto Roulette,14,Vermelho,Par,2026-09-24 20:48:41,2026-09-24T23:48:00.189Z,2026-09-24T23:48:41.570Z,
6ab5b6e5715c757902f2b681,XXXtreme Lightning Roulette,9,Vermelho,Impar,2026-09-24 20:48:52,2026-09-24T23:48:04.388Z,2026-09-24T23:48:52.790Z,18x100 25x600 36x100
6ab5b703715c757902f2b686,Lightning Roulette,3,Vermelho,Impar,2026-09-24 20:49:22,2026-09-24T23:48:38.478Z,2026-09-24T23:49:22.851Z,3x50 28x100
6ab5b706715c757902f2b687,Auto Roulette,33,Preto,Impar,2026-09-24 20:49:26,2026-09-24T23:48:44.688Z,2026-09-24T23:49:26.063Z,
6ab5b719715c757902f2b68a,XXXtreme Lightning Roulette,30,Vermelho,Par,2026-09-24 20:49:45,2026-09-24T23:48:55.897Z,2026-09-24T23:49:45.799Z,6x100 8x100 14x50 20x50 23x1000 25x50
6ab5b720715c757902f2b68d,Immersive Roulette,15,Preto,Impar,2026-09-24 20:49:52,2026-09-24T23:49:05.439Z,2026-09-24T23:49:52.023Z,
6ab5b72e715c757902f2b690,Gold Vault Roulette,34,Vermelho,Par,2026-09-24 20:50:06,2026-09-24T23:49:20.708Z,2026-09-24T23:50:06.485Z,2x150 4x50 8x50 11x50 14x50 15x100 24x150 26x50 32x50 35x50
6ab5b734715c757902f2b692,Auto Roulette,3,Vermelho,Impar,2026-09-24 20:50:12,2026-09-24T23:49:29.161Z,2026-09-24T23:50:12.064Z,
6ab5b736715c757902f2b693,Lightning Roulette,32,Vermelho,Par,2026-09-24 20:50:14,2026-09-24T23:49:26.001Z,2026-09-24T23:50:14.341Z,19x50 27x50 28x100
6ab5b745943ffe9ea58374f9,Red Door Roulette,12,Vermelho,Par,2026-09-24 20:50:28,2026-09-24T23:48:36.059Z,2026-09-24T23:50:28.124Z,12x1 23x1 27x2 34x1
6ab5b74e715c757902f2b695,XXXtreme Lightning Roulette,5,Vermelho,Impar,2026-09-24 20:50:38,2026-09-24T23:49:48.902Z,2026-09-24T23:50:38.297Z,9x100 22x100 36x100
6ab5b753715c757902f2b698,Immersive Roulette,6,Preto,Par,2026-09-24 20:50:43,2026-09-24T23:49:55.081Z,2026-09-24T23:50:43.279Z,
6ab5b75e715c757902f2b69a,Gold Vault Roulette,28,Preto,Par,2026-09-24 20:50:54,2026-09-24T23:50:09.606Z,2026-09-24T23:50:54.200Z,2x50 5x100 6x50 11x150 12x150 19x100 21x50 26x50 31x50 32x50 33x50 35x50
6ab5b75f715c757902f2b69b,Auto Roulette,23,Vermelho,Impar,2026-09-24 20:50:55,2026-09-24T23:50:15.165Z,2026-09-24T23:50:55.073Z,
6ab5b768715c757902f2b69c,Lightning Roulette,33,Preto,Impar,2026-09-24 20:51:04,2026-09-24T23:50:17.465Z,2026-09-24T23:51:04.342Z,2x50 28x100 30x100
6ab5b783715c757902f2b6a0,XXXtreme Lightning Roulette,9,Vermelho,Impar,2026-09-24 20:51:31,2026-09-24T23:50:41.426Z,2026-09-24T23:51:31.305Z,10x50 22x100 23x100 27x50 35x100 36x50
6ab5b787715c757902f2b6a2,Immersive Roulette,34,Vermelho,Par,2026-09-24 20:51:34,2026-09-24T23:50:46.360Z,2026-09-24T23:51:34.955Z,
6ab5b7892032f516c5aba7b6,Red Door Roulette,12,Vermelho,Par,2026-09-24 20:51:36,2026-09-24T23:50:35.354Z,2026-09-24T23:51:36.999Z,1x1 7x3 8x1 28x1
6ab5b78b715c757902f2b6a4,Auto Roulette,31,Preto,Impar,2026-09-24 20:51:39,2026-09-24T23:50:58.182Z,2026-09-24T23:51:39.563Z,
6ab5b78c715c757902f2b6a5,Gold Vault Roulette,34,Vermelho,Par,2026-09-24 20:51:40,2026-09-24T23:50:57.312Z,2026-09-24T23:51:40.298Z,7x50 9x50 12x50 20x50 22x50 23x100 30x150
6ab5b79b715c757902f2b6a7,Lightning Roulette,19,Vermelho,Impar,2026-09-24 20:51:55,2026-09-24T23:51:07.444Z,2026-09-24T23:51:55.342Z,13x100 16x50 20x50
6ab5b7b4715c757902f2b6ac,XXXtreme Lightning Roulette,20,Preto,Par,2026-09-24 20:52:19,2026-09-24T23:51:34.400Z,2026-09-24T23:52:19.809Z,1x100 4x100
6ab5b7b6715c757902f2b6ae,Auto Roulette,2,Preto,Par,2026-09-24 20:52:22,2026-09-24T23:51:42.636Z,2026-09-24T23:52:22.066Z,
6ab5b7d0715c757902f2b6b5,Lightning Roulette,18,Vermelho,Par,2026-09-24 20:52:47,2026-09-24T23:51:58.468Z,2026-09-24T23:52:47.862Z,33x50
6ab5b7dd715c757902f2b6b7,Auto Roulette,23,Vermelho,Impar,2026-09-24 20:53:01,2026-09-24T23:52:25.163Z,2026-09-24T23:53:01.056Z,
6ab5b7e4715c757902f2b6b9,XXXtreme Lightning Roulette,9,Vermelho,Impar,2026-09-24 20:53:08,2026-09-24T23:52:22.903Z,2026-09-24T23:53:08.815Z,31x50 36x1000
6ab5b7ed715c757902f2b6bb,Immersive Roulette,16,Vermelho,Par,2026-09-24 20:53:17,2026-09-24T23:52:30.101Z,2026-09-24T23:53:17.091Z,
6ab5b801715c757902f2b6c0,Lightning Roulette,14,Vermelho,Par,2026-09-24 20:53:36,2026-09-24T23:52:50.985Z,2026-09-24T23:53:36.862Z,7x100 13x100 25x50
6ab5b807715c757902f2b6c2,Auto Roulette,16,Vermelho,Par,2026-09-24 20:53:43,2026-09-24T23:53:04.154Z,2026-09-24T23:53:43.562Z,
6ab5b80a943ffe9ea583750a,Red Door Roulette,9,Vermelho,Impar,2026-09-24 20:53:44,2026-09-24T23:51:40.096Z,2026-09-24T23:53:44.346Z,9x3 13x1 5x1 36x1 18x1 3x1
6ab5b815715c757902f2b6c5,Gold Vault Roulette,21,Vermelho,Impar,2026-09-24 20:53:57,2026-09-24T23:53:12.411Z,2026-09-24T23:53:57.829Z,1x100 3x50 10x50 16x150 17x50 21x50 25x50 32x100
6ab5b819715c757902f2b6c6,XXXtreme Lightning Roulette,22,Preto,Par,2026-09-24 20:54:00,2026-09-24T23:53:11.913Z,2026-09-24T23:54:00.829Z,0x50 4x50 14x50 27x50 30x200 32x200
6ab5b824715c757902f2b6ca,Immersive Roulette,21,Vermelho,Impar,2026-09-24 20:54:12,2026-09-24T23:53:20.212Z,2026-09-24T23:54:12.391Z,
6ab5b834715c757902f2b6ce,Lightning Roulette,11,Preto,Impar,2026-09-24 20:54:27,2026-09-24T23:53:39.983Z,2026-09-24T23:54:27.840Z,4x50 15x100 34x50
6ab5b835715c757902f2b6cf,Auto Roulette,25,Vermelho,Impar,2026-09-24 20:54:29,2026-09-24T23:53:46.663Z,2026-09-24T23:54:29.575Z,
6ab5b849715c757902f2b6d6,XXXtreme Lightning Roulette,3,Vermelho,Impar,2026-09-24 20:54:49,2026-09-24T23:54:03.921Z,2026-09-24T23:54:49.321Z,0x600 3x50 5x100 15x50 18x50 24x100
6ab5b84a2032f516c5aba7be,Red Door Roulette,34,Vermelho,Par,2026-09-24 20:54:50,2026-09-24T23:53:52.592Z,2026-09-24T23:54:50.504Z,2x1 3x1 10x1 22x3 27x1 36x2
6ab5b85d715c757902f2b6d9,Auto Roulette,7,Vermelho,Impar,2026-09-24 20:55:09,2026-09-24T23:54:32.708Z,2026-09-24T23:55:09.580Z,
6ab5b860715c757902f2b6da,Immersive Roulette,8,Preto,Par,2026-09-24 20:55:12,2026-09-24T23:54:15.497Z,2026-09-24T23:55:12.062Z,
6ab5b862715c757902f2b6db,Lightning Roulette,2,Preto,Par,2026-09-24 20:55:14,2026-09-24T23:54:30.962Z,2026-09-24T23:55:14.341Z,5x50 21x50 25x100
6ab5b86b715c757902f2b6dd,Gold Vault Roulette,17,Preto,Impar,2026-09-24 20:55:23,2026-09-24T23:54:42.197Z,2026-09-24T23:55:23.559Z,8x50 15x50 18x100 20x50 25x50 29x50 32x50 33x50
6ab5b87f715c757902f2b6e1,XXXtreme Lightning Roulette,15,Preto,Impar,2026-09-24 20:55:42,2026-09-24T23:54:52.414Z,2026-09-24T23:55:42.831Z,26x100 28x100
6ab5b8882032f516c5aba7c2,Red Door Roulette,6,Preto,Par,2026-09-24 20:55:52,2026-09-24T23:54:53.599Z,2026-09-24T23:55:52.002Z,4x1 7x1 11x1 15x1 16x1 20x3 23x1 25x1 31x1 33x1
6ab5b88c715c757902f2b6e3,Auto Roulette,3,Vermelho,Impar,2026-09-24 20:55:56,2026-09-24T23:55:12.694Z,2026-09-24T23:55:56.564Z,
6ab5b88e715c757902f2b6e4,Lightning Roulette,16,Vermelho,Par,2026-09-24 20:55:58,2026-09-24T23:55:17.437Z,2026-09-24T23:55:58.355Z,7x250 32x100 35x100
6ab5b895715c757902f2b6e5,Immersive Roulette,16,Vermelho,Par,2026-09-24 20:56:04,2026-09-24T23:55:15.147Z,2026-09-24T23:56:04.923Z,
6ab5b898715c757902f2b6e7,Gold Vault Roulette,20,Preto,Par,2026-09-24 20:56:08,2026-09-24T23:55:26.658Z,2026-09-24T23:56:08.808Z,2x50 10x150 12x150 13x50 15x50 31x100 33x50 35x50 36x50
6ab5b8b3715c757902f2b6f0,XXXtreme Lightning Roulette,7,Vermelho,Impar,2026-09-24 20:56:35,2026-09-24T23:55:45.925Z,2026-09-24T23:56:35.382Z,0x200 16x100 32x600
6ab5b8b8715c757902f2b6f1,Auto Roulette,5,Vermelho,Impar,2026-09-24 20:56:40,2026-09-24T23:55:59.673Z,2026-09-24T23:56:40.563Z,
6ab5b8c0715c757902f2b6f3,Lightning Roulette,4,Preto,Par,2026-09-24 20:56:48,2026-09-24T23:56:01.455Z,2026-09-24T23:56:48.364Z,5x50 29x50 31x200
6ab5b8c7715c757902f2b6f6,Gold Vault Roulette,14,Vermelho,Par,2026-09-24 20:56:55,2026-09-24T23:56:11.921Z,2026-09-24T23:56:55.322Z,2x50 9x50 10x50 11x50 18x50 21x50 22x100 23x100 25x150 28x50 30x50 32x50 34x100 35x50
6ab5b8cc715c757902f2b6f7,Immersive Roulette,3,Vermelho,Impar,2026-09-24 20:56:59,2026-09-24T23:56:08.016Z,2026-09-24T23:56:59.806Z,
6ab5b8e7715c757902f2b6fa,Auto Roulette,29,Preto,Impar,2026-09-24 20:57:27,2026-09-24T23:56:43.667Z,2026-09-24T23:57:27.579Z,
6ab5b8e9715c757902f2b6fb,XXXtreme Lightning Roulette,28,Preto,Par,2026-09-24 20:57:29,2026-09-24T23:56:38.495Z,2026-09-24T23:57:29.341Z,5x100 21x50 36x200
6ab5b8ef715c757902f2b6fd,Lightning Roulette,27,Vermelho,Impar,2026-09-24 20:57:34,2026-09-24T23:56:51.516Z,2026-09-24T23:57:34.844Z,1x50 13x50 14x50 18x100
6ab5b8f6715c757902f2b701,Gold Vault Roulette,24,Preto,Par,2026-09-24 20:57:42,2026-09-24T23:56:58.447Z,2026-09-24T23:57:42.612Z,5x50 6x50 9x50 20x50 23x50 24x50
6ab5b8fe715c757902f2b702,Immersive Roulette,9,Vermelho,Impar,2026-09-24 20:57:50,2026-09-24T23:57:02.909Z,2026-09-24T23:57:50.665Z,
6ab5b908943ffe9ea583751e,Red Door Roulette,5,Vermelho,Impar,2026-09-24 20:57:59,2026-09-24T23:55:55.076Z,2026-09-24T23:57:59Z,34x1 12x1 19x7 24x1 5x2 17x1 0x1 3x1 15x1 9x1
6ab5b912715c757902f2b705,Auto Roulette,21,Vermelho,Impar,2026-09-24 20:58:10,2026-09-24T23:57:30.711Z,2026-09-24T23:58:10.559Z,
6ab5b91d715c757902f2b70b,XXXtreme Lightning Roulette,29,Preto,Impar,2026-09-24 20:58:20,2026-09-24T23:57:32.443Z,2026-09-24T23:58:20.849Z,17x100 26x200 27x100 31x50 32x50 34x100
6ab5b920715c757902f2b70c,Lightning Roulette,23,Vermelho,Impar,2026-09-24 20:58:24,2026-09-24T23:57:37.962Z,2026-09-24T23:58:24.346Z,3x100 20x50 34x100 35x300
6ab5b932715c757902f2b710,Immersive Roulette,17,Preto,Impar,2026-09-24 20:58:42,2026-09-24T23:57:53.738Z,2026-09-24T23:58:42.354Z,
6ab5b93d715c757902f2b711,Auto Roulette,36,Vermelho,Par,2026-09-24 20:58:53,2026-09-24T23:58:13.678Z,2026-09-24T23:58:53.065Z,
6ab5b94b2032f516c5aba7cd,Red Door Roulette,24,Preto,Par,2026-09-24 20:59:07,2026-09-24T23:58:07.219Z,2026-09-24T23:59:07.503Z,0x1 4x1 5x1 18x1 19x2 35x1 36x1
6ab5b953715c757902f2b715,XXXtreme Lightning Roulette,6,Preto,Par,2026-09-24 20:59:15,2026-09-24T23:58:23.945Z,2026-09-24T23:59:15.356Z,3x100 34x350 36x50
6ab5b954715c757902f2b716,Lightning Roulette,19,Vermelho,Impar,2026-09-24 20:59:16,2026-09-24T23:58:27.442Z,2026-09-24T23:59:16.344Z,19x50 32x100 33x50 35x100
6ab5b966715c757902f2b71b,Immersive Roulette,15,Preto,Impar,2026-09-24 20:59:34,2026-09-24T23:58:45.432Z,2026-09-24T23:59:34.413Z,
6ab5b96b715c757902f2b71d,Auto Roulette,0,Verde,None,2026-09-24 20:59:39,2026-09-24T23:58:56.198Z,2026-09-24T23:59:39.057Z,
6ab5b9832032f516c5aba7d2,Red Door Roulette,27,Vermelho,Impar,2026-09-24 21:00:03,2026-09-24T23:59:10.602Z,2026-09-25T00:00:03.512Z,3x1 7x1 10x1 19x1 26x1 29x1 33x1 35x1
6ab5b988715c757902f2b722,XXXtreme Lightning Roulette,11,Preto,Impar,2026-09-24 21:00:08,2026-09-24T23:59:18.487Z,2026-09-25T00:00:08.374Z,10x50 20x50 24x50 26x1000
6ab5b98d715c757902f2b725,Lightning Roulette,14,Vermelho,Par,2026-09-24 21:00:13,2026-09-24T23:59:19.489Z,2026-09-25T00:00:13.344Z,17x50 20x50 21x50
6ab5b997715c757902f2b727,Immersive Roulette,6,Preto,Par,2026-09-24 21:00:22,2026-09-24T23:59:37.518Z,2026-09-25T00:00:22.911Z,
6ab5b999715c757902f2b728,Auto Roulette,1,Vermelho,Impar,2026-09-24 21:00:25,2026-09-24T23:59:42.178Z,2026-09-25T00:00:25.555Z,
6ab5b9a6715c757902f2b72a,Gold Vault Roulette,27,Vermelho,Impar,2026-09-24 21:00:37,2026-09-24T23:59:56.005Z,2026-09-25T00:00:37.761Z,1x50 2x50 5x50 7x50 11x50 14x50 17x50 18x50 19x100 20x50 23x100 26x50 27x50 30x100 34x100
6ab5b9b9715c757902f2b730,Lightning Roulette,2,Preto,Par,2026-09-24 21:00:56,2026-09-25T00:00:16.477Z,2026-09-25T00:00:56.838Z,24x50 35x100
6ab5b9bcd32ef4734218fff9,XXXtreme Lightning Roulette,20,Preto,Par,2026-09-24 21:00:58,2026-09-25T00:00:11.468Z,2026-09-25T00:00:58.855Z,1x100 14x100 32x150
6ab5b9bf2032f516c5aba7d5,Red Door Roulette,24,Preto,Par,2026-09-24 21:01:03,2026-09-25T00:00:06.611Z,2026-09-25T00:01:03.020Z,5x1 9x1 13x1 17x1 19x1 29x1 34x1 35x1 36x1
6ab5b9c7715c757902f2b733,Auto Roulette,21,Vermelho,Impar,2026-09-24 21:01:11,2026-09-25T00:00:28.665Z,2026-09-25T00:01:11.562Z,
6ab5b9c9715c757902f2b734,Immersive Roulette,8,Preto,Par,2026-09-24 21:01:12,2026-09-25T00:00:26.007Z,2026-09-25T00:01:12.984Z,
6ab5b9d4715c757902f2b736,Gold Vault Roulette,19,Vermelho,Impar,2026-09-24 21:01:23,2026-09-25T00:00:40.888Z,2026-09-25T00:01:23.847Z,0x50 10x50 16x50 18x50 21x50 22x100 26x150 28x50
6ab5b9e7715c757902f2b73b,Lightning Roulette,6,Preto,Par,2026-09-24 21:01:43,2026-09-25T00:00:59.956Z,2026-09-25T00:01:43.343Z,5x50 11x100 25x100
6ab5b9efd32ef4734218ffff,XXXtreme Lightning Roulette,30,Vermelho,Par,2026-09-24 21:01:49,2026-09-25T00:01:01.961Z,2026-09-25T00:01:49.861Z,12x50 20x50 33x50
6ab5b9f4715c757902f2b73d,Auto Roulette,33,Preto,Impar,2026-09-24 21:01:56,2026-09-25T00:01:14.659Z,2026-09-25T00:01:56.058Z,
6ab5b9fa715c757902f2b73f,Immersive Roulette,8,Preto,Par,2026-09-24 21:02:02,2026-09-25T00:01:16.110Z,2026-09-25T00:02:02.655Z,
6ab5ba00715c757902f2b741,Gold Vault Roulette,34,Vermelho,Par,2026-09-24 21:02:08,2026-09-25T00:01:27.010Z,2026-09-25T00:02:08.302Z,0x100 1x100 3x500 4x50 15x50 16x50 19x50 26x100
6ab5ba14715c757902f2b747,Lightning Roulette,24,Preto,Par,2026-09-24 21:02:27,2026-09-25T00:01:46.438Z,2026-09-25T00:02:27.845Z,0x50 7x100 18x100 33x150
6ab5ba1d715c757902f2b74a,Auto Roulette,27,Vermelho,Impar,2026-09-24 21:02:37,2026-09-25T00:01:59.141Z,2026-09-25T00:02:37.563Z,
6ab5ba24715c757902f2b74b,XXXtreme Lightning Roulette,5,Vermelho,Impar,2026-09-24 21:02:44,2026-09-25T00:01:52.960Z,2026-09-25T00:02:44.376Z,3x700 19x100 28x500
6ab5ba32715c757902f2b74f,Immersive Roulette,0,Verde,None,2026-09-24 21:02:57,2026-09-25T00:02:05.722Z,2026-09-25T00:02:57.526Z,
6ab5ba42715c757902f2b751,Lightning Roulette,18,Vermelho,Par,2026-09-24 21:03:13,2026-09-25T00:02:30.972Z,2026-09-25T00:03:13.856Z,25x500 28x50 30x100
6ab5ba4a715c757902f2b753,Auto Roulette,30,Vermelho,Par,2026-09-24 21:03:22,2026-09-25T00:02:40.680Z,2026-09-25T00:03:22.057Z,
6ab5ba52943ffe9ea5837533,Red Door Roulette,6,Preto,Par,2026-09-24 21:03:28,2026-09-25T00:01:06.107Z,2026-09-25T00:03:28.417Z,12x1 23x1 4x1 33x1 26x1 21x2 25x1 0x1 2x1 29x1 3x1 15x1 9x1 6x1 36x1
6ab5ba55715c757902f2b757,XXXtreme Lightning Roulette,25,Vermelho,Impar,2026-09-24 21:03:33,2026-09-25T00:02:47.471Z,2026-09-25T00:03:33.390Z,7x100 15x150 35x200
6ab5ba5c715c757902f2b759,Gold Vault Roulette,17,Preto,Impar,2026-09-24 21:03:40,2026-09-25T00:02:55.970Z,2026-09-25T00:03:40.131Z,0x50 9x50 11x50 16x100 18x50 21x50 25x50 34x50 36x50
6ab5ba68715c757902f2b75b,Immersive Roulette,24,Preto,Par,2026-09-24 21:03:51,2026-09-25T00:03:00.612Z,2026-09-25T00:03:51.587Z,
6ab5ba71715c757902f2b75d,Lightning Roulette,21,Vermelho,Impar,2026-09-24 21:04:00,2026-09-25T00:03:16.984Z,2026-09-25T00:04:00.837Z,15x50
6ab5ba78715c757902f2b75f,Auto Roulette,2,Preto,Par,2026-09-24 21:04:08,2026-09-25T00:03:25.154Z,2026-09-25T00:04:08.552Z,
6ab5ba85715c757902f2b763,XXXtreme Lightning Roulette,10,Preto,Par,2026-09-24 21:04:21,2026-09-25T00:03:36.474Z,2026-09-25T00:04:21.385Z,10x700 15x50 18x150 31x50 32x100 35x100
6ab5ba89715c757902f2b764,Gold Vault Roulette,35,Preto,Impar,2026-09-24 21:04:25,2026-09-25T00:03:43.251Z,2026-09-25T00:04:25.007Z,3x50 5x50 7x100 8x100 10x50 27x150 34x50
6ab5ba8e2032f516c5aba7df,Red Door Roulette,36,Vermelho,Par,2026-09-24 21:04:30,2026-09-25T00:03:35.655Z,2026-09-25T00:04:30.520Z,13x1 24x1 29x1 31x1
6ab5ba99715c757902f2b768,Immersive Roulette,25,Vermelho,Impar,2026-09-24 21:04:41,2026-09-25T00:03:54.661Z,2026-09-25T00:04:41.253Z,
6ab5baa1715c757902f2b76a,Lightning Roulette,23,Vermelho,Impar,2026-09-24 21:04:48,2026-09-25T00:04:03.974Z,2026-09-25T00:04:48.862Z,1x100 12x150 32x50
6ab5baa5715c757902f2b76c,Auto Roulette,5,Vermelho,Impar,2026-09-24 21:04:53,2026-09-25T00:04:11.648Z,2026-09-25T00:04:53.567Z,
6ab5babb715c757902f2b770,XXXtreme Lightning Roulette,23,Vermelho,Impar,2026-09-24 21:05:14,2026-09-25T00:04:24.480Z,2026-09-25T00:05:14.894Z,4x100 11x50 28x50 32x100 35x600
6ab5bacb715c757902f2b773,Immersive Roulette,16,Vermelho,Par,2026-09-24 21:05:31,2026-09-25T00:04:44.308Z,2026-09-25T00:05:31.295Z,
6ab5bad1715c757902f2b775,Lightning Roulette,20,Preto,Par,2026-09-24 21:05:36,2026-09-25T00:04:51.966Z,2026-09-25T00:05:36.852Z,3x100 14x50
6ab5baec715c757902f2b77b,XXXtreme Lightning Roulette,24,Preto,Par,2026-09-24 21:06:03,2026-09-25T00:05:17.987Z,2026-09-25T00:06:03.903Z,19x100 27x100 33x100
6ab5bafa715c757902f2b77d,Auto Roulette,3,Vermelho,Impar,2026-09-24 21:06:18,2026-09-25T00:05:37.695Z,2026-09-25T00:06:18.096Z,
6ab5bafd715c757902f2b77e,Immersive Roulette,15,Preto,Impar,2026-09-24 21:06:21,2026-09-25T00:05:34.359Z,2026-09-25T00:06:21.357Z,
6ab5bb00715c757902f2b77f,Lightning Roulette,14,Vermelho,Par,2026-09-24 21:06:23,2026-09-25T00:05:39.987Z,2026-09-25T00:06:23.843Z,6x100 7x500 27x50
6ab5bb17715c757902f2b784,Gold Vault Roulette,36,Vermelho,Par,2026-09-24 21:06:47,2026-09-25T00:06:03.875Z,2026-09-25T00:06:47.227Z,0x100 1x50 5x50 10x100 15x100 22x100
6ab5bb20715c757902f2b786,XXXtreme Lightning Roulette,28,Preto,Par,2026-09-24 21:06:55,2026-09-25T00:06:06.988Z,2026-09-25T00:06:55.893Z,33x150 34x100
6ab5bb24943ffe9ea5837545,Red Door Roulette,34,Vermelho,Par,2026-09-24 21:06:57,2026-09-25T00:04:33.625Z,2026-09-25T00:06:57.933Z,34x1 4x5 9x1 2x1 28x1
6ab5bb27715c757902f2b788,Auto Roulette,35,Preto,Impar,2026-09-24 21:07:02,2026-09-25T00:06:21.264Z,2026-09-25T00:07:02.566Z,
6ab5bb2a715c757902f2b789,Lightning Roulette,17,Preto,Impar,2026-09-24 21:07:06,2026-09-25T00:06:26.953Z,2026-09-25T00:07:06.347Z,8x200 25x100 35x50
6ab5bb34715c757902f2b78c,Immersive Roulette,28,Preto,Par,2026-09-24 21:07:15,2026-09-25T00:06:24.427Z,2026-09-25T00:07:15.817Z,
6ab5bb46715c757902f2b791,Gold Vault Roulette,31,Preto,Impar,2026-09-24 21:07:34,2026-09-25T00:06:50.361Z,2026-09-25T00:07:34.546Z,1x100 10x150 12x50 13x150 27x100 28x50
6ab5bb52715c757902f2b793,Auto Roulette,8,Preto,Par,2026-09-24 21:07:46,2026-09-25T00:07:05.643Z,2026-09-25T00:07:46.552Z,
6ab5bb59715c757902f2b794,XXXtreme Lightning Roulette,24,Preto,Par,2026-09-24 21:07:52,2026-09-25T00:06:58.994Z,2026-09-25T00:07:52.909Z,6x200
6ab5bb5a715c757902f2b795,Lightning Roulette,20,Preto,Par,2026-09-24 21:07:54,2026-09-25T00:07:09.473Z,2026-09-25T00:07:54.351Z,0x100 5x50 28x50 34x100
6ab5bb65715c757902f2b799,Immersive Roulette,33,Preto,Impar,2026-09-24 21:08:05,2026-09-25T00:07:18.916Z,2026-09-25T00:08:05.123Z,
6ab5bb662032f516c5aba7ea,Red Door Roulette,12,Vermelho,Par,2026-09-24 21:08:06,2026-09-25T00:07:05.144Z,2026-09-25T00:08:06.014Z,0x1 4x1 5x1 20x1 23x1 25x1 29x1 34x1
6ab5bb76715c757902f2b79b,Gold Vault Roulette,2,Preto,Par,2026-09-24 21:08:21,2026-09-25T00:07:37.729Z,2026-09-25T00:08:21.911Z,0x50 3x100 4x50 7x50 20x150 22x150 26x50 31x50 34x100
6ab5bb7f715c757902f2b79e,Auto Roulette,2,Preto,Par,2026-09-24 21:08:31,2026-09-25T00:07:49.689Z,2026-09-25T00:08:31.065Z,
6ab5bb8a715c757902f2b7a1,XXXtreme Lightning Roulette,13,Preto,Impar,2026-09-24 21:08:42,2026-09-25T00:07:56.013Z,2026-09-25T00:08:42.407Z,6x600 28x100 31x100
6ab5bb90715c757902f2b7a2,Lightning Roulette,3,Vermelho,Impar,2026-09-24 21:08:47,2026-09-25T00:07:57.489Z,2026-09-25T00:08:47.847Z,15x100 23x100 31x50
6ab5bb9c715c757902f2b7a6,Immersive Roulette,22,Preto,Par,2026-09-24 21:09:00,2026-09-25T00:08:08.188Z,2026-09-25T00:09:00.001Z,
6ab5bba32032f516c5aba7ed,Red Door Roulette,4,Preto,Par,2026-09-24 21:09:07,2026-09-25T00:08:09.131Z,2026-09-25T00:09:07.026Z,0x1 9x1 11x1 16x1 23x1 31x1
6ab5bba4715c757902f2b7a8,Gold Vault Roulette,28,Preto,Par,2026-09-24 21:09:07,2026-09-25T00:08:25.091Z,2026-09-25T00:09:07.976Z,0x50 1x50 2x50 5x50 8x50 15x50 24x50 28x100 31x50 32x100 35x50
6ab5bba8715c757902f2b7aa,Auto Roulette,20,Preto,Par,2026-09-24 21:09:12,2026-09-25T00:08:34.128Z,2026-09-25T00:09:12.066Z,
6ab5bbbc715c757902f2b7ae,XXXtreme Lightning Roulette,14,Vermelho,Par,2026-09-24 21:09:32,2026-09-25T00:08:45.503Z,2026-09-25T00:09:32.414Z,7x100 17x100 30x700
6ab5bbc1715c757902f2b7af,Lightning Roulette,24,Preto,Par,2026-09-24 21:09:36,2026-09-25T00:08:50.943Z,2026-09-25T00:09:36.840Z,14x100 27x300
6ab5bbd1715c757902f2b7b5,Auto Roulette,4,Preto,Par,2026-09-24 21:09:53,2026-09-25T00:09:15.164Z,2026-09-25T00:09:53.567Z,
6ab5bbd2715c757902f2b7b6,Immersive Roulette,20,Preto,Par,2026-09-24 21:09:54,2026-09-25T00:09:03.087Z,2026-09-25T00:09:54.088Z,
6ab5bbd6715c757902f2b7b8,Gold Vault Roulette,25,Vermelho,Impar,2026-09-24 21:09:58,2026-09-25T00:09:11.068Z,2026-09-25T00:09:58.057Z,6x100 14x50 15x50 16x50 23x50
6ab5bbdf2032f516c5aba7f1,Red Door Roulette,30,Vermelho,Par,2026-09-24 21:10:06,2026-09-25T00:09:10.139Z,2026-09-25T00:10:06.520Z,7x1 19x1 24x1 28x1 31x1
6ab5bbe9715c757902f2b7bb,XXXtreme Lightning Roulette,6,Preto,Par,2026-09-24 21:10:17,2026-09-25T00:09:35.505Z,2026-09-25T00:10:17.421Z,8x100 30x50 35x100
6ab5bbf0715c757902f2b7bc,Lightning Roulette,1,Vermelho,Impar,2026-09-24 21:10:23,2026-09-25T00:09:39.946Z,2026-09-25T00:10:23.859Z,11x100 16x50 18x50 25x100
6ab5bbf9715c757902f2b7c1,Auto Roulette,10,Preto,Par,2026-09-24 21:10:33,2026-09-25T00:09:56.636Z,2026-09-25T00:10:33.602Z,
6ab5bc00715c757902f2b7c3,Gold Vault Roulette,31,Preto,Impar,2026-09-24 21:10:40,2026-09-25T00:10:01.140Z,2026-09-25T00:10:40.162Z,2x50 11x50 14x50 29x50 34x50
6ab5bc08715c757902f2b7c5,Immersive Roulette,36,Vermelho,Par,2026-09-24 21:10:48,2026-09-25T00:09:57.149Z,2026-09-25T00:10:48.169Z,
6ab5bc182032f516c5aba7f4,Red Door Roulette,24,Preto,Par,2026-09-24 21:11:04,2026-09-25T00:10:09.633Z,2026-09-25T00:11:04.515Z,0x1 8x1 12x1 36x1
6ab5bc1f715c757902f2b7c8,XXXtreme Lightning Roulette,7,Vermelho,Impar,2026-09-24 21:11:11,2026-09-25T00:10:20.512Z,2026-09-25T00:11:11.422Z,2x700 31x50 33x600
6ab5bc3ed32ef47342190045,Lightning Roulette,24,Preto,Par,2026-09-24 21:11:11,2026-09-25T00:10:26.962Z,2026-09-25T00:11:11.850Z,16x100 35x50
6ab5bc27715c757902f2b7cb,Auto Roulette,18,Vermelho,Par,2026-09-24 21:11:19,2026-09-25T00:10:36.743Z,2026-09-25T00:11:19.055Z,
6ab5bc2b715c757902f2b7cc,Gold Vault Roulette,11,Preto,Impar,2026-09-24 21:11:23,2026-09-25T00:10:43.252Z,2026-09-25T00:11:23.018Z,1x100 2x150 6x50 17x100 27x50 28x50 31x50 32x50 34x100
6ab5bc3d715c757902f2b7ce,Immersive Roulette,29,Preto,Impar,2026-09-24 21:11:40,2026-09-25T00:10:51.255Z,2026-09-25T00:11:40.634Z,
6ab5bc51715c757902f2b7d2,Lightning Roulette,1,Vermelho,Impar,2026-09-24 21:12:00,2026-09-25T00:11:14.994Z,2026-09-25T00:12:00.853Z,5x50 12x100 14x50
6ab5bc51715c757902f2b7d3,XXXtreme Lightning Roulette,17,Preto,Impar,2026-09-24 21:12:00,2026-09-25T00:11:14.568Z,2026-09-25T00:12:00.929Z,2x150 23x100
6ab5bc52715c757902f2b7d4,Auto Roulette,11,Preto,Impar,2026-09-24 21:12:02,2026-09-25T00:11:22.154Z,2026-09-25T00:12:02.555Z,
6ab5bc562032f516c5aba7f9,Red Door Roulette,24,Preto,Par,2026-09-24 21:12:06,2026-09-25T00:11:07.643Z,2026-09-25T00:12:06.511Z,5x1 6x1 10x10 14x1 17x1 30x3 33x1 34x1 35x1
6ab5bc70715c757902f2b7d8,Immersive Roulette,12,Vermelho,Par,2026-09-24 21:12:31,2026-09-25T00:11:43.732Z,2026-09-25T00:12:31.898Z,
6ab5bc80715c757902f2b7dc,Auto Roulette,32,Vermelho,Par,2026-09-24 21:12:48,2026-09-25T00:12:05.652Z,2026-09-25T00:12:48.561Z,
6ab5bc81715c757902f2b7dd,Lightning Roulette,28,Preto,Par,2026-09-24 21:12:48,2026-09-25T00:12:03.984Z,2026-09-25T00:12:48.849Z,2x50 24x200 32x150
6ab5bc81715c757902f2b7de,XXXtreme Lightning Roulette,35,Preto,Impar,2026-09-24 21:12:49,2026-09-25T00:12:04.006Z,2026-09-25T00:12:49.433Z,1x100 3x100 35x100
6ab5bc86715c757902f2b7e0,Gold Vault Roulette,4,Preto,Par,2026-09-24 21:12:53,2026-09-25T00:12:09.823Z,2026-09-25T00:12:53.980Z,5x100 13x50 14x50 15x50 18x50 21x50 24x50 26x50 29x50 30x50
6ab5bc8e2032f516c5aba7fc,Red Door Roulette,32,Vermelho,Par,2026-09-24 21:13:02,2026-09-25T00:12:09.638Z,2026-09-25T00:13:02.023Z,18x1 20x4 31x1 35x1
6ab5bca6715c757902f2b7e5,Immersive Roulette,29,Preto,Impar,2026-09-24 21:13:26,2026-09-25T00:12:34.968Z,2026-09-25T00:13:26.733Z,
6ab5bcab715c757902f2b7e6,Auto Roulette,24,Preto,Par,2026-09-24 21:13:31,2026-09-25T00:12:51.699Z,2026-09-25T00:13:31.113Z,
6ab5bcad715c757902f2b7e7,Lightning Roulette,11,Preto,Impar,2026-09-24 21:13:33,2026-09-25T00:12:51.937Z,2026-09-25T00:13:33.352Z,3x50 30x100 32x50
6ab5bcb5715c757902f2b7e8,Gold Vault Roulette,26,Preto,Par,2026-09-24 21:13:40,2026-09-25T00:12:57.100Z,2026-09-25T00:13:40.888Z,5x100 12x100 13x50 18x50 22x50
6ab5bcbb715c757902f2b7ea,XXXtreme Lightning Roulette,27,Vermelho,Impar,2026-09-24 21:13:47,2026-09-25T00:12:52.537Z,2026-09-25T00:13:47.446Z,2x100 4x700 20x200
6ab5bccc2032f516c5aba800,Red Door Roulette,7,Vermelho,Impar,2026-09-24 21:14:04,2026-09-25T00:13:05.151Z,2026-09-25T00:14:04.523Z,10x1 11x1 18x1 24x1 27x1 31x1 33x1
6ab5bcd6715c757902f2b7f0,Auto Roulette,25,Vermelho,Impar,2026-09-24 21:14:14,2026-09-25T00:13:34.237Z,2026-09-25T00:14:14.057Z,
6ab5bcdb715c757902f2b7f2,Lightning Roulette,24,Preto,Par,2026-09-24 21:14:19,2026-09-25T00:13:36.471Z,2026-09-25T00:14:19.347Z,1x200 13x100 35x100
6ab5bcdd715c757902f2b7f3,Gold Vault Roulette,14,Vermelho,Par,2026-09-24 21:14:20,2026-09-25T00:13:44.002Z,2026-09-25T00:14:20.938Z,13x50 14x100 19x50 20x150 23x50 25x50 32x50
6ab5bcde715c757902f2b7f4,Immersive Roulette,21,Vermelho,Impar,2026-09-24 21:14:22,2026-09-25T00:13:29.793Z,2026-09-25T00:14:22.014Z,
6ab5bcf2715c757902f2b7f9,XXXtreme Lightning Roulette,29,Preto,Impar,2026-09-24 21:14:42,2026-09-25T00:13:50.534Z,2026-09-25T00:14:42.442Z,13x100 36x100
6ab5bcfe715c757902f2b7fb,Auto Roulette,2,Preto,Par,2026-09-24 21:14:54,2026-09-25T00:14:17.162Z,2026-09-25T00:14:54.551Z,
6ab5bd082032f516c5aba805,Red Door Roulette,28,Preto,Par,2026-09-24 21:15:04,2026-09-25T00:14:07.663Z,2026-09-25T00:15:04.026Z,14x1 19x1 23x1 27x1 29x1 31x3 35x1
6ab5bd0b715c757902f2b7fd,Lightning Roulette,14,Vermelho,Par,2026-09-24 21:15:07,2026-09-25T00:14:22.478Z,2026-09-25T00:15:07.372Z,13x100 16x200 17x50 31x50
6ab5bd0d715c757902f2b7fe,Gold Vault Roulette,31,Preto,Impar,2026-09-24 21:15:09,2026-09-25T00:14:24.062Z,2026-09-25T00:15:09.410Z,0x500 16x50 18x50 30x50 32x50 34x50
6ab5bd0f715c757902f2b7ff,Immersive Roulette,19,Vermelho,Impar,2026-09-24 21:15:11,2026-09-25T00:14:25.110Z,2026-09-25T00:15:11.671Z,
6ab5bd2a715c757902f2b804,XXXtreme Lightning Roulette,31,Preto,Impar,2026-09-24 21:15:38,2026-09-25T00:14:45.539Z,2026-09-25T00:15:38.459Z,3x50 32x600
6ab5bd2a715c757902f2b805,Auto Roulette,22,Preto,Par,2026-09-24 21:15:38,2026-09-25T00:14:57.671Z,2026-09-25T00:15:38.553Z,
6ab5bd3a715c757902f2b809,Lightning Roulette,34,Vermelho,Par,2026-09-24 21:15:53,2026-09-25T00:15:10.512Z,2026-09-25T00:15:53.849Z,4x500 10x100
6ab5bd3b715c757902f2b80a,Gold Vault Roulette,19,Vermelho,Impar,2026-09-24 21:15:55,2026-09-25T00:15:12.555Z,2026-09-25T00:15:55.546Z,3x150 5x50 7x100 12x100 13x100 19x50 20x50 27x100
6ab5bd3f2032f516c5aba808,Red Door Roulette,20,Preto,Par,2026-09-24 21:15:59,2026-09-25T00:15:07.138Z,2026-09-25T00:15:59.025Z,0x1 17x1 26x5 36x1
6ab5bd45715c757902f2b80d,Immersive Roulette,31,Preto,Impar,2026-09-24 21:16:04,2026-09-25T00:15:14.768Z,2026-09-25T00:16:04.961Z,
6ab5bd56715c757902f2b80f,Auto Roulette,17,Preto,Impar,2026-09-24 21:16:22,2026-09-25T00:15:41.630Z,2026-09-25T00:16:22.562Z,
6ab5bd5e715c757902f2b811,XXXtreme Lightning Roulette,22,Preto,Par,2026-09-24 21:16:29,2026-09-25T00:15:41.544Z,2026-09-25T00:16:29.960Z,4x500 24x600 31x100
6ab5bd6b715c757902f2b814,Gold Vault Roulette,7,Vermelho,Impar,2026-09-24 21:16:43,2026-09-25T00:15:58.629Z,2026-09-25T00:16:43.236Z,3x50 12x50 16x50 18x50 19x50 20x100 28x150 32x100 35x500
6ab5bd6c715c757902f2b815,Lightning Roulette,29,Preto,Impar,2026-09-24 21:16:43,2026-09-25T00:15:56.943Z,2026-09-25T00:16:43.852Z,24x50
6ab5bd7a715c757902f2b81b,Immersive Roulette,0,Verde,None,2026-09-24 21:16:58,2026-09-25T00:16:08.033Z,2026-09-25T00:16:58.232Z,
6ab5bd83715c757902f2b81d,Auto Roulette,30,Vermelho,Par,2026-09-24 21:17:07,2026-09-25T00:16:25.633Z,2026-09-25T00:17:07.058Z,
6ab5bd92715c757902f2b81f,XXXtreme Lightning Roulette,2,Preto,Par,2026-09-24 21:17:22,2026-09-25T00:16:33.059Z,2026-09-25T00:17:22.465Z,0x50 25x100
6ab5bd9a715c757902f2b821,Gold Vault Roulette,21,Vermelho,Impar,2026-09-24 21:17:30,2026-09-25T00:16:46.369Z,2026-09-25T00:17:30.112Z,3x50 4x50 11x50 13x50 14x50 18x50 23x150 24x50 34x100
6ab5bd9d715c757902f2b822,Lightning Roulette,5,Vermelho,Impar,2026-09-24 21:17:33,2026-09-25T00:16:47.009Z,2026-09-25T00:17:33.344Z,8x50 17x500
6ab5bdb1943ffe9ea5837573,Red Door Roulette,25,Vermelho,Impar,2026-09-24 21:17:51,2026-09-25T00:16:02.125Z,2026-09-25T00:17:51.790Z,19x1 20x1 23x1 25x1
6ab5bdb2715c757902f2b827,Immersive Roulette,23,Vermelho,Impar,2026-09-24 21:17:53,2026-09-25T00:17:01.309Z,2026-09-25T00:17:53.915Z,
6ab5bdb5715c757902f2b828,Auto Roulette,4,Preto,Par,2026-09-24 21:17:57,2026-09-25T00:17:10.178Z,2026-09-25T00:17:57.555Z,
6ab5bdc3715c757902f2b82b,XXXtreme Lightning Roulette,13,Preto,Impar,2026-09-24 21:18:11,2026-09-25T00:17:25.543Z,2026-09-25T00:18:11.465Z,2x50 14x100 18x150 19x100 23x100 29x100 34x50
6ab5bdc8715c757902f2b82c,Gold Vault Roulette,3,Vermelho,Impar,2026-09-24 21:18:16,2026-09-25T00:17:33.220Z,2026-09-25T00:18:16.584Z,18x150 22x150 23x500 25x50 34x50 35x150
6ab5bdd3715c757902f2b82d,Lightning Roulette,1,Vermelho,Impar,2026-09-24 21:18:27,2026-09-25T00:17:36.484Z,2026-09-25T00:18:27.364Z,4x150 34x150
6ab5bde1715c757902f2b830,Auto Roulette,31,Preto,Impar,2026-09-24 21:18:41,2026-09-25T00:18:00.624Z,2026-09-25T00:18:41.057Z,
6ab5bde6715c757902f2b832,Immersive Roulette,21,Vermelho,Impar,2026-09-24 21:18:45,2026-09-25T00:17:57.014Z,2026-09-25T00:18:45.994Z,
6ab5bdf32032f516c5aba813,Red Door Roulette,17,Preto,Impar,2026-09-24 21:18:59,2026-09-25T00:18:00.043Z,2026-09-25T00:18:59.532Z,1x1 4x1 11x1 13x2 15x1 20x1 26x1
6ab5bdf8715c757902f2b838,XXXtreme Lightning Roulette,8,Preto,Par,2026-09-24 21:19:04,2026-09-25T00:18:14.568Z,2026-09-25T00:19:04.467Z,18x50 22x100 34x100
6ab5be05715c757902f2b83a,Lightning Roulette,25,Vermelho,Impar,2026-09-24 21:19:17,2026-09-25T00:18:30.527Z,2026-09-25T00:19:17.357Z,6x100 14x100 15x150
6ab5be0a715c757902f2b83c,Auto Roulette,35,Preto,Impar,2026-09-24 21:19:22,2026-09-25T00:18:44.127Z,2026-09-25T00:19:22.553Z,
6ab5be1b715c757902f2b83f,Immersive Roulette,27,Vermelho,Impar,2026-09-24 21:19:38,2026-09-25T00:18:49.063Z,2026-09-25T00:19:38.852Z,
6ab5be24715c757902f2b840,Gold Vault Roulette,18,Vermelho,Par,2026-09-24 21:19:48,2026-09-25T00:19:05.083Z,2026-09-25T00:19:48.405Z,3x50 5x50 6x50 15x50 18x100 25x500
6ab5be2f715c757902f2b845,XXXtreme Lightning Roulette,11,Preto,Impar,2026-09-24 21:19:58,2026-09-25T00:19:07.554Z,2026-09-25T00:19:58.979Z,1x200 4x100 8x150 12x100 29x100 35x100
6ab5be2f2032f516c5aba816,Red Door Roulette,32,Vermelho,Par,2026-09-24 21:19:59,2026-09-25T00:19:02.643Z,2026-09-25T00:19:59.522Z,4x1 8x1 9x1 13x1 17x1 22x1 28x1 29x1
6ab5be34715c757902f2b847,Auto Roulette,17,Preto,Impar,2026-09-24 21:20:04,2026-09-25T00:19:25.666Z,2026-09-25T00:20:04.615Z,
6ab5be39715c757902f2b848,Lightning Roulette,25,Vermelho,Impar,2026-09-24 21:20:09,2026-09-25T00:19:20.464Z,2026-09-25T00:20:09.351Z,16x50 26x100 30x100
6ab5be4d715c757902f2b84b,Immersive Roulette,31,Preto,Impar,2026-09-24 21:20:29,2026-09-25T00:19:41.912Z,2026-09-25T00:20:29.346Z,
6ab5be53715c757902f2b84e,Gold Vault Roulette,10,Preto,Par,2026-09-24 21:20:35,2026-09-25T00:19:51.470Z,2026-09-25T00:20:35.676Z,2x100 12x50 14x100 16x50 21x50 25x150 28x150 30x100 31x50 35x100
6ab5be5f715c757902f2b851,Auto Roulette,2,Preto,Par,2026-09-24 21:20:47,2026-09-25T00:20:07.755Z,2026-09-25T00:20:47.557Z,
6ab5be65715c757902f2b852,XXXtreme Lightning Roulette,25,Vermelho,Impar,2026-09-24 21:20:52,2026-09-25T00:20:02.067Z,2026-09-25T00:20:52.982Z,0x400 7x100 13x50 20x500 23x100 27x50 28x100 36x150
6ab5be69715c757902f2b854,Lightning Roulette,30,Vermelho,Par,2026-09-24 21:20:56,2026-09-25T00:20:12.473Z,2026-09-25T00:20:56.851Z,0x50 13x100 34x50
6ab5be6e2032f516c5aba819,Red Door Roulette,10,Preto,Par,2026-09-24 21:21:02,2026-09-25T00:20:02.617Z,2026-09-25T00:21:02.026Z,2x1 6x1 13x1 14x3 15x1 20x1 21x1 28x1 32x1
6ab5be80715c757902f2b85c,Immersive Roulette,10,Preto,Par,2026-09-24 21:21:20,2026-09-25T00:20:32.412Z,2026-09-25T00:21:20.201Z,
6ab5be84715c757902f2b85d,Gold Vault Roulette,29,Preto,Impar,2026-09-24 21:21:24,2026-09-25T00:20:38.783Z,2026-09-25T00:21:24.541Z,3x50 6x50 21x50 22x100 23x100 26x50 30x50 33x100
6ab5be8b715c757902f2b85e,Auto Roulette,36,Vermelho,Par,2026-09-24 21:21:31,2026-09-25T00:20:50.626Z,2026-09-25T00:21:31.069Z,
6ab5be99715c757902f2b862,Lightning Roulette,13,Preto,Impar,2026-09-24 21:21:44,2026-09-25T00:20:59.945Z,2026-09-25T00:21:44.852Z,14x100 18x100 21x50
6ab5be9a715c757902f2b863,XXXtreme Lightning Roulette,17,Preto,Impar,2026-09-24 21:21:45,2026-09-25T00:20:56.075Z,2026-09-25T00:21:45.983Z,10x600 16x100 32x100
6ab5bea62032f516c5aba81d,Red Door Roulette,1,Vermelho,Impar,2026-09-24 21:21:58,2026-09-25T00:21:05.147Z,2026-09-25T00:21:58.523Z,0x1 2x1 3x1 6x1 22x1 26x1 29x1
6ab5beb2715c757902f2b867,Gold Vault Roulette,13,Preto,Impar,2026-09-24 21:22:10,2026-09-25T00:21:27.676Z,2026-09-25T00:22:10.612Z,6x500 11x50 14x50 15x100 17x100 19x50 24x50 27x100
6ab5beb7715c757902f2b868,Auto Roulette,6,Preto,Par,2026-09-24 21:22:15,2026-09-25T00:21:34.208Z,2026-09-25T00:22:15.568Z,
6ab5beb8715c757902f2b869,Immersive Roulette,16,Vermelho,Par,2026-09-24 21:22:15,2026-09-25T00:21:23.313Z,2026-09-25T00:22:15.900Z,
6ab5bec8715c757902f2b86d,Lightning Roulette,18,Vermelho,Par,2026-09-24 21:22:31,2026-09-25T00:21:47.951Z,2026-09-25T00:22:31.860Z,1x50
6ab5becf715c757902f2b870,XXXtreme Lightning Roulette,21,Vermelho,Impar,2026-09-24 21:22:38,2026-09-25T00:21:49.071Z,2026-09-25T00:22:38.988Z,2x100 3x100 7x500 9x100 11x50 22x600
6ab5bee02032f516c5aba820,Red Door Roulette,21,Vermelho,Impar,2026-09-24 21:22:56,2026-09-25T00:22:01.638Z,2026-09-25T00:22:56.525Z,2x1 7x2 10x1 19x1 23x1 24x1 26x1 36x1
6ab5bee2715c757902f2b871,Auto Roulette,18,Vermelho,Par,2026-09-24 21:22:58,2026-09-25T00:22:18.649Z,2026-09-25T00:22:58.566Z,
6ab5beec715c757902f2b876,Immersive Roulette,31,Preto,Impar,2026-09-24 21:23:08,2026-09-25T00:22:19.008Z,2026-09-25T00:23:08.369Z,
6ab5bef9715c757902f2b878,Lightning Roulette,25,Vermelho,Impar,2026-09-24 21:23:20,2026-09-25T00:22:34.973Z,2026-09-25T00:23:20.850Z,0x50 5x300
6ab5beff715c757902f2b87a,XXXtreme Lightning Roulette,29,Preto,Impar,2026-09-24 21:23:27,2026-09-25T00:22:42.083Z,2026-09-25T00:23:27.493Z,1x100 21x50
6ab5bf0f715c757902f2b87b,Auto Roulette,36,Vermelho,Par,2026-09-24 21:23:43,2026-09-25T00:23:01.667Z,2026-09-25T00:23:43.555Z,
6ab5bf19715c757902f2b880,Gold Vault Roulette,0,Verde,None,2026-09-24 21:23:53,2026-09-25T00:23:04.458Z,2026-09-25T00:23:53.017Z,6x100 10x100 18x150 21x150 33x100
6ab5bf24715c757902f2b884,Lightning Roulette,11,Preto,Impar,2026-09-24 21:24:04,2026-09-25T00:23:23.957Z,2026-09-25T00:24:04.351Z,22x50 34x50
6ab5bf33715c757902f2b887,XXXtreme Lightning Roulette,9,Vermelho,Impar,2026-09-24 21:24:19,2026-09-25T00:23:30.593Z,2026-09-25T00:24:19.006Z,1x100 33x100
6ab5bf3d715c757902f2b88b,Auto Roulette,18,Vermelho,Par,2026-09-24 21:24:29,2026-09-25T00:23:46.668Z,2026-09-25T00:24:29.056Z,
6ab5bf54943ffe9ea5837594,Red Door Roulette,10,Preto,Par,2026-09-24 21:24:50,2026-09-25T00:22:59.623Z,2026-09-25T00:24:50.938Z,8x1 11x1 16x1 10x1 2x3
6ab5bf5a715c757902f2b890,Lightning Roulette,20,Preto,Par,2026-09-24 21:24:57,2026-09-25T00:24:07.466Z,2026-09-25T00:24:57.859Z,21x100 25x100 27x50
6ab5bf68715c757902f2b896,XXXtreme Lightning Roulette,6,Preto,Par,2026-09-24 21:25:12,2026-09-25T00:24:22.105Z,2026-09-25T00:25:12.507Z,4x500 8x100 16x50 19x100
6ab5bf69715c757902f2b897,Auto Roulette,5,Vermelho,Impar,2026-09-24 21:25:13,2026-09-25T00:24:32.159Z,2026-09-25T00:25:13.054Z,
6ab5bf7e715c757902f2b89b,Gold Vault Roulette,11,Preto,Impar,2026-09-24 21:25:34,2026-09-25T00:24:46.230Z,2026-09-25T00:25:34.807Z,0x150 2x50 15x50 16x50 18x50 23x50 33x50 34x50
6ab5bf87715c757902f2b89d,Lightning Roulette,3,Vermelho,Impar,2026-09-24 21:25:43,2026-09-25T00:25:00.996Z,2026-09-25T00:25:43.362Z,20x100 28x100 31x200
6ab5bf962032f516c5aba827,Red Door Roulette,19,Vermelho,Impar,2026-09-24 21:25:58,2026-09-25T00:24:58.150Z,2026-09-25T00:25:58.524Z,1x1 3x1 9x1 21x5 25x1 27x2 34x1 36x1
6ab5bf97715c757902f2b8a0,Auto Roulette,14,Vermelho,Par,2026-09-24 21:25:59,2026-09-25T00:25:16.133Z,2026-09-25T00:25:59.051Z,
6ab5bf99715c757902f2b8a2,XXXtreme Lightning Roulette,13,Preto,Impar,2026-09-24 21:26:01,2026-09-25T00:25:15.602Z,2026-09-25T00:26:01.511Z,2x300 24x1000 26x100 32x50
6ab5bfb1715c757902f2b8a9,Gold Vault Roulette,13,Preto,Impar,2026-09-24 21:26:25,2026-09-25T00:25:37.929Z,2026-09-25T00:26:25.334Z,0x50 2x50 3x100 10x50 21x50 24x500 28x150 31x50
6ab5bfbb715c757902f2b8ac,Lightning Roulette,27,Vermelho,Impar,2026-09-24 21:26:35,2026-09-25T00:25:46.511Z,2026-09-25T00:26:35.350Z,19x100 28x100
6ab5bfc3715c757902f2b8af,Auto Roulette,31,Preto,Impar,2026-09-24 21:26:43,2026-09-25T00:26:02.134Z,2026-09-25T00:26:43.547Z,
6ab5bfc8715c757902f2b8b1,Immersive Roulette,22,Preto,Par,2026-09-24 21:26:48,2026-09-25T00:25:55.687Z,2026-09-25T00:26:48.312Z,
6ab5bfc9715c757902f2b8b2,XXXtreme Lightning Roulette,21,Vermelho,Impar,2026-09-24 21:26:49,2026-09-25T00:26:04.608Z,2026-09-25T00:26:49.523Z,25x100 33x100 35x100
6ab5bfe2715c757902f2b8ba,Gold Vault Roulette,25,Vermelho,Impar,2026-09-24 21:27:14,2026-09-25T00:26:28.449Z,2026-09-25T00:27:14.226Z,1x100 9x50 15x50 20x50 25x150 30x50
6ab5bfed715c757902f2b8bb,Lightning Roulette,14,Vermelho,Par,2026-09-24 21:27:25,2026-09-25T00:26:38.493Z,2026-09-25T00:27:25.363Z,0x100
6ab5bfef715c757902f2b8bd,Auto Roulette,13,Preto,Impar,2026-09-24 21:27:27,2026-09-25T00:26:46.643Z,2026-09-25T00:27:27.565Z,
6ab5bff9715c757902f2b8bf,XXXtreme Lightning Roulette,12,Vermelho,Par,2026-09-24 21:27:37,2026-09-25T00:26:52.606Z,2026-09-25T00:27:37.515Z,21x600 27x200 33x100
6ab5bffa715c757902f2b8c0,Immersive Roulette,30,Vermelho,Par,2026-09-24 21:27:37,2026-09-25T00:26:51.401Z,2026-09-25T00:27:37.977Z,
6ab5c014715c757902f2b8c2,Gold Vault Roulette,13,Preto,Impar,2026-09-24 21:28:03,2026-09-25T00:27:17.339Z,2026-09-25T00:28:03.916Z,1x50 3x50 11x50 14x50 17x50 18x50 21x100 24x50
6ab5c01b715c757902f2b8c3,Auto Roulette,28,Preto,Par,2026-09-24 21:28:11,2026-09-25T00:27:30.669Z,2026-09-25T00:28:11.060Z,
6ab5c01d715c757902f2b8c4,Lightning Roulette,8,Preto,Par,2026-09-24 21:28:12,2026-09-25T00:27:28.472Z,2026-09-25T00:28:12.859Z,10x100 17x100 31x50
6ab5c029943ffe9ea58375a8,Red Door Roulette,14,Vermelho,Par,2026-09-24 21:28:24,2026-09-25T00:26:01.625Z,2026-09-25T00:28:24.070Z,22x2 26x1 24x2 2x1 7x2 17x4 14x1
6ab5c02b715c757902f2b8c8,XXXtreme Lightning Roulette,12,Vermelho,Par,2026-09-24 21:28:27,2026-09-25T00:27:40.603Z,2026-09-25T00:28:27.026Z,6x200 13x700 30x100
6ab5c031715c757902f2b8cb,Immersive Roulette,9,Vermelho,Impar,2026-09-24 21:28:33,2026-09-25T00:27:41.075Z,2026-09-25T00:28:33.674Z,
6ab5c045715c757902f2b8d0,Auto Roulette,6,Preto,Par,2026-09-24 21:28:53,2026-09-25T00:28:14.204Z,2026-09-25T00:28:53.065Z,
6ab5c049715c757902f2b8d1,Lightning Roulette,16,Vermelho,Par,2026-09-24 21:28:57,2026-09-25T00:28:15.956Z,2026-09-25T00:28:57.358Z,13x100 23x50
6ab5c05c715c757902f2b8d4,XXXtreme Lightning Roulette,26,Preto,Par,2026-09-24 21:29:16,2026-09-25T00:28:30.125Z,2026-09-25T00:29:16.023Z,0x100 7x200 17x50 19x700 31x100 33x100
6ab5c0682032f516c5aba831,Red Door Roulette,18,Vermelho,Par,2026-09-24 21:29:28,2026-09-25T00:28:31.293Z,2026-09-25T00:29:28.030Z,3x1 4x2 10x1 35x1
6ab5c068715c757902f2b8da,Immersive Roulette,36,Vermelho,Par,2026-09-24 21:29:28,2026-09-25T00:28:36.755Z,2026-09-25T00:29:28.141Z,
6ab5c06e715c757902f2b8db,Auto Roulette,27,Vermelho,Impar,2026-09-24 21:29:34,2026-09-25T00:28:56.170Z,2026-09-25T00:29:34.055Z,
6ab5c07a715c757902f2b8de,Lightning Roulette,12,Vermelho,Par,2026-09-24 21:29:46,2026-09-25T00:29:00.493Z,2026-09-25T00:29:46.360Z,5x100
6ab5c08ed32ef473421900cd,XXXtreme Lightning Roulette,13,Preto,Impar,2026-09-24 21:30:05,2026-09-25T00:29:19.109Z,2026-09-25T00:30:05.525Z,2x50 30x1000
6ab5c09d715c757902f2b8e9,Auto Roulette,23,Vermelho,Impar,2026-09-24 21:30:21,2026-09-25T00:29:37.165Z,2026-09-25T00:30:21.046Z,
6ab5c0a2715c757902f2b8ea,Immersive Roulette,24,Preto,Par,2026-09-24 21:30:25,2026-09-25T00:29:31.208Z,2026-09-25T00:30:25.816Z,
6ab5c0aa715c757902f2b8ec,Gold Vault Roulette,16,Vermelho,Par,2026-09-24 21:30:34,2026-09-25T00:29:47.256Z,2026-09-25T00:30:34.655Z,0x100 5x50 12x50 26x50 34x150
6ab5c0ae715c757902f2b8ed,Lightning Roulette,20,Preto,Par,2026-09-24 21:30:38,2026-09-25T00:29:49.465Z,2026-09-25T00:30:38.355Z,5x50 12x50 35x150
6ab5c0c0d32ef473421900d4,XXXtreme Lightning Roulette,28,Preto,Par,2026-09-24 21:30:55,2026-09-25T00:30:08.632Z,2026-09-25T00:30:55.553Z,34x200 33x50 26x50 13x100 6x100 31x50 18x50 29x100
6ab5c0cc715c757902f2b8f1,Auto Roulette,27,Vermelho,Impar,2026-09-24 21:31:08,2026-09-25T00:30:24.126Z,2026-09-25T00:31:08.062Z,
6ab5c0d4715c757902f2b8f3,Immersive Roulette,22,Preto,Par,2026-09-24 21:31:16,2026-09-25T00:30:28.917Z,2026-09-25T00:31:16.268Z,
6ab5c0d6943ffe9ea58375b4,Red Door Roulette,2,Preto,Par,2026-09-24 21:31:16,2026-09-25T00:29:31.109Z,2026-09-25T00:31:16.913Z,26x1 32x1 36x1 25x1 31x1 27x1 2x1 3x1
6ab5c0dfd32ef473421900d7,Lightning Roulette,32,Vermelho,Par,2026-09-24 21:31:25,2026-09-25T00:30:41.463Z,2026-09-25T00:31:25.859Z,17x100 25x250 32x100
6ab5c0de715c757902f2b8f6,Gold Vault Roulette,30,Vermelho,Par,2026-09-24 21:31:26,2026-09-25T00:30:37.779Z,2026-09-25T00:31:26.371Z,0x150 1x100 4x50 11x150 12x50 14x150 24x100 27x50 29x100 30x50
6ab5c0f6715c757902f2b8fa,XXXtreme Lightning Roulette,21,Vermelho,Impar,2026-09-24 21:31:50,2026-09-25T00:30:58.650Z,2026-09-25T00:31:50.545Z,13x100 16x100 35x500
6ab5c0f6715c757902f2b8f9,Auto Roulette,20,Preto,Par,2026-09-24 21:31:50,2026-09-25T00:31:11.174Z,2026-09-25T00:31:50.555Z,
6ab5c109715c757902f2b8fe,Immersive Roulette,0,Verde,None,2026-09-24 21:32:08,2026-09-25T00:31:19.324Z,2026-09-25T00:32:08.742Z,
6ab5c10c715c757902f2b8ff,Gold Vault Roulette,23,Vermelho,Impar,2026-09-24 21:32:12,2026-09-25T00:31:29.484Z,2026-09-25T00:32:12.511Z,2x100 9x100 11x50 14x100 15x50 18x100 19x50 25x50 27x50 28x150 31x50
6ab5c115d32ef473421900e0,Lightning Roulette,8,Preto,Par,2026-09-24 21:32:20,2026-09-25T00:31:29.014Z,2026-09-25T00:32:20.364Z,4x350 6x50
6ab5c1152032f516c5aba839,Red Door Roulette,20,Preto,Par,2026-09-24 21:32:21,2026-09-25T00:31:24.138Z,2026-09-25T00:32:21.530Z,4x1 7x1 10x1 11x1 16x2 18x1 21x1 24x1
6ab5c124715c757902f2b902,Auto Roulette,34,Vermelho,Par,2026-09-24 21:32:36,2026-09-25T00:31:53.680Z,2026-09-25T00:32:36.043Z,
6ab5c128715c757902f2b905,XXXtreme Lightning Roulette,21,Vermelho,Impar,2026-09-24 21:32:40,2026-09-25T00:31:53.642Z,2026-09-25T00:32:40.557Z,3x100 8x150 22x100 26x50 27x1000 30x200 33x100
6ab5c13d715c757902f2b90a,Gold Vault Roulette,0,Verde,None,2026-09-24 21:33:01,2026-09-25T00:32:15.619Z,2026-09-25T00:33:01.426Z,1x50 6x50 13x50 14x50 26x50 27x50 28x50 33x50
6ab5c13e715c757902f2b90c,Immersive Roulette,25,Vermelho,Impar,2026-09-24 21:33:02,2026-09-25T00:32:11.820Z,2026-09-25T00:33:02.412Z,
6ab5c140715c757902f2b90e,Lightning Roulette,21,Vermelho,Impar,2026-09-24 21:33:04,2026-09-25T00:32:23.517Z,2026-09-25T00:33:04.355Z,4x50 27x100
6ab5c1502032f516c5aba83d,Red Door Roulette,28,Preto,Par,2026-09-24 21:33:20,2026-09-25T00:32:24.605Z,2026-09-25T00:33:20.043Z,2x1 8x1 16x1 18x1 24x1 26x1 29x1
6ab5c155715c757902f2b912,Auto Roulette,2,Preto,Par,2026-09-24 21:33:25,2026-09-25T00:32:39.144Z,2026-09-25T00:33:25.053Z,
6ab5c15b715c757902f2b913,XXXtreme Lightning Roulette,2,Preto,Par,2026-09-24 21:33:31,2026-09-25T00:32:43.646Z,2026-09-25T00:33:31.051Z,0x50 9x100 14x100
6ab5c170715c757902f2b917,Lightning Roulette,6,Preto,Par,2026-09-24 21:33:51,2026-09-25T00:33:07.463Z,2026-09-25T00:33:51.865Z,16x100 32x100
6ab5c171715c757902f2b918,Immersive Roulette,26,Preto,Par,2026-09-24 21:33:52,2026-09-25T00:33:05.525Z,2026-09-25T00:33:52.884Z,
6ab5c172715c757902f2b919,Gold Vault Roulette,1,Vermelho,Impar,2026-09-24 21:33:54,2026-09-25T00:33:04.557Z,2026-09-25T00:33:54.707Z,1x50 3x50 4x150 5x50 14x50 26x50 31x100
6ab5c18d943ffe9ea58375c4,Red Door Roulette,19,Vermelho,Impar,2026-09-24 21:34:19,2026-09-25T00:33:23.121Z,2026-09-25T00:34:19.539Z,4x1 32x1 30x1 6x1 1x1
6ab5c190715c757902f2b921,XXXtreme Lightning Roulette,20,Preto,Par,2026-09-24 21:34:24,2026-09-25T00:33:34.133Z,2026-09-25T00:34:24.561Z,11x100 20x50 34x100
6ab5c1a0715c757902f2b924,Lightning Roulette,8,Preto,Par,2026-09-24 21:34:40,2026-09-25T00:33:54.988Z,2026-09-25T00:34:40.362Z,0x100 20x300 21x100
6ab5c1a5715c757902f2b927,Gold Vault Roulette,18,Vermelho,Par,2026-09-24 21:34:44,2026-09-25T00:33:57.851Z,2026-09-25T00:34:44.884Z,4x50 9x100 18x50 22x50 24x50 29x50
6ab5c1a8715c757902f2b928,Immersive Roulette,7,Vermelho,Impar,2026-09-24 21:34:48,2026-09-25T00:33:56.014Z,2026-09-25T00:34:48.179Z,
6ab5c1c3715c757902f2b92d,XXXtreme Lightning Roulette,20,Preto,Par,2026-09-24 21:35:15,2026-09-25T00:34:27.658Z,2026-09-25T00:35:15.568Z,11x100 13x100 30x50
6ab5c1c6943ffe9ea58375ca,Red Door Roulette,23,Vermelho,Impar,2026-09-24 21:35:16,2026-09-25T00:34:22.639Z,2026-09-25T00:35:16.552Z,13x1 17x1 20x1 18x1 11x1 9x1
6ab5c1cf715c757902f2b92f,Lightning Roulette,25,Vermelho,Impar,2026-09-24 21:35:26,2026-09-25T00:34:43.448Z,2026-09-25T00:35:26.869Z,6x100 18x150
6ab5c1d5715c757902f2b932,Auto Roulette,22,Preto,Par,2026-09-24 21:35:33,2026-09-25T00:34:52.681Z,2026-09-25T00:35:33.560Z,
6ab5c1d7715c757902f2b933,Gold Vault Roulette,17,Preto,Impar,2026-09-24 21:35:35,2026-09-25T00:34:48.028Z,2026-09-25T00:35:35.317Z,1x100 5x50 7x50 10x50 12x100 20x50 27x50 30x50 32x50
6ab5c1e0715c757902f2b935,Immersive Roulette,1,Vermelho,Impar,2026-09-24 21:35:44,2026-09-25T00:34:51.287Z,2026-09-25T00:35:44.667Z,
6ab5c1f7715c757902f2b93b,XXXtreme Lightning Roulette,18,Vermelho,Par,2026-09-24 21:36:07,2026-09-25T00:35:18.660Z,2026-09-25T00:36:07.568Z,15x100 28x100
6ab5c200715c757902f2b93d,Auto Roulette,24,Preto,Par,2026-09-24 21:36:16,2026-09-25T00:35:36.703Z,2026-09-25T00:36:16.051Z,
6ab5c202715c757902f2b93e,Lightning Roulette,15,Preto,Impar,2026-09-24 21:36:18,2026-09-25T00:35:30.013Z,2026-09-25T00:36:18.360Z,6x50 30x100 32x100 33x100
6ab5c2032032f516c5aba845,Red Door Roulette,4,Preto,Par,2026-09-24 21:36:19,2026-09-25T00:35:19.652Z,2026-09-25T00:36:19.546Z,5x1 6x1 13x1 17x1 20x1 36x1
6ab5c20ad32ef473421900ff,Gold Vault Roulette,33,Preto,Impar,2026-09-24 21:36:25,2026-09-25T00:35:38.414Z,2026-09-25T00:36:25.395Z,33x50 1x100 31x50 7x100 11x150 9x50
6ab5c214715c757902f2b942,Immersive Roulette,6,Preto,Par,2026-09-24 21:36:36,2026-09-25T00:35:47.742Z,2026-09-25T00:36:36.330Z,
6ab5c22e715c757902f2b946,Auto Roulette,21,Vermelho,Impar,2026-09-24 21:37:01,2026-09-25T00:36:19.151Z,2026-09-25T00:37:01.566Z,
6ab5c22d715c757902f2b944,XXXtreme Lightning Roulette,17,Preto,Impar,2026-09-24 21:37:01,2026-09-25T00:36:10.669Z,2026-09-25T00:37:01.578Z,20x100 21x100 25x100 30x100
6ab5c22f715c757902f2b947,Lightning Roulette,8,Preto,Par,2026-09-24 21:37:02,2026-09-25T00:36:21.462Z,2026-09-25T00:37:02.859Z,6x100 19x100 20x100
6ab5c2422032f516c5aba84a,Red Door Roulette,21,Vermelho,Impar,2026-09-24 21:37:22,2026-09-25T00:36:22.658Z,2026-09-25T00:37:22.048Z,0x1 2x1 4x3 5x3 23x1 29x1 31x1
6ab5c24a715c757902f2b94d,Immersive Roulette,8,Preto,Par,2026-09-24 21:37:30,2026-09-25T00:36:39.419Z,2026-09-25T00:37:30.416Z,
6ab5c259715c757902f2b94f,Auto Roulette,29,Preto,Impar,2026-09-24 21:37:45,2026-09-25T00:37:04.688Z,2026-09-25T00:37:45.556Z,
6ab5c25f715c757902f2b950,Lightning Roulette,9,Vermelho,Impar,2026-09-24 21:37:50,2026-09-25T00:37:05.951Z,2026-09-25T00:37:50.864Z,0x50 20x100 21x200
6ab5c263715c757902f2b951,XXXtreme Lightning Roulette,27,Vermelho,Impar,2026-09-24 21:37:55,2026-09-25T00:37:04.671Z,2026-09-25T00:37:55.079Z,1x50 4x50 32x100
6ab5c26e715c757902f2b953,Gold Vault Roulette,5,Vermelho,Impar,2026-09-24 21:38:06,2026-09-25T00:37:19.816Z,2026-09-25T00:38:06.116Z,10x100 17x100 20x50 29x100 31x50 35x50
6ab5c27c2032f516c5aba84d,Red Door Roulette,4,Preto,Par,2026-09-24 21:38:20,2026-09-25T00:37:25.135Z,2026-09-25T00:38:20.044Z,1x1 9x3 10x1 12x1 17x2 19x1 22x5 23x1 28x1 29x1 30x1
6ab5c286715c757902f2b958,Auto Roulette,20,Preto,Par,2026-09-24 21:38:30,2026-09-25T00:37:48.649Z,2026-09-25T00:38:30.055Z,
6ab5c290715c757902f2b95a,Lightning Roulette,23,Vermelho,Impar,2026-09-24 21:38:40,2026-09-25T00:37:53.984Z,2026-09-25T00:38:40.370Z,16x100 27x50 31x100
6ab5c297715c757902f2b95d,XXXtreme Lightning Roulette,2,Preto,Par,2026-09-24 21:38:47,2026-09-25T00:37:58.156Z,2026-09-25T00:38:47.589Z,1x50 2x100 13x100
6ab5c2a0715c757902f2b961,Gold Vault Roulette,1,Vermelho,Impar,2026-09-24 21:38:56,2026-09-25T00:38:09.223Z,2026-09-25T00:38:56.213Z,8x50 9x100 13x50 14x50 15x50 18x50 19x50 20x150 21x50 22x50 25x100 27x50 29x50 32x50 34x100
6ab5c2ad715c757902f2b963,Auto Roulette,22,Preto,Par,2026-09-24 21:39:09,2026-09-25T00:38:33.126Z,2026-09-25T00:39:09.548Z,
6ab5c2b1715c757902f2b964,Immersive Roulette,12,Vermelho,Par,2026-09-24 21:39:12,2026-09-25T00:38:24.385Z,2026-09-25T00:39:12.971Z,
6ab5c2c0715c757902f2b968,Lightning Roulette,25,Vermelho,Impar,2026-09-24 21:39:27,2026-09-25T00:38:43.505Z,2026-09-25T00:39:27.858Z,4x200 9x200 25x50
6ab5c2d4715c757902f2b96c,XXXtreme Lightning Roulette,22,Preto,Par,2026-09-24 21:39:48,2026-09-25T00:38:50.688Z,2026-09-25T00:39:48.087Z,25x100 26x50
6ab5c2d9715c757902f2b96d,Auto Roulette,13,Preto,Impar,2026-09-24 21:39:53,2026-09-25T00:39:12.639Z,2026-09-25T00:39:53.542Z,
6ab5c2f1d32ef47342190121,Lightning Roulette,29,Preto,Impar,2026-09-24 21:40:15,2026-09-25T00:39:30.967Z,2026-09-25T00:40:15.858Z,13x50 26x100 7x100
6ab5c306715c757902f2b972,Auto Roulette,18,Vermelho,Par,2026-09-24 21:40:38,2026-09-25T00:39:56.668Z,2026-09-25T00:40:38.553Z,
6ab5c306715c757902f2b973,XXXtreme Lightning Roulette,32,Vermelho,Par,2026-09-24 21:40:38,2026-09-25T00:39:51.183Z,2026-09-25T00:40:38.607Z,5x50 9x50 15x50 28x50 30x100 34x50
6ab5c311943ffe9ea58375e5,Red Door Roulette,16,Vermelho,Par,2026-09-24 21:40:47,2026-09-25T00:38:23.147Z,2026-09-25T00:40:47.414Z,22x1 16x1 21x1 31x1 20x1 2x1
6ab5c31dd32ef47342190127,Lightning Roulette,33,Preto,Impar,2026-09-24 21:41:00,2026-09-25T00:40:19.009Z,2026-09-25T00:41:00.360Z,13x100 19x50
6ab5c332715c757902f2b97b,Auto Roulette,2,Preto,Par,2026-09-24 21:41:22,2026-09-25T00:40:41.630Z,2026-09-25T00:41:22.551Z,
6ab5c33a715c757902f2b97e,Gold Vault Roulette,29,Preto,Impar,2026-09-24 21:41:30,2026-09-25T00:40:43.499Z,2026-09-25T00:41:30.486Z,8x100 13x50 14x50 15x50 22x100 23x50 35x50
6ab5c33b715c757902f2b97f,XXXtreme Lightning Roulette,20,Preto,Par,2026-09-24 21:41:31,2026-09-25T00:40:41.722Z,2026-09-25T00:41:31.100Z,6x50 8x100 23x50
6ab5c34f715c757902f2b983,Lightning Roulette,4,Preto,Par,2026-09-24 21:41:51,2026-09-25T00:41:03.492Z,2026-09-25T00:41:51.386Z,3x100 9x50 15x200 24x150 32x150
6ab5c356715c757902f2b985,Immersive Roulette,34,Vermelho,Par,2026-09-24 21:41:58,2026-09-25T00:41:06.215Z,2026-09-25T00:41:58.393Z,
6ab5c35a715c757902f2b986,Auto Roulette,4,Preto,Par,2026-09-24 21:42:02,2026-09-25T00:41:25.626Z,2026-09-25T00:42:02.542Z,
6ab5c36e715c757902f2b98a,XXXtreme Lightning Roulette,19,Vermelho,Impar,2026-09-24 21:42:22,2026-09-25T00:41:34.196Z,2026-09-25T00:42:22.106Z,0x100 4x600 10x100 15x100 18x150 20x100 29x100 30x50
6ab5c37d715c757902f2b98c,Lightning Roulette,26,Preto,Par,2026-09-24 21:42:37,2026-09-25T00:41:54.525Z,2026-09-25T00:42:37.363Z,20x150 23x50
6ab5c385715c757902f2b98e,Auto Roulette,19,Vermelho,Impar,2026-09-24 21:42:45,2026-09-25T00:42:05.611Z,2026-09-25T00:42:45.044Z,
6ab5c390715c757902f2b991,Immersive Roulette,15,Preto,Impar,2026-09-24 21:42:56,2026-09-25T00:42:01.481Z,2026-09-25T00:42:56.473Z,
6ab5c39e715c757902f2b995,XXXtreme Lightning Roulette,20,Preto,Par,2026-09-24 21:43:10,2026-09-25T00:42:25.215Z,2026-09-25T00:43:10.605Z,3x100 13x50
6ab5c3a2715c757902f2b997,Gold Vault Roulette,31,Preto,Impar,2026-09-24 21:43:14,2026-09-25T00:42:26.501Z,2026-09-25T00:43:14.260Z,1x50 2x50 5x50 6x50 8x100 9x500 13x50 16x50 18x50 25x50 27x50 31x50 34x50 35x50
6ab5c3a6943ffe9ea58375f1,Red Door Roulette,32,Vermelho,Par,2026-09-24 21:43:17,2026-09-25T00:40:54.636Z,2026-09-25T00:43:17.263Z,34x1 12x1 9x4 26x1 24x1 32x1 30x1
6ab5c3ae715c757902f2b99a,Lightning Roulette,14,Vermelho,Par,2026-09-24 21:43:25,2026-09-25T00:42:40.481Z,2026-09-25T00:43:25.865Z,3x100 14x50 22x100 25x50 28x50
6ab5c3b5715c757902f2b99c,Auto Roulette,32,Vermelho,Par,2026-09-24 21:43:33,2026-09-25T00:42:48.130Z,2026-09-25T00:43:33.065Z,
6ab5c3c6715c757902f2b99f,Immersive Roulette,1,Vermelho,Impar,2026-09-24 21:43:49,2026-09-25T00:42:59.549Z,2026-09-25T00:43:49.752Z,
6ab5c3d1715c757902f2b9a2,XXXtreme Lightning Roulette,19,Vermelho,Impar,2026-09-24 21:44:01,2026-09-25T00:43:13.692Z,2026-09-25T00:44:01.611Z,6x50 16x100
6ab5c3d7715c757902f2b9a3,Gold Vault Roulette,21,Vermelho,Impar,2026-09-24 21:44:07,2026-09-25T00:43:17.426Z,2026-09-25T00:44:07.185Z,7x50 12x50 16x50 21x100 25x50 35x50
6ab5c3e1715c757902f2b9a7,Auto Roulette,19,Vermelho,Impar,2026-09-24 21:44:17,2026-09-25T00:43:36.235Z,2026-09-25T00:44:17.054Z,
6ab5c3e3715c757902f2b9aa,Lightning Roulette,23,Vermelho,Impar,2026-09-24 21:44:19,2026-09-25T00:43:28.977Z,2026-09-25T00:44:19.378Z,14x50 27x100 29x50
6ab5c3e42032f516c5aba85e,Red Door Roulette,36,Vermelho,Par,2026-09-24 21:44:20,2026-09-25T00:43:24.471Z,2026-09-25T00:44:20.560Z,6x1 8x1 11x5 12x1 18x3 23x1 24x1 25x1 29x1 31x1
6ab5c3fa715c757902f2b9ae,Immersive Roulette,6,Preto,Par,2026-09-24 21:44:42,2026-09-25T00:43:52.821Z,2026-09-25T00:44:42.244Z,
6ab5c403715c757902f2b9af,XXXtreme Lightning Roulette,20,Preto,Par,2026-09-24 21:44:51,2026-09-25T00:44:04.706Z,2026-09-25T00:44:51.625Z,2x350 12x100 14x50
6ab5c409715c757902f2b9b0,Gold Vault Roulette,1,Vermelho,Impar,2026-09-24 21:44:56,2026-09-25T00:44:10.314Z,2026-09-25T00:44:56.860Z,14x50 20x50 25x50 27x100 28x50 29x150 31x50
6ab5c40c715c757902f2b9b2,Auto Roulette,29,Preto,Impar,2026-09-24 21:45:00,2026-09-25T00:44:20.183Z,2026-09-25T00:45:00.545Z,
6ab5c414715c757902f2b9b4,Lightning Roulette,30,Vermelho,Par,2026-09-24 21:45:07,2026-09-25T00:44:22.466Z,2026-09-25T00:45:07.877Z,8x100 9x100 18x50
6ab5c41d2032f516c5aba862,Red Door Roulette,28,Preto,Par,2026-09-24 21:45:17,2026-09-25T00:44:23.667Z,2026-09-25T00:45:17.055Z,2x1 8x1 9x7 10x1 19x1 22x1 24x1 27x1 30x1 36x1
6ab5c4272032f516c5aba863,Fireball Roulette,28,Preto,Par,2026-09-24 21:45:26,2026-09-25T00:44:40.793Z,2026-09-25T00:45:26.243Z,9x1 27x1 34x1
6ab5c431715c757902f2b9b8,Immersive Roulette,16,Vermelho,Par,2026-09-24 21:45:37,2026-09-25T00:44:45.317Z,2026-09-25T00:45:37.103Z,
6ab5c438715c757902f2b9bd,XXXtreme Lightning Roulette,1,Vermelho,Impar,2026-09-24 21:45:44,2026-09-25T00:44:54.707Z,2026-09-25T00:45:44.131Z,18x100 24x700
6ab5c43b715c757902f2b9be,Gold Vault Roulette,29,Preto,Impar,2026-09-24 21:45:46,2026-09-25T00:44:59.960Z,2026-09-25T00:45:46.973Z,3x50 4x50 7x150 8x100 10x50 16x50
6ab5c43c715c757902f2b9bf,Auto Roulette,13,Preto,Impar,2026-09-24 21:45:48,2026-09-25T00:45:03.639Z,2026-09-25T00:45:48.049Z,
6ab5c449715c757902f2b9c3,Lightning Roulette,34,Vermelho,Par,2026-09-24 21:46:00,2026-09-25T00:45:11.007Z,2026-09-25T00:46:00.866Z,12x50 22x50 24x100
6ab5c468715c757902f2b9ca,Immersive Roulette,8,Preto,Par,2026-09-24 21:46:32,2026-09-25T00:45:40.168Z,2026-09-25T00:46:32.048Z,
6ab5c468715c757902f2b9cb,Auto Roulette,13,Preto,Impar,2026-09-24 21:46:32,2026-09-25T00:45:51.154Z,2026-09-25T00:46:32.547Z,
6ab5c46b715c757902f2b9cc,XXXtreme Lightning Roulette,11,Preto,Impar,2026-09-24 21:46:34,2026-09-25T00:45:47.221Z,2026-09-25T00:46:34.641Z,5x100 11x50 34x100
6ab5c46e715c757902f2b9cd,Gold Vault Roulette,11,Preto,Impar,2026-09-24 21:46:38,2026-09-25T00:45:50.065Z,2026-09-25T00:46:38.620Z,0x50 1x150 14x50 25x50 34x50
6ab5c474715c757902f2b9d0,Lightning Roulette,11,Preto,Impar,2026-09-24 21:46:43,2026-09-25T00:46:04.003Z,2026-09-25T00:46:43.863Z,0x100 1x100 4x50 20x50
6ab5c4812032f516c5aba867,Fireball Roulette,2,Preto,Par,2026-09-24 21:46:56,2026-09-25T00:45:31.299Z,2026-09-25T00:46:56.301Z,2x1 16x1 18x1 24x1
6ab5c492715c757902f2b9d4,Auto Roulette,2,Preto,Par,2026-09-24 21:47:14,2026-09-25T00:46:35.672Z,2026-09-25T00:47:14.550Z,
6ab5c49c715c757902f2b9d6,Immersive Roulette,36,Vermelho,Par,2026-09-24 21:47:24,2026-09-25T00:46:35.162Z,2026-09-25T00:47:24.569Z,
6ab5c4a0715c757902f2b9d8,XXXtreme Lightning Roulette,14,Vermelho,Par,2026-09-24 21:47:27,2026-09-25T00:46:37.745Z,2026-09-25T00:47:27.642Z,1x100 3x100 13x100 17x100 21x100 28x100 33x50
6ab5c4a1715c757902f2b9d9,Gold Vault Roulette,5,Vermelho,Impar,2026-09-24 21:47:29,2026-09-25T00:46:41.707Z,2026-09-25T00:47:29.122Z,0x50 10x50 17x100 24x50 31x50
6ab5c4a2715c757902f2b9da,Lightning Roulette,22,Preto,Par,2026-09-24 21:47:29,2026-09-25T00:46:46.962Z,2026-09-25T00:47:29.871Z,4x50
6ab5c4b82032f516c5aba868,Fireball Roulette,31,Preto,Impar,2026-09-24 21:47:50,2026-09-25T00:47:01.336Z,2026-09-25T00:47:50.757Z,1x1 24x1 25x5
6ab5c4ba943ffe9ea5837606,Red Door Roulette,7,Vermelho,Impar,2026-09-24 21:47:52,2026-09-25T00:45:20.143Z,2026-09-25T00:47:52.762Z,23x1 35x1 10x4 27x1 7x2
6ab5c4be715c757902f2b9de,Auto Roulette,29,Preto,Impar,2026-09-24 21:47:58,2026-09-25T00:47:17.658Z,2026-09-25T00:47:58.045Z,
6ab5c4d0715c757902f2b9e2,Immersive Roulette,22,Preto,Par,2026-09-24 21:48:15,2026-09-25T00:47:27.645Z,2026-09-25T00:48:15.853Z,
6ab5c4d1715c757902f2b9e3,XXXtreme Lightning Roulette,2,Preto,Par,2026-09-24 21:48:17,2026-09-25T00:47:30.712Z,2026-09-25T00:48:17.140Z,5x100 6x100 12x100 17x50 21x100 27x50 33x50
6ab5c4d3715c757902f2b9e5,Gold Vault Roulette,4,Preto,Par,2026-09-24 21:48:18,2026-09-25T00:47:32.277Z,2026-09-25T00:48:18.819Z,2x50 5x150 12x100 14x50 22x50 23x50 26x100 28x50
6ab5c4d5715c757902f2b9e7,Lightning Roulette,28,Preto,Par,2026-09-24 21:48:20,2026-09-25T00:47:32.971Z,2026-09-25T00:48:20.871Z,12x50 18x200 23x50
6ab5c4e82032f516c5aba86a,Fireball Roulette,14,Vermelho,Par,2026-09-24 21:48:38,2026-09-25T00:47:55.805Z,2026-09-25T00:48:38.762Z,9x5 21x1 29x1
6ab5c4eb715c757902f2b9ec,Auto Roulette,8,Preto,Par,2026-09-24 21:48:43,2026-09-25T00:48:01.206Z,2026-09-25T00:48:43.039Z,
6ab5c4fc2032f516c5aba86c,Red Door Roulette,20,Preto,Par,2026-09-24 21:49:00,2026-09-25T00:48:00.993Z,2026-09-25T00:49:00.064Z,4x1 7x1 9x2 12x1 26x1 28x1 34x1
6ab5c501715c757902f2b9ef,Immersive Roulette,0,Verde,None,2026-09-24 21:49:05,2026-09-25T00:48:18.931Z,2026-09-25T00:49:05.518Z,
6ab5c504715c757902f2b9f0,Gold Vault Roulette,17,Preto,Impar,2026-09-24 21:49:08,2026-09-25T00:48:21.914Z,2026-09-25T00:49:08.509Z,0x50 1x50 7x50 20x500 29x50
6ab5c505715c757902f2b9f1,Lightning Roulette,15,Preto,Impar,2026-09-24 21:49:08,2026-09-25T00:48:24.050Z,2026-09-25T00:49:08.868Z,4x50 6x100 16x150
6ab5c508715c757902f2b9f4,XXXtreme Lightning Roulette,30,Vermelho,Par,2026-09-24 21:49:12,2026-09-25T00:48:20.237Z,2026-09-25T00:49:12.151Z,6x100 16x100 17x50
6ab5c516715c757902f2b9f5,Auto Roulette,27,Vermelho,Impar,2026-09-24 21:49:26,2026-09-25T00:48:46.122Z,2026-09-25T00:49:26.549Z,
6ab5c5182032f516c5aba86d,Fireball Roulette,36,Vermelho,Par,2026-09-24 21:49:27,2026-09-25T00:48:43.824Z,2026-09-25T00:49:27.266Z,18x1 25x1 26x1 34x1
6ab5c531715c757902f2b9fe,Lightning Roulette,27,Vermelho,Impar,2026-09-24 21:49:53,2026-09-25T00:49:11.971Z,2026-09-25T00:49:53.369Z,4x100 22x250
6ab5c535d32ef4734219016f,Gold Vault Roulette,33,Preto,Impar,2026-09-24 21:49:56,2026-09-25T00:49:11.639Z,2026-09-25T00:49:56.181Z,12x100 24x50 32x50 31x100 20x50 28x150
6ab5c53b715c757902f2ba00,Immersive Roulette,15,Preto,Impar,2026-09-24 21:50:03,2026-09-25T00:49:08.577Z,2026-09-25T00:50:03.170Z,
6ab5c53c715c757902f2ba01,XXXtreme Lightning Roulette,10,Preto,Par,2026-09-24 21:50:04,2026-09-25T00:49:15.240Z,2026-09-25T00:50:04.150Z,10x200 23x100 36x1000
6ab5c546715c757902f2ba04,Auto Roulette,1,Vermelho,Impar,2026-09-24 21:50:13,2026-09-25T00:49:29.684Z,2026-09-25T00:50:13.551Z,
6ab5c55e715c757902f2ba0a,Lightning Roulette,3,Vermelho,Impar,2026-09-24 21:50:37,2026-09-25T00:49:56.487Z,2026-09-25T00:50:37.884Z,31x200 33x50 34x50
6ab5c562715c757902f2ba0c,Gold Vault Roulette,5,Vermelho,Impar,2026-09-24 21:50:42,2026-09-25T00:49:59.271Z,2026-09-25T00:50:42.405Z,1x100 7x50 19x100 28x50 29x50 30x50
6ab5c568943ffe9ea5837615,Red Door Roulette,8,Preto,Par,2026-09-24 21:50:47,2026-09-25T00:49:03.149Z,2026-09-25T00:50:47.405Z,8x1 11x1 16x1 10x1 21x1 6x1 25x1 20x3 3x2 19x1 23x2
6ab5c56d715c757902f2ba10,Auto Roulette,15,Preto,Impar,2026-09-24 21:50:53,2026-09-25T00:50:16.649Z,2026-09-25T00:50:53.085Z,
6ab5c5712032f516c5aba86f,Fireball Roulette,3,Vermelho,Impar,2026-09-24 21:50:56,2026-09-25T00:49:32.321Z,2026-09-25T00:50:56.360Z,3x1 8x1 18x1 27x1 28x1
6ab5c574715c757902f2ba11,Immersive Roulette,28,Preto,Par,2026-09-24 21:51:00,2026-09-25T00:50:06.245Z,2026-09-25T00:51:00.056Z,
6ab5c576715c757902f2ba12,XXXtreme Lightning Roulette,9,Vermelho,Impar,2026-09-24 21:51:02,2026-09-25T00:50:07.247Z,2026-09-25T00:51:02.667Z,5x50 20x50
6ab5c58e715c757902f2ba15,Lightning Roulette,5,Vermelho,Impar,2026-09-24 21:51:25,2026-09-25T00:50:40.997Z,2026-09-25T00:51:25.885Z,24x50 27x100 35x50
6ab5c594715c757902f2ba18,Gold Vault Roulette,27,Vermelho,Impar,2026-09-24 21:51:32,2026-09-25T00:50:45.477Z,2026-09-25T00:51:32.477Z,0x50 10x50 15x50 17x50 19x50 22x500 23x150 24x50 25x50 27x50 28x50 30x50 31x50 34x50 35x50 36x50
6ab5c59b715c757902f2ba19,Auto Roulette,19,Vermelho,Impar,2026-09-24 21:51:39,2026-09-25T00:50:56.187Z,2026-09-25T00:51:39.568Z,
6ab5c5b72032f516c5aba872,Fireball Roulette,0,Verde,None,2026-09-24 21:51:46,2026-09-25T00:51:01.405Z,2026-09-25T00:51:46.785Z,4x1 28x2 32x1 34x1
6ab5c5b72032f516c5aba873,Red Door Roulette,6,Preto,Par,2026-09-24 21:51:53,2026-09-25T00:50:54.622Z,2026-09-25T00:51:53.072Z,4x1 8x1 11x1 20x1 22x1 24x1 28x1 34x1
6ab5c5b7715c757902f2ba1c,XXXtreme Lightning Roulette,33,Preto,Impar,2026-09-24 21:51:56,2026-09-25T00:51:05.772Z,2026-09-25T00:51:56.161Z,24x100 34x300
6ab5c5ba715c757902f2ba22,Lightning Roulette,13,Preto,Impar,2026-09-24 21:52:10,2026-09-25T00:51:28.978Z,2026-09-25T00:52:10.376Z,9x150 10x50 11x100
6ab5c5c6715c757902f2ba23,Auto Roulette,13,Preto,Impar,2026-09-24 21:52:22,2026-09-25T00:51:42.678Z,2026-09-25T00:52:22.545Z,
6ab5c5c7715c757902f2ba24,Gold Vault Roulette,6,Preto,Par,2026-09-24 21:52:23,2026-09-25T00:51:35.580Z,2026-09-25T00:52:23.744Z,0x50 10x50 14x50 15x50 16x500 18x50 19x150 23x50 25x50 28x50 31x50 32x50 33x100 35x100
6ab5c5d42032f516c5aba876,Fireball Roulette,15,Preto,Impar,2026-09-24 21:52:34,2026-09-25T00:51:51.835Z,2026-09-25T00:52:34.789Z,0x1 9x1 22x1 28x1
6ab5c5dd715c757902f2ba2a,Immersive Roulette,28,Preto,Par,2026-09-24 21:52:44,2026-09-25T00:51:52.033Z,2026-09-25T00:52:44.988Z,
6ab5c5e0715c757902f2ba2b,XXXtreme Lightning Roulette,9,Vermelho,Impar,2026-09-24 21:52:48,2026-09-25T00:51:59.266Z,2026-09-25T00:52:48.164Z,20x1000 25x150 26x700 28x100 30x100 35x100
6ab5c5ea715c757902f2ba2e,Lightning Roulette,12,Vermelho,Par,2026-09-24 21:52:58,2026-09-25T00:52:13.543Z,2026-09-25T00:52:58.366Z,3x100 20x100 29x50
6ab5c5ef715c757902f2ba30,Auto Roulette,16,Vermelho,Par,2026-09-24 21:53:03,2026-09-25T00:52:25.628Z,2026-09-25T00:53:03.047Z,
6ab5c6042032f516c5aba878,Fireball Roulette,6,Preto,Par,2026-09-24 21:53:23,2026-09-25T00:52:39.852Z,2026-09-25T00:53:23.293Z,13x1 14x1 16x1 23x1 26x1
6ab5c60e715c757902f2ba37,Immersive Roulette,31,Preto,Impar,2026-09-24 21:53:34,2026-09-25T00:52:48.064Z,2026-09-25T00:53:34.276Z,
6ab5c614715c757902f2ba38,XXXtreme Lightning Roulette,31,Preto,Impar,2026-09-24 21:53:40,2026-09-25T00:52:51.246Z,2026-09-25T00:53:40.168Z,1x100 6x50 9x1000 17x50 18x100 20x100 32x100
6ab5c616715c757902f2ba39,Auto Roulette,29,Preto,Impar,2026-09-24 21:53:42,2026-09-25T00:53:06.191Z,2026-09-25T00:53:42.042Z,
6ab5c617715c757902f2ba3a,Lightning Roulette,21,Vermelho,Impar,2026-09-24 21:53:43,2026-09-25T00:53:01.449Z,2026-09-25T00:53:43.371Z,26x50 30x150 32x50
6ab5c6282032f516c5aba87b,Red Door Roulette,24,Preto,Par,2026-09-24 21:54:00,2026-09-25T00:51:56.182Z,2026-09-25T00:54:00.727Z,4x1 5x1 8x1 9x1 15x1 23x1 24x2 29x1 31x1 34x1
6ab5c642715c757902f2ba41,Immersive Roulette,23,Vermelho,Impar,2026-09-24 21:54:26,2026-09-25T00:53:37.370Z,2026-09-25T00:54:26.392Z,
6ab5c643715c757902f2ba42,Lightning Roulette,28,Preto,Par,2026-09-24 21:54:26,2026-09-25T00:53:46.507Z,2026-09-25T00:54:26.873Z,29x500 31x50
6ab5c643715c757902f2ba43,Auto Roulette,20,Preto,Par,2026-09-24 21:54:27,2026-09-25T00:53:45.134Z,2026-09-25T00:54:27.546Z,
6ab5c644715c757902f2ba44,XXXtreme Lightning Roulette,6,Preto,Par,2026-09-24 21:54:28,2026-09-25T00:53:43.254Z,2026-09-25T00:54:28.176Z,0x200 3x1000 7x100 8x50 10x100 17x50 19x100 24x50 36x150
6ab5c65c2032f516c5aba87d,Fireball Roulette,26,Preto,Par,2026-09-24 21:54:51,2026-09-25T00:53:28.350Z,2026-09-25T00:54:51.155Z,0x1 5x1 17x1 26x1 34x1 36x3
6ab5c65e715c757902f2ba48,Gold Vault Roulette,32,Vermelho,Par,2026-09-24 21:54:53,2026-09-25T00:54:07.009Z,2026-09-25T00:54:53.983Z,0x50 3x100 10x50 15x100 21x50 22x50 26x50 28x50 29x50 31x50
6ab5c6632032f516c5aba87e,Red Door Roulette,33,Preto,Impar,2026-09-24 21:54:59,2026-09-25T00:54:01.826Z,2026-09-25T00:54:59.070Z,14x2 17x1 21x1 24x1 31x1 32x3 35x1
6ab5c66a715c757902f2ba4b,Auto Roulette,26,Preto,Par,2026-09-24 21:55:06,2026-09-25T00:54:30.629Z,2026-09-25T00:55:06.553Z,
6ab5c66f715c757902f2ba4c,Lightning Roulette,19,Vermelho,Impar,2026-09-24 21:55:10,2026-09-25T00:54:29.942Z,2026-09-25T00:55:10.862Z,5x100 20x50 28x50
6ab5c674715c757902f2ba4d,XXXtreme Lightning Roulette,7,Vermelho,Impar,2026-09-24 21:55:16,2026-09-25T00:54:31.268Z,2026-09-25T00:55:16.688Z,11x100 20x600 29x100
6ab5c678715c757902f2ba50,Immersive Roulette,14,Vermelho,Par,2026-09-24 21:55:20,2026-09-25T00:54:29.468Z,2026-09-25T00:55:20.064Z,
6ab5c68f2032f516c5aba880,Fireball Roulette,31,Preto,Impar,2026-09-24 21:55:42,2026-09-25T00:54:56.196Z,2026-09-25T00:55:42.306Z,0x3 8x1 9x2 17x1 19x1
6ab5c694715c757902f2ba57,Gold Vault Roulette,36,Vermelho,Par,2026-09-24 21:55:48,2026-09-25T00:54:57.087Z,2026-09-25T00:55:48.470Z,4x150 5x100 12x50 14x50 21x50 23x100 26x50 27x100 33x50 36x50
6ab5c699715c757902f2ba59,Auto Roulette,3,Vermelho,Impar,2026-09-24 21:55:53,2026-09-25T00:55:09.680Z,2026-09-25T00:55:53.549Z,
6ab5c69c2032f516c5aba881,Red Door Roulette,13,Preto,Impar,2026-09-24 21:55:56,2026-09-25T00:55:02.151Z,2026-09-25T00:55:56.067Z,1x1 7x1 12x1 19x1 27x1 29x1 35x1
6ab5c69f715c757902f2ba5a,Lightning Roulette,21,Vermelho,Impar,2026-09-24 21:55:58,2026-09-25T00:55:13.989Z,2026-09-25T00:55:58.878Z,14x100 15x100 22x150
6ab5c6aa715c757902f2ba5c,XXXtreme Lightning Roulette,13,Preto,Impar,2026-09-24 21:56:10,2026-09-25T00:55:19.789Z,2026-09-25T00:56:10.200Z,6x600 23x100 25x150
6ab5c6ad715c757902f2ba5d,Immersive Roulette,15,Preto,Impar,2026-09-24 21:56:13,2026-09-25T00:55:23.141Z,2026-09-25T00:56:13.747Z,
6ab5c6c32032f516c5aba882,Fireball Roulette,25,Vermelho,Impar,2026-09-24 21:56:33,2026-09-25T00:55:47.360Z,2026-09-25T00:56:33.533Z,1x1 4x1 8x1 15x1 18x1 24x1 35x1
6ab5c6c2715c757902f2ba62,Auto Roulette,2,Preto,Par,2026-09-24 21:56:34,2026-09-25T00:55:56.669Z,2026-09-25T00:56:34.037Z,
6ab5c6c7715c757902f2ba63,Gold Vault Roulette,16,Vermelho,Par,2026-09-24 21:56:39,2026-09-25T00:55:51.632Z,2026-09-25T00:56:39.821Z,0x50 3x50 9x50 11x100 18x100 20x100 22x150 23x50 34x50
6ab5c6cc715c757902f2ba65,Lightning Roulette,13,Preto,Impar,2026-09-24 21:56:44,2026-09-25T00:56:01.988Z,2026-09-25T00:56:44.368Z,17x100 18x100 22x500 29x100 33x50
6ab5c6d52032f516c5aba883,Red Door Roulette,35,Preto,Impar,2026-09-24 21:56:53,2026-09-25T00:55:59.146Z,2026-09-25T00:56:53.070Z,0x1 6x1 7x1 8x1 18x1 23x1 27x1 29x3 30x1 36x2
6ab5c6d9715c757902f2ba67,XXXtreme Lightning Roulette,28,Preto,Par,2026-09-24 21:56:57,2026-09-25T00:56:13.286Z,2026-09-25T00:56:57.695Z,7x100 12x50 27x100
6ab5c6e3715c757902f2ba6a,Immersive Roulette,8,Preto,Par,2026-09-24 21:57:07,2026-09-25T00:56:16.837Z,2026-09-25T00:57:07.038Z,
6ab5c6e9715c757902f2ba6b,Auto Roulette,0,Verde,None,2026-09-24 21:57:13,2026-09-25T00:56:37.147Z,2026-09-25T00:57:13.543Z,
6ab5c6f52032f516c5aba885,Fireball Roulette,24,Preto,Par,2026-09-24 21:57:23,2026-09-25T00:56:38.597Z,2026-09-25T00:57:23.813Z,4x1 7x2 17x1 29x1 31x1
6ab5c6fd715c757902f2ba6f,Lightning Roulette,26,Preto,Par,2026-09-24 21:57:33,2026-09-25T00:56:47.466Z,2026-09-25T00:57:33.372Z,30x50 33x100
6ab5c7123b4ed5d88ba48b66,XXXtreme Lightning Roulette,19,Vermelho,Impar,2026-09-24 21:57:53,2026-09-25T00:57:00.775Z,2026-09-25T00:57:53.190Z,12x100 4x200 5x100 8x50
6ab5c712715c757902f2ba75,Auto Roulette,15,Preto,Impar,2026-09-24 21:57:54,2026-09-25T00:57:16.659Z,2026-09-25T00:57:54.059Z,
6ab5c716715c757902f2ba77,Immersive Roulette,26,Preto,Par,2026-09-24 21:57:57,2026-09-25T00:57:10.122Z,2026-09-25T00:57:57.919Z,
6ab5c7252032f516c5aba888,Fireball Roulette,3,Vermelho,Impar,2026-09-24 21:58:11,2026-09-25T00:57:28.870Z,2026-09-25T00:58:11.323Z,17x1 23x1 34x1
6ab5c7812032f516c5aba88f,Auto Roulette,8,Preto,Par,2026-09-24 21:58:36,2026-09-25T00:57:57.132Z,2026-09-25T00:58:36.062Z,
6ab5c754943ffe9ea583763d,XXXtreme Lightning Roulette,22,Preto,Par,2026-09-24 21:58:45,2026-09-25T00:57:56.326Z,2026-09-25T00:58:45.195Z,34x100 33x100 13x100 17x200 28x100
6ab5c7812032f516c5aba891,Immersive Roulette,9,Vermelho,Impar,2026-09-24 21:58:47,2026-09-25T00:58:01.004Z,2026-09-25T00:58:47.157Z,
6ab5c7562032f516c5aba88c,Fireball Roulette,33,Preto,Impar,2026-09-24 21:59:00,2026-09-25T00:58:16.368Z,2026-09-25T00:59:00.832Z,12x3 17x1 27x1 28x1 30x2
6ab5c7812032f516c5aba895,Gold Vault Roulette,14,Vermelho,Par,2026-09-24 21:59:09,2026-09-25T00:58:21.096Z,2026-09-25T00:59:09.290Z,0x50 9x100 28x50 30x50 32x100
6ab5c768d057e98a2a57189f,Red Door Roulette,11,Preto,Impar,2026-09-24 21:59:18,2026-09-25T00:56:56.175Z,2026-09-25T00:59:18Z,11x1 2x1 3x1 36x1
6ab5c7812032f516c5aba898,Auto Roulette,14,Vermelho,Par,2026-09-24 21:59:22,2026-09-25T00:58:39.135Z,2026-09-25T00:59:22.064Z,
6ab5c782b2134fd8cd207c80,XXXtreme Lightning Roulette,9,Vermelho,Impar,2026-09-24 21:59:35,2026-09-25T00:58:48.324Z,2026-09-25T00:59:35.205Z,12x50 15x100 22x50
6ab5c7818da3fc15ad08f500,Fireball Roulette,29,Preto,Impar,2026-09-24 21:59:44,2026-09-25T00:59:05.871Z,2026-09-25T00:59:44.333Z,6x1 14x1 27x2 32x2 34x1
6ab5c7902032f516c5aba89c,Gold Vault Roulette,24,Preto,Par,2026-09-24 22:00:00,2026-09-25T00:59:12.376Z,2026-09-25T01:00:00.554Z,0x50 1x50 7x50 11x50 16x50 20x50 27x50 30x100 34x100 35x50
6ab5c7992032f516c5aba89e,Auto Roulette,34,Vermelho,Par,2026-09-24 22:00:09,2026-09-25T00:59:25.158Z,2026-09-25T01:00:09.043Z,
6ab5c7aa8da3fc15ad08f505,Red Door Roulette,17,Preto,Impar,2026-09-24 22:00:26,2026-09-25T00:59:25.250Z,2026-09-25T01:00:26.077Z,0x15 1x1 14x1 18x1 22x1 23x1 28x1 30x3
6ab5c7aa2032f516c5aba8a0,XXXtreme Lightning Roulette,31,Preto,Impar,2026-09-24 22:00:26,2026-09-25T00:59:38.323Z,2026-09-25T01:00:26.218Z,2x100 4x200 22x100
6ab5c7ac2032f516c5aba8a2,Immersive Roulette,29,Preto,Impar,2026-09-24 22:00:28,2026-09-25T00:59:38.283Z,2026-09-25T01:00:28.479Z,
6ab5c7b38da3fc15ad08f506,Fireball Roulette,0,Verde,None,2026-09-24 22:00:33,2026-09-25T00:59:49.382Z,2026-09-25T01:00:33.834Z,7x1 8x1 16x1 22x1 28x1
6ab5c7c22032f516c5aba8a4,Gold Vault Roulette,25,Vermelho,Impar,2026-09-24 22:00:50,2026-09-25T01:00:03.668Z,2026-09-25T01:00:50.247Z,4x100 10x50 13x50 15x50 16x50 19x50 27x50 33x100
6ab5c7c42032f516c5aba8a5,Auto Roulette,3,Vermelho,Impar,2026-09-24 22:00:52,2026-09-25T01:00:12.202Z,2026-09-25T01:00:52.555Z,
6ab5c7de2032f516c5aba8aa,XXXtreme Lightning Roulette,9,Vermelho,Impar,2026-09-24 22:01:17,2026-09-25T01:00:29.331Z,2026-09-25T01:01:17.764Z,16x50 21x50 25x100 26x50 27x100 29x50 30x50
6ab5c7e02032f516c5aba8ab,Immersive Roulette,0,Verde,None,2026-09-24 22:01:19,2026-09-25T01:00:31.569Z,2026-09-25T01:01:19.750Z,
6ab5c7e48da3fc15ad08f509,Fireball Roulette,28,Preto,Par,2026-09-24 22:01:22,2026-09-25T01:00:38.891Z,2026-09-25T01:01:22.838Z,1x1 19x2 29x1 33x1
6ab5c7e68da3fc15ad08f50a,Red Door Roulette,20,Preto,Par,2026-09-24 22:01:26,2026-09-25T01:00:29.164Z,2026-09-25T01:01:26.072Z,1x1 7x1 12x1 14x1 33x1
6ab5c7f12032f516c5aba8ac,Auto Roulette,12,Vermelho,Par,2026-09-24 22:01:37,2026-09-25T01:00:55.647Z,2026-09-25T01:01:37.041Z,
6ab5c7f52032f516c5aba8ae,Gold Vault Roulette,21,Vermelho,Impar,2026-09-24 22:01:41,2026-09-25T01:00:53.328Z,2026-09-25T01:01:41.504Z,2x50 4x50 5x50 6x500 11x50 14x50 15x50 16x50 17x50 19x50 22x50 24x100 26x50 34x50 35x50
6ab5c8132032f516c5aba8b0,XXXtreme Lightning Roulette,29,Preto,Impar,2026-09-24 22:02:11,2026-09-25T01:01:20.847Z,2026-09-25T01:02:11.232Z,1x400 30x100
6ab5c8142032f516c5aba8b1,Immersive Roulette,1,Vermelho,Impar,2026-09-24 22:02:11,2026-09-25T01:01:22.829Z,2026-09-25T01:02:11.798Z,
6ab5c81c2032f516c5aba8b3,Auto Roulette,20,Preto,Par,2026-09-24 22:02:20,2026-09-25T01:01:40.137Z,2026-09-25T01:02:20.041Z,
6ab5c8238da3fc15ad08f50f,Red Door Roulette,5,Vermelho,Impar,2026-09-24 22:02:27,2026-09-25T01:01:29.177Z,2026-09-25T01:02:27.073Z,1x1 3x1 4x1 11x1 13x1 14x1 15x1 17x1 18x1 21x2 27x1 28x2 30x1 31x4 33x3
6ab5c8262032f516c5aba8b6,Gold Vault Roulette,4,Preto,Par,2026-09-24 22:02:30,2026-09-25T01:01:44.592Z,2026-09-25T01:02:30.390Z,8x50 16x50 26x50 28x50 31x50 35x50
6ab5c8492032f516c5aba8bb,Auto Roulette,21,Vermelho,Impar,2026-09-24 22:03:04,2026-09-25T01:02:23.143Z,2026-09-25T01:03:04.547Z,
6ab5c8492032f516c5aba8bc,XXXtreme Lightning Roulette,16,Vermelho,Par,2026-09-24 22:03:05,2026-09-25T01:02:14.315Z,2026-09-25T01:03:05.240Z,0x100 14x2000 19x50
6ab5c84a2032f516c5aba8bd,Immersive Roulette,19,Vermelho,Impar,2026-09-24 22:03:05,2026-09-25T01:02:14.868Z,2026-09-25T01:03:05.859Z,
6ab5c85a2032f516c5aba8c0,Gold Vault Roulette,26,Preto,Par,2026-09-24 22:03:22,2026-09-25T01:02:33.460Z,2026-09-25T01:03:22.092Z,0x50 22x50 28x50 32x50 36x100
6ab5c85fd057e98a2a5718a3,Red Door Roulette,8,Preto,Par,2026-09-24 22:03:25,2026-09-25T01:02:30.181Z,2026-09-25T01:03:25.576Z,23x1 15x1 22x1 21x1 36x1 31x1 0x1 30x1 17x1 14x1
6ab5c8798da3fc15ad08f514,Fireball Roulette,36,Vermelho,Par,2026-09-24 22:03:52,2026-09-25T01:03:07.909Z,2026-09-25T01:03:52.357Z,2x1 4x3 30x1 32x1
6ab5c87c2032f516c5aba8c6,Immersive Roulette,20,Preto,Par,2026-09-24 22:03:56,2026-09-25T01:03:08.920Z,2026-09-25T01:03:56.732Z,
6ab5c87e2032f516c5aba8c8,XXXtreme Lightning Roulette,13,Preto,Impar,2026-09-24 22:03:58,2026-09-25T01:03:08.326Z,2026-09-25T01:03:58.240Z,2x100 24x600
6ab5c8892032f516c5aba8c9,Gold Vault Roulette,32,Vermelho,Par,2026-09-24 22:04:09,2026-09-25T01:03:25.193Z,2026-09-25T01:04:09.766Z,0x150 6x50 7x100 9x50 16x50 21x50 26x100 32x50 35x50
6ab5c899d057e98a2a5718a5,Red Door Roulette,13,Preto,Impar,2026-09-24 22:04:23,2026-09-25T01:03:28.676Z,2026-09-25T01:04:23.568Z,8x1 23x1 33x1 16x1 5x1 21x5 17x1 14x1
6ab5c89d2032f516c5aba8cd,Auto Roulette,15,Preto,Impar,2026-09-24 22:04:29,2026-09-25T01:03:47.649Z,2026-09-25T01:04:29.040Z,
6ab5c8a78da3fc15ad08f517,Fireball Roulette,26,Preto,Par,2026-09-24 22:04:37,2026-09-25T01:03:57.400Z,2026-09-25T01:04:37.870Z,3x1 15x1 19x1 21x1 35x1
6ab5c8b02032f516c5aba8ce,Immersive Roulette,35,Preto,Impar,2026-09-24 22:04:48,2026-09-25T01:03:59.811Z,2026-09-25T01:04:48.412Z,
6ab5c8b12032f516c5aba8cf,XXXtreme Lightning Roulette,3,Vermelho,Impar,2026-09-24 22:04:49,2026-09-25T01:04:01.349Z,2026-09-25T01:04:49.249Z,2x50 10x50 21x200
6ab5c8bd2032f516c5aba8d0,Gold Vault Roulette,35,Preto,Impar,2026-09-24 22:05:00,2026-09-25T01:04:12.953Z,2026-09-25T01:05:00.699Z,2x100 7x50 19x100 25x100 28x50 32x50 33x50 35x50
6ab5c8c4b2134fd8cd207c92,Lightning Roulette,28,Preto,Par,2026-09-24 22:05:07,2026-09-25T01:04:24.906Z,2026-09-25T01:05:07.312Z,36x100 5x50 7x200
6ab5c8c82032f516c5aba8d3,Auto Roulette,35,Preto,Impar,2026-09-24 22:05:12,2026-09-25T01:04:32.128Z,2026-09-25T01:05:12.545Z,
6ab5c8db8da3fc15ad08f519,Fireball Roulette,34,Vermelho,Par,2026-09-24 22:05:29,2026-09-25T01:04:42.912Z,2026-09-25T01:05:29.872Z,0x1 12x3 22x1
6ab5c8ef2032f516c5aba8d7,Gold Vault Roulette,25,Vermelho,Impar,2026-09-24 22:05:51,2026-09-25T01:05:03.787Z,2026-09-25T01:05:51.598Z,2x100 4x100 6x500 7x50 15x50 16x50 19x50 21x50
6ab5c8f12032f516c5aba8d8,Lightning Roulette,1,Vermelho,Impar,2026-09-24 22:05:53,2026-09-25T01:05:10.438Z,2026-09-25T01:05:53.324Z,1x100 24x100 27x50
6ab5c8f82032f516c5aba8d9,Auto Roulette,34,Vermelho,Par,2026-09-24 22:06:00,2026-09-25T01:05:15.642Z,2026-09-25T01:06:00.043Z,
6ab5c90e8da3fc15ad08f51b,Fireball Roulette,13,Preto,Impar,2026-09-24 22:06:20,2026-09-25T01:05:34.926Z,2026-09-25T01:06:20.871Z,1x7 5x1 11x1 31x1 35x1
6ab5c91b2032f516c5aba8dd,Immersive Roulette,20,Preto,Par,2026-09-24 22:06:34,2026-09-25T01:05:45.563Z,2026-09-25T01:06:34.924Z,
6ab5c9212032f516c5aba8df,Lightning Roulette,12,Vermelho,Par,2026-09-24 22:06:40,2026-09-25T01:05:56.458Z,2026-09-25T01:06:40.822Z,23x100 27x100 28x100
6ab5c9242032f516c5aba8e1,Auto Roulette,29,Preto,Impar,2026-09-24 22:06:44,2026-09-25T01:06:03.125Z,2026-09-25T01:06:44.040Z,
6ab5c9242032f516c5aba8e0,Gold Vault Roulette,26,Preto,Par,2026-09-24 22:06:44,2026-09-25T01:05:54.748Z,2026-09-25T01:06:44.100Z,10x100 13x50 16x50 18x50 23x50 34x50
6ab5c925d057e98a2a5718a6,Red Door Roulette,14,Vermelho,Par,2026-09-24 22:06:44,2026-09-25T01:04:26.693Z,2026-09-25T01:06:44.116Z,13x1 5x1 10x1 1x1 29x1 17x3 14x1
6ab5c93f8da3fc15ad08f521,Fireball Roulette,17,Preto,Impar,2026-09-24 22:07:09,2026-09-25T01:06:25.920Z,2026-09-25T01:07:09.874Z,16x1 21x1 22x1 36x1
6ab5c94e2032f516c5aba8e5,Lightning Roulette,4,Preto,Par,2026-09-24 22:07:26,2026-09-25T01:06:43.980Z,2026-09-25T01:07:26.328Z,10x200 25x100
6ab5c9522032f516c5aba8e6,Immersive Roulette,19,Vermelho,Impar,2026-09-24 22:07:30,2026-09-25T01:06:37.989Z,2026-09-25T01:07:30.186Z,
6ab5c9522032f516c5aba8e7,Auto Roulette,5,Vermelho,Impar,2026-09-24 22:07:30,2026-09-25T01:06:47.145Z,2026-09-25T01:07:30.558Z,
6ab5c9592032f516c5aba8e8,Gold Vault Roulette,10,Preto,Par,2026-09-24 22:07:37,2026-09-25T01:06:47.178Z,2026-09-25T01:07:37.387Z,4x50 6x500 7x100 9x50 12x50 14x50 15x50 16x50 22x50 23x50 25x150 28x100 29x50 32x100 35x50
6ab5c9648da3fc15ad08f523,Red Door Roulette,23,Vermelho,Impar,2026-09-24 22:07:48,2026-09-25T01:06:52.362Z,2026-09-25T01:07:48.602Z,10x1 11x1 18x1 30x1 33x1
6ab5c96f8da3fc15ad08f526,Fireball Roulette,28,Preto,Par,2026-09-24 22:07:58,2026-09-25T01:07:14.939Z,2026-09-25T01:07:58.378Z,7x1 26x1 32x3
6ab5c97e2032f516c5aba8ea,Lightning Roulette,6,Preto,Par,2026-09-24 22:08:14,2026-09-25T01:07:29.439Z,2026-09-25T01:08:14.332Z,5x50 13x100
6ab5c97e2032f516c5aba8eb,Auto Roulette,22,Preto,Par,2026-09-24 22:08:14,2026-09-25T01:07:33.717Z,2026-09-25T01:08:14.562Z,
6ab5c9882032f516c5aba8ec,Immersive Roulette,30,Vermelho,Par,2026-09-24 22:08:24,2026-09-25T01:07:33.285Z,2026-09-25T01:08:24.255Z,
6ab5c98f2032f516c5aba8ef,Gold Vault Roulette,9,Vermelho,Impar,2026-09-24 22:08:31,2026-09-25T01:07:40.490Z,2026-09-25T01:08:31.047Z,16x50 26x50 29x150 32x150 33x150
6ab5c99e8da3fc15ad08f52b,Red Door Roulette,33,Preto,Impar,2026-09-24 22:08:46,2026-09-25T01:07:51.709Z,2026-09-25T01:08:46.575Z,4x1 5x4 6x1 11x3 12x1 13x7 14x1 15x2 20x1 23x1 24x3 26x1
6ab5c9a28da3fc15ad08f52c,Fireball Roulette,14,Vermelho,Par,2026-09-24 22:08:48,2026-09-25T01:08:03.419Z,2026-09-25T01:08:48.391Z,7x1 11x1 15x1 31x1 35x1 36x1
6ab5c9afb2134fd8cd207ca8,Lightning Roulette,6,Preto,Par,2026-09-24 22:09:02,2026-09-25T01:08:17.452Z,2026-09-25T01:09:02.336Z,20x500 31x50
6ab5c9af2032f516c5aba8f1,Auto Roulette,9,Vermelho,Impar,2026-09-24 22:09:03,2026-09-25T01:08:17.710Z,2026-09-25T01:09:03.552Z,
6ab5c9c22032f516c5aba8f2,Gold Vault Roulette,35,Preto,Impar,2026-09-24 22:09:21,2026-09-25T01:08:34.181Z,2026-09-25T01:09:21.960Z,15x50 23x50 26x50 31x100 36x50
6ab5c9d62032f516c5aba8f3,Auto Roulette,10,Preto,Par,2026-09-24 22:09:42,2026-09-25T01:09:06.683Z,2026-09-25T01:09:42.047Z,
6ab5c9d88da3fc15ad08f531,Red Door Roulette,24,Preto,Par,2026-09-24 22:09:43,2026-09-25T01:08:49.666Z,2026-09-25T01:09:43.584Z,2x1 6x1 11x1 13x1 16x1 19x10
6ab5c9dfb2134fd8cd207cae,Lightning Roulette,36,Vermelho,Par,2026-09-24 22:09:50,2026-09-25T01:09:05.465Z,2026-09-25T01:09:50.315Z,0x50 33x100 7x100
6ab5c9f62032f516c5aba8f5,Gold Vault Roulette,28,Preto,Par,2026-09-24 22:10:14,2026-09-25T01:09:25.070Z,2026-09-25T01:10:14.475Z,0x50 3x50 4x50 5x50 6x50 8x50 11x50 12x50 18x100 20x100 24x50 26x50 28x50 29x50 31x50 34x50
6ab5ca062032f516c5aba8f7,Auto Roulette,0,Verde,None,2026-09-24 22:10:30,2026-09-25T01:09:45.158Z,2026-09-25T01:10:30.046Z,
6ab5ca0f2032f516c5aba8f8,Lightning Roulette,15,Preto,Impar,2026-09-24 22:10:39,2026-09-25T01:09:53.391Z,2026-09-25T01:10:39.325Z,5x50 6x50 24x100
6ab5ca118da3fc15ad08f537,Red Door Roulette,2,Preto,Par,2026-09-24 22:10:41,2026-09-25T01:09:46.693Z,2026-09-25T01:10:41.585Z,3x1 15x1 16x1 17x1 21x1 28x1 30x1
6ab5ca222032f516c5aba8fa,Immersive Roulette,35,Preto,Impar,2026-09-24 22:10:58,2026-09-25T01:10:11.084Z,2026-09-25T01:10:58.455Z,
6ab5ca292032f516c5aba8fb,Gold Vault Roulette,33,Preto,Impar,2026-09-24 22:11:04,2026-09-25T01:10:17.586Z,2026-09-25T01:11:04.942Z,4x50 5x100 6x50 8x150 12x150 21x100 22x50 27x50 32x50
6ab5ca342032f516c5aba8fc,Auto Roulette,32,Vermelho,Par,2026-09-24 22:11:16,2026-09-25T01:10:33.127Z,2026-09-25T01:11:16.051Z,
6ab5ca402032f516c5aba8ff,Lightning Roulette,10,Preto,Par,2026-09-24 22:11:27,2026-09-25T01:10:42.429Z,2026-09-25T01:11:27.826Z,10x50 11x100 21x100
6ab5ca4f8da3fc15ad08f53f,Red Door Roulette,35,Preto,Impar,2026-09-24 22:11:43,2026-09-25T01:10:44.675Z,2026-09-25T01:11:43.086Z,14x1 16x1 23x1
6ab5ca572032f516c5aba900,Immersive Roulette,14,Vermelho,Par,2026-09-24 22:11:50,2026-09-25T01:11:01.542Z,2026-09-25T01:11:50.931Z,
6ab5ca5b2032f516c5aba901,Gold Vault Roulette,14,Vermelho,Par,2026-09-24 22:11:55,2026-09-25T01:11:08.071Z,2026-09-25T01:11:55.042Z,3x50 4x500 5x50 24x50 30x50
6ab5ca5e2032f516c5aba902,Auto Roulette,2,Preto,Par,2026-09-24 22:11:58,2026-09-25T01:11:19.147Z,2026-09-25T01:11:58.043Z,
6ab5ca63b2134fd8cd207cbb,XXXtreme Lightning Roulette,31,Preto,Impar,2026-09-24 22:12:01,2026-09-25T01:11:12Z,2026-09-25T01:12:01.886Z,13x100 7x200 9x100
6ab5ca742032f516c5aba905,Lightning Roulette,19,Vermelho,Impar,2026-09-24 22:12:20,2026-09-25T01:11:30.929Z,2026-09-25T01:12:20.332Z,4x50 5x50 14x300
6ab5ca882032f516c5aba907,Auto Roulette,6,Preto,Par,2026-09-24 22:12:40,2026-09-25T01:12:01.118Z,2026-09-25T01:12:40.538Z,
6ab5ca8c8da3fc15ad08f545,Red Door Roulette,20,Preto,Par,2026-09-24 22:12:44,2026-09-25T01:11:46.196Z,2026-09-25T01:12:44.584Z,2x1 7x1 18x1 19x1 23x1 24x1 29x1
6ab5ca8c2032f516c5aba908,Immersive Roulette,32,Vermelho,Par,2026-09-24 22:12:44,2026-09-25T01:11:54.026Z,2026-09-25T01:12:44.608Z,
6ab5ca972032f516c5aba90b,XXXtreme Lightning Roulette,15,Preto,Impar,2026-09-24 22:12:54,2026-09-25T01:12:04.948Z,2026-09-25T01:12:54.895Z,6x50 18x100 33x50 34x100
6ab5caa82032f516c5aba90c,Lightning Roulette,20,Preto,Par,2026-09-24 22:13:11,2026-09-25T01:12:23.440Z,2026-09-25T01:13:11.869Z,6x200 24x400
6ab5cab22032f516c5aba90e,Auto Roulette,5,Vermelho,Impar,2026-09-24 22:13:22,2026-09-25T01:12:43.639Z,2026-09-25T01:13:22.041Z,
6ab5cabb2032f516c5aba911,Gold Vault Roulette,27,Vermelho,Impar,2026-09-24 22:13:31,2026-09-25T01:12:47.864Z,2026-09-25T01:13:31.218Z,5x50 10x50 24x50 29x50 36x100
6ab5cabb2032f516c5aba912,Immersive Roulette,26,Preto,Par,2026-09-24 22:13:31,2026-09-25T01:12:47.685Z,2026-09-25T01:13:31.463Z,
6ab5cac72032f516c5aba913,XXXtreme Lightning Roulette,15,Preto,Impar,2026-09-24 22:13:42,2026-09-25T01:12:57.987Z,2026-09-25T01:13:42.904Z,3x50 22x100 35x300
6ab5cacc8da3fc15ad08f54c,Red Door Roulette,30,Vermelho,Par,2026-09-24 22:13:48,2026-09-25T01:12:47.708Z,2026-09-25T01:13:48.080Z,3x1 10x1 24x1 35x1
6ab5cadc2032f516c5aba915,Auto Roulette,24,Preto,Par,2026-09-24 22:14:04,2026-09-25T01:13:25.174Z,2026-09-25T01:14:04.535Z,
6ab5cade2032f516c5aba916,Lightning Roulette,10,Preto,Par,2026-09-24 22:14:06,2026-09-25T01:13:14.993Z,2026-09-25T01:14:06.324Z,11x50 16x100 31x50
6ab5cb1bebbbc7b6b5fe809a,Immersive Roulette,14,Vermelho,Par,2026-09-24 22:14:24,2026-09-25T01:13:34.527Z,2026-09-25T01:14:24.328Z,
6ab5caf8b2134fd8cd207cc8,XXXtreme Lightning Roulette,24,Preto,Par,2026-09-24 22:14:31,2026-09-25T01:13:46.005Z,2026-09-25T01:14:31.406Z,15x100
6ab5cb1b8da3fc15ad08f552,Red Door Roulette,2,Preto,Par,2026-09-24 22:14:46,2026-09-25T01:13:51.180Z,2026-09-25T01:14:46.583Z,1x1 8x1 11x3 16x1 18x7 19x1 21x1 30x1
6ab5cb1bb2134fd8cd207ccc,Lightning Roulette,5,Vermelho,Impar,2026-09-24 22:14:49,2026-09-25T01:14:09.421Z,2026-09-25T01:14:49.322Z,18x50 21x50
6ab5cb1bebbbc7b6b5fe809b,Auto Roulette,22,Preto,Par,2026-09-24 22:14:52,2026-09-25T01:14:07.652Z,2026-09-25T01:14:52.039Z,
6ab5cb26ebbbc7b6b5fe809f,Immersive Roulette,9,Vermelho,Impar,2026-09-24 22:15:18,2026-09-25T01:14:27.430Z,2026-09-25T01:15:18.415Z,
6ab5cb29ebbbc7b6b5fe80a2,XXXtreme Lightning Roulette,1,Vermelho,Impar,2026-09-24 22:15:21,2026-09-25T01:14:34.500Z,2026-09-25T01:15:21.421Z,3x100 9x100 12x700
6ab5cb35ebbbc7b6b5fe80a4,Auto Roulette,9,Vermelho,Impar,2026-09-24 22:15:33,2026-09-25T01:14:55.146Z,2026-09-25T01:15:33.039Z,
6ab5cb37ebbbc7b6b5fe80a5,Lightning Roulette,4,Preto,Par,2026-09-24 22:15:34,2026-09-25T01:14:52.430Z,2026-09-25T01:15:34.828Z,21x100 31x50
6ab5cb438da3fc15ad08f557,Red Door Roulette,32,Vermelho,Par,2026-09-24 22:15:47,2026-09-25T01:14:49.697Z,2026-09-25T01:15:47.098Z,0x1 4x1 11x1 20x1 35x2
6ab5cb50ebbbc7b6b5fe80aa,Gold Vault Roulette,8,Preto,Par,2026-09-24 22:16:00,2026-09-25T01:15:13.299Z,2026-09-25T01:16:00.274Z,1x50 7x100 12x50 13x50 14x50 18x150 19x100 28x50 32x50 36x50
6ab5cb5bebbbc7b6b5fe80ad,XXXtreme Lightning Roulette,23,Vermelho,Impar,2026-09-24 22:16:10,2026-09-25T01:15:24.516Z,2026-09-25T01:16:10.923Z,0x100 1x100 10x100 11x100 12x100 13x100 19x50 26x150 32x150
6ab5cb63ebbbc7b6b5fe80ae,Auto Roulette,15,Preto,Impar,2026-09-24 22:16:19,2026-09-25T01:15:36.116Z,2026-09-25T01:16:19.562Z,
6ab5cb69ebbbc7b6b5fe80b1,Lightning Roulette,13,Preto,Impar,2026-09-24 22:16:25,2026-09-25T01:15:37.963Z,2026-09-25T01:16:25.339Z,7x100 10x100 25x50
6ab5cb818da3fc15ad08f55e,Red Door Roulette,23,Vermelho,Impar,2026-09-24 22:16:49,2026-09-25T01:15:50.201Z,2026-09-25T01:16:49.081Z,6x1 8x1 12x1 17x2 18x1 22x1 25x4
6ab5cb82ebbbc7b6b5fe80b5,Gold Vault Roulette,5,Vermelho,Impar,2026-09-24 22:16:50,2026-09-25T01:16:03.415Z,2026-09-25T01:16:50.389Z,0x50 2x150 10x50 12x50 27x100 29x50 32x50 33x50
6ab5cb89ebbbc7b6b5fe80b6,Immersive Roulette,7,Vermelho,Impar,2026-09-24 22:16:57,2026-09-25T01:16:09.982Z,2026-09-25T01:16:57.756Z,
6ab5cb8eebbbc7b6b5fe80b8,Auto Roulette,10,Preto,Par,2026-09-24 22:17:02,2026-09-25T01:16:22.689Z,2026-09-25T01:17:02.055Z,
6ab5cb91ebbbc7b6b5fe80bb,XXXtreme Lightning Roulette,33,Preto,Impar,2026-09-24 22:17:04,2026-09-25T01:16:14Z,2026-09-25T01:17:04.928Z,11x50 26x200 32x600
6ab5cb96ebbbc7b6b5fe80bd,Lightning Roulette,24,Preto,Par,2026-09-24 22:17:09,2026-09-25T01:16:28.453Z,2026-09-25T01:17:09.825Z,16x150 19x50
6ab5cbb7ebbbc7b6b5fe80c2,Gold Vault Roulette,2,Preto,Par,2026-09-24 22:17:43,2026-09-25T01:16:53.459Z,2026-09-25T01:17:43.314Z,6x100 9x50 24x50 25x50 30x50 35x100
6ab5cbb9ebbbc7b6b5fe80c4,Auto Roulette,20,Preto,Par,2026-09-24 22:17:45,2026-09-25T01:17:05.170Z,2026-09-25T01:17:45.533Z,
6ab5cbbeebbbc7b6b5fe80c5,Immersive Roulette,15,Preto,Impar,2026-09-24 22:17:50,2026-09-25T01:17:00.819Z,2026-09-25T01:17:50.232Z,
6ab5cbbf8da3fc15ad08f564,Red Door Roulette,0,Verde,None,2026-09-24 22:17:51,2026-09-25T01:16:52.187Z,2026-09-25T01:17:51.094Z,12x1 16x1 17x1 18x1 19x1 25x1 29x1 33x1
6ab5cbc6b2134fd8cd207cd9,Lightning Roulette,10,Preto,Par,2026-09-24 22:17:57,2026-09-25T01:17:12.910Z,2026-09-25T01:17:57.324Z,21x100 25x50 5x200
6ab5cbc7ebbbc7b6b5fe80c9,XXXtreme Lightning Roulette,16,Vermelho,Par,2026-09-24 22:17:59,2026-09-25T01:17:08.008Z,2026-09-25T01:17:59.428Z,0x100 3x50 7x50 12x600 17x100 25x50 26x50
6ab5cbe3ebbbc7b6b5fe80cc,Auto Roulette,31,Preto,Impar,2026-09-24 22:18:27,2026-09-25T01:17:48.648Z,2026-09-25T01:18:27.044Z,
6ab5cbebebbbc7b6b5fe80cd,Gold Vault Roulette,22,Preto,Par,2026-09-24 22:18:35,2026-09-25T01:17:46.420Z,2026-09-25T01:18:35.415Z,1x100 9x50 10x50 18x50 19x50 23x50 25x150
6ab5cbf3ebbbc7b6b5fe80d0,Immersive Roulette,1,Vermelho,Impar,2026-09-24 22:18:43,2026-09-25T01:17:53.296Z,2026-09-25T01:18:43.108Z,
6ab5cbf3ebbbc7b6b5fe80d1,Lightning Roulette,13,Preto,Impar,2026-09-24 22:18:43,2026-09-25T01:18:00.410Z,2026-09-25T01:18:43.334Z,8x100 21x50
6ab5cbfcebbbc7b6b5fe80d2,XXXtreme Lightning Roulette,12,Vermelho,Par,2026-09-24 22:18:52,2026-09-25T01:18:02.515Z,2026-09-25T01:18:52.436Z,3x50 8x500 9x100 13x100 14x150 15x700 17x50 25x50 34x100
6ab5cbfc8da3fc15ad08f56b,Red Door Roulette,22,Preto,Par,2026-09-24 22:18:52,2026-09-25T01:17:54.180Z,2026-09-25T01:18:52.584Z,2x1 9x1 18x1
6ab5cc10ebbbc7b6b5fe80d5,Auto Roulette,35,Preto,Impar,2026-09-24 22:19:12,2026-09-25T01:18:30.160Z,2026-09-25T01:19:12.540Z,
6ab5cc1bebbbc7b6b5fe80d7,Gold Vault Roulette,32,Vermelho,Par,2026-09-24 22:19:23,2026-09-25T01:18:38.511Z,2026-09-25T01:19:23.083Z,2x50 3x50 8x50 10x50 17x150 32x50 35x100
6ab5cc20ebbbc7b6b5fe80d9,Lightning Roulette,7,Vermelho,Impar,2026-09-24 22:19:28,2026-09-25T01:18:46.422Z,2026-09-25T01:19:28.329Z,0x150 19x100 31x100
6ab5cc2aebbbc7b6b5fe80dc,Immersive Roulette,25,Vermelho,Impar,2026-09-24 22:19:38,2026-09-25T01:18:46.163Z,2026-09-25T01:19:38.788Z,
6ab5cc33ebbbc7b6b5fe80df,XXXtreme Lightning Roulette,0,Verde,None,2026-09-24 22:19:47,2026-09-25T01:18:55.523Z,2026-09-25T01:19:47.447Z,2x100 15x100 23x100
6ab5cc3bebbbc7b6b5fe80e1,Auto Roulette,7,Vermelho,Impar,2026-09-24 22:19:55,2026-09-25T01:19:15.666Z,2026-09-25T01:19:55.039Z,
6ab5cc4febbbc7b6b5fe80e3,Lightning Roulette,36,Vermelho,Par,2026-09-24 22:20:14,2026-09-25T01:19:31.434Z,2026-09-25T01:20:14.831Z,14x100 23x500
6ab5cc5febbbc7b6b5fe80e4,Immersive Roulette,32,Vermelho,Par,2026-09-24 22:20:31,2026-09-25T01:19:41.853Z,2026-09-25T01:20:31.259Z,
6ab5cc66ebbbc7b6b5fe80e7,XXXtreme Lightning Roulette,19,Vermelho,Impar,2026-09-24 22:20:38,2026-09-25T01:19:50.543Z,2026-09-25T01:20:38.450Z,4x100 8x50 16x100 18x600 24x100 31x500
6ab5cc67ebbbc7b6b5fe80e8,Auto Roulette,35,Preto,Impar,2026-09-24 22:20:39,2026-09-25T01:19:58.129Z,2026-09-25T01:20:39.040Z,
6ab5cc6fd057e98a2a5718a8,Red Door Roulette,4,Preto,Par,2026-09-24 22:20:45,2026-09-25T01:18:55.694Z,2026-09-25T01:20:45.600Z,4x1 15x1 22x1 5x1 32x1 20x1
6ab5cc7aebbbc7b6b5fe80ec,Lightning Roulette,30,Vermelho,Par,2026-09-24 22:20:57,2026-09-25T01:20:17.923Z,2026-09-25T01:20:57.831Z,28x50 31x50 32x50
6ab5cc92ebbbc7b6b5fe80f0,Auto Roulette,11,Preto,Impar,2026-09-24 22:21:22,2026-09-25T01:20:42.135Z,2026-09-25T01:21:22.045Z,
6ab5cc93ebbbc7b6b5fe80f1,Immersive Roulette,1,Vermelho,Impar,2026-09-24 22:21:23,2026-09-25T01:20:34.363Z,2026-09-25T01:21:23.386Z,
6ab5cc98ebbbc7b6b5fe80f4,XXXtreme Lightning Roulette,33,Preto,Impar,2026-09-24 22:21:28,2026-09-25T01:20:41.532Z,2026-09-25T01:21:28.456Z,20x100 23x50
6ab5cca8ebbbc7b6b5fe80f6,Lightning Roulette,1,Vermelho,Impar,2026-09-24 22:21:43,2026-09-25T01:21:00.924Z,2026-09-25T01:21:43.836Z,12x50 13x100 35x100
6ab5ccb18da3fc15ad08f57b,Red Door Roulette,21,Vermelho,Impar,2026-09-24 22:21:53,2026-09-25T01:20:53.849Z,2026-09-25T01:21:53.599Z,0x1 7x1 12x1 16x1 19x1
6ab5ccb2ebbbc7b6b5fe80f7,Gold Vault Roulette,31,Preto,Impar,2026-09-24 22:21:54,2026-09-25T01:21:07.222Z,2026-09-25T01:21:54.205Z,0x50 3x150 5x50 6x50 8x50 10x150 15x50 23x50 24x50 25x50 28x50 31x50 33x50 35x500
6ab5ccbcebbbc7b6b5fe80fa,Auto Roulette,3,Vermelho,Impar,2026-09-24 22:22:04,2026-09-25T01:21:25.151Z,2026-09-25T01:22:04.543Z,
6ab5ccc6ebbbc7b6b5fe80fc,Immersive Roulette,23,Vermelho,Impar,2026-09-24 22:22:13,2026-09-25T01:21:26.472Z,2026-09-25T01:22:13.833Z,
6ab5ccceebbbc7b6b5fe80ff,XXXtreme Lightning Roulette,18,Vermelho,Par,2026-09-24 22:22:21,2026-09-25T01:21:31.532Z,2026-09-25T01:22:21.962Z,24x150 25x1000 27x200
6ab5ccd8ebbbc7b6b5fe8100,Lightning Roulette,16,Vermelho,Par,2026-09-24 22:22:31,2026-09-25T01:21:46.979Z,2026-09-25T01:22:31.828Z,2x200 7x50 25x50
6ab5cce5ebbbc7b6b5fe8102,Gold Vault Roulette,16,Vermelho,Par,2026-09-24 22:22:45,2026-09-25T01:21:57.279Z,2026-09-25T01:22:45.103Z,4x50 13x50 16x50 19x50 20x100 24x50 27x50 31x50 35x150 36x50
6ab5cce7ebbbc7b6b5fe8103,Auto Roulette,13,Preto,Impar,2026-09-24 22:22:47,2026-09-25T01:22:07.677Z,2026-09-25T01:22:47.064Z,
6ab5ccec8da3fc15ad08f581,Red Door Roulette,17,Preto,Impar,2026-09-24 22:22:52,2026-09-25T01:21:56.723Z,2026-09-25T01:22:52.097Z,9x2 14x1 21x1 26x1 27x1 29x1 34x1
6ab5ccfaebbbc7b6b5fe8106,Immersive Roulette,7,Vermelho,Impar,2026-09-24 22:23:06,2026-09-25T01:22:16.929Z,2026-09-25T01:23:06.284Z,
6ab5cd01ebbbc7b6b5fe8108,XXXtreme Lightning Roulette,13,Preto,Impar,2026-09-24 22:23:12,2026-09-25T01:22:25.046Z,2026-09-25T01:23:12.968Z,1x100 11x100 12x100
6ab5cd06ebbbc7b6b5fe810a,Lightning Roulette,22,Preto,Par,2026-09-24 22:23:17,2026-09-25T01:22:34.926Z,2026-09-25T01:23:17.830Z,2x50 20x100
6ab5cd10ebbbc7b6b5fe810b,Auto Roulette,21,Vermelho,Impar,2026-09-24 22:23:28,2026-09-25T01:22:50.199Z,2026-09-25T01:23:28.043Z,
6ab5cd2debbbc7b6b5fe810e,Immersive Roulette,3,Vermelho,Impar,2026-09-24 22:23:56,2026-09-25T01:23:09.380Z,2026-09-25T01:23:56.780Z,
6ab5cd34ebbbc7b6b5fe810f,Lightning Roulette,13,Preto,Impar,2026-09-24 22:24:03,2026-09-25T01:23:20.928Z,2026-09-25T01:24:03.833Z,6x50 11x50 22x150
6ab5cd37ebbbc7b6b5fe8110,XXXtreme Lightning Roulette,26,Preto,Par,2026-09-24 22:24:07,2026-09-25T01:23:16.050Z,2026-09-25T01:24:07.477Z,5x300 6x150 14x100 25x600 26x100 31x350
6ab5cd3bebbbc7b6b5fe8112,Auto Roulette,13,Preto,Impar,2026-09-24 22:24:11,2026-09-25T01:23:31.171Z,2026-09-25T01:24:11.041Z,
6ab5cd4aebbbc7b6b5fe8116,Gold Vault Roulette,35,Preto,Impar,2026-09-24 22:24:26,2026-09-25T01:23:39.103Z,2026-09-25T01:24:26.472Z,10x50 12x50 14x50 24x50 36x50
6ab5cd61d057e98a2a5718a9,Red Door Roulette,20,Preto,Par,2026-09-24 22:24:47,2026-09-25T01:22:55.195Z,2026-09-25T01:24:47.849Z,34x1 12x3 19x1 15x1 6x1 31x1 20x1 2x1 7x1 3x2
6ab5cd64ebbbc7b6b5fe8118,Auto Roulette,1,Vermelho,Impar,2026-09-24 22:24:52,2026-09-25T01:24:14.185Z,2026-09-25T01:24:52.076Z,
6ab5cd65ebbbc7b6b5fe8119,Lightning Roulette,11,Preto,Impar,2026-09-24 22:24:53,2026-09-25T01:24:06.918Z,2026-09-25T01:24:53.333Z,0x100 6x100 9x150
6ab5cd69ebbbc7b6b5fe811b,Immersive Roulette,9,Vermelho,Impar,2026-09-24 22:24:56,2026-09-25T01:23:59.841Z,2026-09-25T01:24:56.855Z,
6ab5cd6debbbc7b6b5fe811d,XXXtreme Lightning Roulette,29,Preto,Impar,2026-09-24 22:25:00,2026-09-25T01:24:10.562Z,2026-09-25T01:25:00.983Z,4x50 13x100 20x100
6ab5cd7bebbbc7b6b5fe811e,Gold Vault Roulette,20,Preto,Par,2026-09-24 22:25:15,2026-09-25T01:24:29.623Z,2026-09-25T01:25:15.753Z,11x50 12x100 14x50 21x100 25x50 30x50 34x50
6ab5cd8debbbc7b6b5fe8122,Auto Roulette,12,Vermelho,Par,2026-09-24 22:25:33,2026-09-25T01:24:55.173Z,2026-09-25T01:25:33.052Z,
6ab5cd8debbbc7b6b5fe8123,Lightning Roulette,25,Vermelho,Impar,2026-09-24 22:25:33,2026-09-25T01:24:56.408Z,2026-09-25T01:25:33.837Z,2x50 10x100 28x100
6ab5cd9febbbc7b6b5fe8125,XXXtreme Lightning Roulette,19,Vermelho,Impar,2026-09-24 22:25:50,2026-09-25T01:25:04.074Z,2026-09-25T01:25:50.981Z,13x50 24x50 28x100
6ab5cda1ebbbc7b6b5fe8126,Immersive Roulette,7,Vermelho,Impar,2026-09-24 22:25:53,2026-09-25T01:24:59.929Z,2026-09-25T01:25:53.706Z,
6ab5cdadebbbc7b6b5fe8127,Gold Vault Roulette,0,Verde,None,2026-09-24 22:26:05,2026-09-25T01:25:18.863Z,2026-09-25T01:26:05.044Z,4x50 6x50 7x50 10x500 12x50 16x50 17x150 18x50
6ab5cdb8ebbbc7b6b5fe812a,Auto Roulette,36,Vermelho,Par,2026-09-24 22:26:16,2026-09-25T01:25:36.169Z,2026-09-25T01:26:16.039Z,
6ab5cdbdebbbc7b6b5fe812c,Lightning Roulette,2,Preto,Par,2026-09-24 22:26:21,2026-09-25T01:25:36.931Z,2026-09-25T01:26:21.830Z,11x50 26x50 35x100
6ab5cdd3ebbbc7b6b5fe812d,XXXtreme Lightning Roulette,18,Vermelho,Par,2026-09-24 22:26:42,2026-09-25T01:25:54.062Z,2026-09-25T01:26:42.999Z,6x50 14x100 18x200 20x50 25x600 36x100
6ab5cdd9ebbbc7b6b5fe812e,Immersive Roulette,0,Verde,None,2026-09-24 22:26:49,2026-09-25T01:25:56.802Z,2026-09-25T01:26:49.412Z,
6ab5cde4ebbbc7b6b5fe8132,Auto Roulette,3,Vermelho,Impar,2026-09-24 22:27:00,2026-09-25T01:26:19.126Z,2026-09-25T01:27:00.545Z,
6ab5cdeeebbbc7b6b5fe8133,Lightning Roulette,14,Vermelho,Par,2026-09-24 22:27:09,2026-09-25T01:26:24.962Z,2026-09-25T01:27:09.840Z,5x50 8x100 11x100
6ab5ce0aebbbc7b6b5fe813a,XXXtreme Lightning Roulette,20,Preto,Par,2026-09-24 22:27:37,2026-09-25T01:26:46.079Z,2026-09-25T01:27:37.998Z,9x100 14x100 27x100
6ab5ce11ebbbc7b6b5fe813b,Auto Roulette,23,Vermelho,Impar,2026-09-24 22:27:45,2026-09-25T01:27:03.641Z,2026-09-25T01:27:45.035Z,
6ab5ce12ebbbc7b6b5fe813c,Immersive Roulette,33,Preto,Impar,2026-09-24 22:27:46,2026-09-25T01:26:52.462Z,2026-09-25T01:27:46.271Z,
6ab5ce21ebbbc7b6b5fe8140,Lightning Roulette,3,Vermelho,Impar,2026-09-24 22:28:01,2026-09-25T01:27:12.966Z,2026-09-25T01:28:01.832Z,1x100 12x50 15x100
6ab5ce3cebbbc7b6b5fe8146,Auto Roulette,35,Preto,Impar,2026-09-24 22:28:28,2026-09-25T01:27:48.126Z,2026-09-25T01:28:28.534Z,
6ab5ce3eebbbc7b6b5fe8147,Gold Vault Roulette,24,Preto,Par,2026-09-24 22:28:30,2026-09-25T01:27:44.771Z,2026-09-25T01:28:30.617Z,14x50 16x50 17x50 23x50 27x100 28x50
6ab5ce40b2134fd8cd207d03,XXXtreme Lightning Roulette,12,Vermelho,Par,2026-09-24 22:28:30,2026-09-25T01:27:41.097Z,2026-09-25T01:28:30.995Z,21x100 31x100 3x50 19x50 23x100 11x700 9x50
6ab5ce49ebbbc7b6b5fe8149,Immersive Roulette,6,Preto,Par,2026-09-24 22:28:41,2026-09-25T01:27:49.348Z,2026-09-25T01:28:41.532Z,
6ab5ce53ebbbc7b6b5fe814b,Lightning Roulette,30,Vermelho,Par,2026-09-24 22:28:51,2026-09-25T01:28:04.931Z,2026-09-25T01:28:51.337Z,4x200 6x50 12x100 21x50
6ab5ce6aebbbc7b6b5fe8150,Auto Roulette,15,Preto,Impar,2026-09-24 22:29:14,2026-09-25T01:28:31.629Z,2026-09-25T01:29:14.534Z,
6ab5ce72b2134fd8cd207d07,XXXtreme Lightning Roulette,22,Preto,Par,2026-09-24 22:29:20,2026-09-25T01:28:34.082Z,2026-09-25T01:29:20.499Z,13x50 24x100 1x600 25x100 0x100
6ab5ce72ebbbc7b6b5fe8151,Gold Vault Roulette,2,Preto,Par,2026-09-24 22:29:22,2026-09-25T01:28:33.736Z,2026-09-25T01:29:22.330Z,6x100 7x50 16x100 23x50 28x100 29x50 30x50 31x50 32x50
6ab5ce7eebbbc7b6b5fe8155,Immersive Roulette,11,Preto,Impar,2026-09-24 22:29:34,2026-09-25T01:28:44.615Z,2026-09-25T01:29:34.380Z,
6ab5ce81ebbbc7b6b5fe8157,Lightning Roulette,33,Preto,Impar,2026-09-24 22:29:36,2026-09-25T01:28:54.447Z,2026-09-25T01:29:36.838Z,2x50 21x100
6ab5ce98ebbbc7b6b5fe815b,Auto Roulette,32,Vermelho,Par,2026-09-24 22:30:00,2026-09-25T01:29:17.617Z,2026-09-25T01:30:00.532Z,
6ab5cea3ebbbc7b6b5fe815d,Gold Vault Roulette,28,Preto,Par,2026-09-24 22:30:11,2026-09-25T01:29:25.444Z,2026-09-25T01:30:11.620Z,3x50 5x100 7x50 10x100 14x50 15x50 17x150 22x50 25x50
6ab5cea5ebbbc7b6b5fe815e,XXXtreme Lightning Roulette,1,Vermelho,Impar,2026-09-24 22:30:13,2026-09-25T01:29:23.596Z,2026-09-25T01:30:13.510Z,10x100 20x50 23x150
6ab5ceb2ebbbc7b6b5fe8162,Lightning Roulette,5,Vermelho,Impar,2026-09-24 22:30:26,2026-09-25T01:29:39.911Z,2026-09-25T01:30:26.343Z,33x100 35x50
6ab5ceb8ebbbc7b6b5fe8163,Immersive Roulette,5,Vermelho,Impar,2026-09-24 22:30:32,2026-09-25T01:29:37.493Z,2026-09-25T01:30:32.057Z,
6ab5cec2ebbbc7b6b5fe8164,Auto Roulette,11,Preto,Impar,2026-09-24 22:30:42,2026-09-25T01:30:03.661Z,2026-09-25T01:30:42.032Z,
6ab5ced4ebbbc7b6b5fe8167,Gold Vault Roulette,27,Vermelho,Impar,2026-09-24 22:31:00,2026-09-25T01:30:14.713Z,2026-09-25T01:31:00.109Z,1x50 3x50 4x150 7x50 14x50 17x50 27x150 30x50 35x50 36x50
6ab5ceddebbbc7b6b5fe816a,XXXtreme Lightning Roulette,33,Preto,Impar,2026-09-24 22:31:09,2026-09-25T01:30:16.583Z,2026-09-25T01:31:09.021Z,3x50 6x100 11x200 12x100 27x50 31x50 32x100
6ab5cedeebbbc7b6b5fe816b,Lightning Roulette,5,Vermelho,Impar,2026-09-24 22:31:10,2026-09-25T01:30:29.461Z,2026-09-25T01:31:10.334Z,5x50 22x100 23x100
6ab5ceedebbbc7b6b5fe816f,Auto Roulette,0,Verde,None,2026-09-24 22:31:25,2026-09-25T01:30:45.137Z,2026-09-25T01:31:25.039Z,
6ab5cef1ebbbc7b6b5fe8170,Immersive Roulette,3,Vermelho,Impar,2026-09-24 22:31:29,2026-09-25T01:30:35.118Z,2026-09-25T01:31:29.365Z,
6ab5cf02ebbbc7b6b5fe8174,Gold Vault Roulette,31,Preto,Impar,2026-09-24 22:31:46,2026-09-25T01:31:03.228Z,2026-09-25T01:31:46.666Z,10x50 13x100 14x50 15x50 18x50 26x50 28x50
6ab5cf0debbbc7b6b5fe8177,Lightning Roulette,14,Vermelho,Par,2026-09-24 22:31:57,2026-09-25T01:31:13.408Z,2026-09-25T01:31:57.339Z,4x200 5x100 13x100
6ab5cf14ebbbc7b6b5fe8178,XXXtreme Lightning Roulette,16,Vermelho,Par,2026-09-24 22:32:04,2026-09-25T01:31:12.088Z,2026-09-25T01:32:04.017Z,16x200 36x50
6ab5cf18ebbbc7b6b5fe8179,Auto Roulette,20,Preto,Par,2026-09-24 22:32:08,2026-09-25T01:31:28.126Z,2026-09-25T01:32:08.536Z,
6ab5cf27ebbbc7b6b5fe817c,Immersive Roulette,22,Preto,Par,2026-09-24 22:32:23,2026-09-25T01:31:32.442Z,2026-09-25T01:32:23.050Z,
6ab5cf32ebbbc7b6b5fe8180,Gold Vault Roulette,28,Preto,Par,2026-09-24 22:32:33,2026-09-25T01:31:49.885Z,2026-09-25T01:32:33.962Z,3x150 9x150 10x50 13x50 21x50 23x100 30x50 34x100
6ab5cf3debbbc7b6b5fe8184,Lightning Roulette,11,Preto,Impar,2026-09-24 22:32:44,2026-09-25T01:32:00.430Z,2026-09-25T01:32:44.840Z,5x100 22x350 36x50
6ab5cf4debbbc7b6b5fe8187,XXXtreme Lightning Roulette,28,Preto,Par,2026-09-24 22:33:01,2026-09-25T01:32:07.100Z,2026-09-25T01:33:01.529Z,7x100 16x100 29x150
6ab5cf60ebbbc7b6b5fe818d,Immersive Roulette,17,Preto,Impar,2026-09-24 22:33:19,2026-09-25T01:32:26.117Z,2026-09-25T01:33:19.915Z,
6ab5cf65ebbbc7b6b5fe818e,Gold Vault Roulette,31,Preto,Impar,2026-09-24 22:33:25,2026-09-25T01:32:37.077Z,2026-09-25T01:33:25.286Z,0x50 6x100 10x50 18x100 20x100 26x50 30x50 35x50
6ab5cf68ebbbc7b6b5fe818f,Auto Roulette,14,Vermelho,Par,2026-09-24 22:33:28,2026-09-25T01:32:51.221Z,2026-09-25T01:33:28.044Z,
6ab5cf6cebbbc7b6b5fe8191,Lightning Roulette,12,Vermelho,Par,2026-09-24 22:33:31,2026-09-25T01:32:47.911Z,2026-09-25T01:33:31.845Z,8x50 11x50 36x100
6ab5cf81ebbbc7b6b5fe8197,XXXtreme Lightning Roulette,12,Vermelho,Par,2026-09-24 22:33:53,2026-09-25T01:33:04.625Z,2026-09-25T01:33:53.030Z,25x100 28x150
6ab5cf90ebbbc7b6b5fe819b,Auto Roulette,13,Preto,Impar,2026-09-24 22:34:08,2026-09-25T01:33:31.161Z,2026-09-25T01:34:08.537Z,
6ab5cf97ebbbc7b6b5fe819e,Immersive Roulette,28,Preto,Par,2026-09-24 22:34:15,2026-09-25T01:33:22.986Z,2026-09-25T01:34:15.602Z,
6ab5cf97ebbbc7b6b5fe819f,Gold Vault Roulette,31,Preto,Impar,2026-09-24 22:34:15,2026-09-25T01:33:28.457Z,2026-09-25T01:34:15.777Z,0x50 8x50 12x50 14x50 28x50 32x50
6ab5cf9eebbbc7b6b5fe81a0,Lightning Roulette,10,Preto,Par,2026-09-24 22:34:21,2026-09-25T01:33:34.975Z,2026-09-25T01:34:21.852Z,5x200 16x50 32x50
6ab5cfb6ebbbc7b6b5fe81a3,XXXtreme Lightning Roulette,23,Vermelho,Impar,2026-09-24 22:34:46,2026-09-25T01:33:56.114Z,2026-09-25T01:34:46.036Z,12x50 22x100
6ab5cfbdebbbc7b6b5fe81a5,Auto Roulette,20,Preto,Par,2026-09-24 22:34:53,2026-09-25T01:34:11.651Z,2026-09-25T01:34:53.048Z,
6ab5cfcbebbbc7b6b5fe81a7,Lightning Roulette,27,Vermelho,Impar,2026-09-24 22:35:07,2026-09-25T01:34:24.948Z,2026-09-25T01:35:07.341Z,22x100 33x200 35x50
6ab5cfcbebbbc7b6b5fe81a8,Gold Vault Roulette,19,Vermelho,Impar,2026-09-24 22:35:07,2026-09-25T01:34:18.872Z,2026-09-25T01:35:07.688Z,5x150 9x150 15x100 17x50 22x50 34x50
6ab5cfe78da3fc15ad08f5bd,Immersive Roulette,3,Vermelho,Impar,2026-09-24 22:35:11,2026-09-25T01:34:18.707Z,2026-09-25T01:35:11.166Z,
6ab5cfe78da3fc15ad08f5c0,Auto Roulette,16,Vermelho,Par,2026-09-24 22:35:35,2026-09-25T01:34:56.146Z,2026-09-25T01:35:35.043Z,
6ab5cfee8da3fc15ad08f5c1,XXXtreme Lightning Roulette,29,Preto,Impar,2026-09-24 22:35:42,2026-09-25T01:34:49.131Z,2026-09-25T01:35:42.560Z,1x100 12x100 35x2000
6ab5cff78da3fc15ad08f5c4,Lightning Roulette,7,Vermelho,Impar,2026-09-24 22:35:51,2026-09-25T01:35:10.450Z,2026-09-25T01:35:51.338Z,0x500 25x500 33x100
6ab5cffd8da3fc15ad08f5c6,Gold Vault Roulette,21,Vermelho,Impar,2026-09-24 22:35:57,2026-09-25T01:35:10.790Z,2026-09-25T01:35:57.378Z,0x100 1x50 4x50 8x50 10x50 11x100 14x50 15x50 18x100 31x50 32x50
6ab5d0058da3fc15ad08f5c7,Immersive Roulette,34,Vermelho,Par,2026-09-24 22:36:05,2026-09-25T01:35:14.241Z,2026-09-25T01:36:05.234Z,
6ab5d0158da3fc15ad08f5c8,Auto Roulette,11,Preto,Impar,2026-09-24 22:36:21,2026-09-25T01:35:38.152Z,2026-09-25T01:36:21.533Z,
6ab5d018d057e98a2a5718aa,Red Door Roulette,7,Vermelho,Impar,2026-09-24 22:36:23,2026-09-25T01:35:29.824Z,2026-09-25T01:36:23.418Z,8x1 35x1 32x1 1x1 20x1 15x1 11x1
6ab5d0258da3fc15ad08f5cb,XXXtreme Lightning Roulette,8,Preto,Par,2026-09-24 22:36:37,2026-09-25T01:35:45.644Z,2026-09-25T01:36:37.042Z,0x100 6x50 22x50
6ab5d0288da3fc15ad08f5cd,Lightning Roulette,9,Vermelho,Impar,2026-09-24 22:36:40,2026-09-25T01:35:54.433Z,2026-09-25T01:36:40.334Z,21x100 25x500
6ab5d03b8da3fc15ad08f5d0,Immersive Roulette,11,Preto,Impar,2026-09-24 22:36:59,2026-09-25T01:36:08.335Z,2026-09-25T01:36:59.314Z,
6ab5d0408da3fc15ad08f5d1,Auto Roulette,20,Preto,Par,2026-09-24 22:37:04,2026-09-25T01:36:24.651Z,2026-09-25T01:37:04.060Z,
6ab5d0568da3fc15ad08f5d6,Lightning Roulette,15,Preto,Impar,2026-09-24 22:37:25,2026-09-25T01:36:43.466Z,2026-09-25T01:37:25.835Z,2x150 12x50 31x100
6ab5d0608da3fc15ad08f5d9,XXXtreme Lightning Roulette,32,Vermelho,Par,2026-09-24 22:37:36,2026-09-25T01:36:40.128Z,2026-09-25T01:37:36.061Z,2x50 7x200 10x200 13x100
6ab5d0618da3fc15ad08f5da,Gold Vault Roulette,1,Vermelho,Impar,2026-09-24 22:37:37,2026-09-25T01:36:51.427Z,2026-09-25T01:37:37.584Z,8x50 9x50 11x50 17x50 20x150 25x50 30x100 35x50
6ab5d06a8da3fc15ad08f5db,Auto Roulette,6,Preto,Par,2026-09-24 22:37:46,2026-09-25T01:37:07.148Z,2026-09-25T01:37:46.044Z,
6ab5d0718da3fc15ad08f5dd,Immersive Roulette,36,Vermelho,Par,2026-09-24 22:37:53,2026-09-25T01:37:02.379Z,2026-09-25T01:37:53.376Z,
6ab5d086b2134fd8cd207d2a,Lightning Roulette,10,Preto,Par,2026-09-24 22:38:12,2026-09-25T01:37:28.929Z,2026-09-25T01:38:12.836Z,16x100 25x200
6ab5d0918da3fc15ad08f5e1,Gold Vault Roulette,36,Vermelho,Par,2026-09-24 22:38:25,2026-09-25T01:37:40.646Z,2026-09-25T01:38:25.228Z,5x50 13x50 20x100 28x50 32x150
6ab5d0958da3fc15ad08f5e2,XXXtreme Lightning Roulette,32,Vermelho,Par,2026-09-24 22:38:29,2026-09-25T01:37:39.143Z,2026-09-25T01:38:29.059Z,14x100 27x100 30x100 33x100 34x250 35x100
6ab5d0958da3fc15ad08f5e3,Auto Roulette,5,Vermelho,Impar,2026-09-24 22:38:29,2026-09-25T01:37:49.116Z,2026-09-25T01:38:29.533Z,
6ab5d0b1b2134fd8cd207d2e,Lightning Roulette,9,Vermelho,Impar,2026-09-24 22:38:55,2026-09-25T01:38:15.928Z,2026-09-25T01:38:55.845Z,19x50 20x100 30x100
6ab5d0c28da3fc15ad08f5e9,Auto Roulette,14,Vermelho,Par,2026-09-24 22:39:14,2026-09-25T01:38:32.634Z,2026-09-25T01:39:14.046Z,
6ab5d0c38da3fc15ad08f5ea,Gold Vault Roulette,27,Vermelho,Impar,2026-09-24 22:39:15,2026-09-25T01:38:28.316Z,2026-09-25T01:39:15.297Z,4x50 5x100 12x100 14x50 18x50 19x50 27x50 31x50 33x50 36x150
6ab5d0cc8da3fc15ad08f5eb,XXXtreme Lightning Roulette,5,Vermelho,Impar,2026-09-24 22:39:24,2026-09-25T01:38:32.136Z,2026-09-25T01:39:24.064Z,15x100 29x100 35x100
6ab5d0db8da3fc15ad08f5ee,Lightning Roulette,33,Preto,Impar,2026-09-24 22:39:38,2026-09-25T01:38:58.992Z,2026-09-25T01:39:38.846Z,2x100 21x500
6ab5d0ed8da3fc15ad08f5f0,Auto Roulette,23,Vermelho,Impar,2026-09-24 22:39:57,2026-09-25T01:39:17.148Z,2026-09-25T01:39:57.540Z,
6ab5d1068da3fc15ad08f5f4,XXXtreme Lightning Roulette,9,Vermelho,Impar,2026-09-24 22:40:22,2026-09-25T01:39:27.141Z,2026-09-25T01:40:22.577Z,13x100 16x100
6ab5d10eb2134fd8cd207d34,Lightning Roulette,6,Preto,Par,2026-09-24 22:40:29,2026-09-25T01:39:41.937Z,2026-09-25T01:40:29.333Z,3x100 4x100
6ab5d13bebbbc7b6b5fe81f4,Immersive Roulette,20,Preto,Par,2026-09-24 22:40:34,2026-09-25T01:39:42.235Z,2026-09-25T01:40:34.808Z,
6ab5d13bebbbc7b6b5fe81f6,Auto Roulette,5,Vermelho,Impar,2026-09-24 22:40:40,2026-09-25T01:40:00.625Z,2026-09-25T01:40:40.033Z,
6ab5d13bebbbc7b6b5fe81f8,Gold Vault Roulette,19,Vermelho,Impar,2026-09-24 22:40:58,2026-09-25T01:40:10.474Z,2026-09-25T01:40:58.279Z,0x50 3x50 14x50 16x50 21x50 31x100 34x50 36x50
6ab5d13bd057e98a2a5718ab,Red Door Roulette,36,Vermelho,Par,2026-09-24 22:41:13,2026-09-25T01:40:15.739Z,2026-09-25T01:41:13.934Z,34x1 12x1 23x1 33x1 22x1 21x1 6x1 25x1 3x1 28x1 24x1 35x1 16x5 0x1 27x2
6ab5d13bebbbc7b6b5fe81fb,XXXtreme Lightning Roulette,6,Preto,Par,2026-09-24 22:41:15,2026-09-25T01:40:25.672Z,2026-09-25T01:41:15.082Z,3x50 4x100 10x100 13x100 14x100 19x50 31x100 34x400
6ab5d13febbbc7b6b5fe81fc,Lightning Roulette,27,Vermelho,Impar,2026-09-24 22:41:18,2026-09-25T01:40:32.443Z,2026-09-25T01:41:18.887Z,18x100 28x100
6ab5d144ebbbc7b6b5fe81fd,Auto Roulette,30,Vermelho,Par,2026-09-24 22:41:24,2026-09-25T01:40:43.180Z,2026-09-25T01:41:24.031Z,
6ab5d14bebbbc7b6b5fe8200,Immersive Roulette,33,Preto,Impar,2026-09-24 22:41:31,2026-09-25T01:40:37.889Z,2026-09-25T01:41:31.697Z,
6ab5d15debbbc7b6b5fe8205,Gold Vault Roulette,15,Preto,Impar,2026-09-24 22:41:48,2026-09-25T01:41:01.384Z,2026-09-25T01:41:48.739Z,3x50 6x100 11x150 12x100 16x50 17x100 22x150 24x50 34x50
6ab5d16debbbc7b6b5fe8208,Lightning Roulette,1,Vermelho,Impar,2026-09-24 22:42:05,2026-09-25T01:41:21.982Z,2026-09-25T01:42:05.348Z,8x50 13x100 16x50 21x100 36x100
6ab5d171938113e0387ad6f8,Red Door Roulette,35,Preto,Impar,2026-09-24 22:42:08,2026-09-25T01:41:17.014Z,2026-09-25T01:42:08.936Z,3x1 6x1 25x1
6ab5d171ebbbc7b6b5fe820a,Auto Roulette,0,Verde,None,2026-09-24 22:42:09,2026-09-25T01:41:27.152Z,2026-09-25T01:42:09.538Z,
6ab5d174ebbbc7b6b5fe820c,XXXtreme Lightning Roulette,35,Preto,Impar,2026-09-24 22:42:12,2026-09-25T01:41:18.169Z,2026-09-25T01:42:12.087Z,7x100 18x100
6ab5d184ebbbc7b6b5fe8211,Immersive Roulette,14,Vermelho,Par,2026-09-24 22:42:28,2026-09-25T01:41:34.773Z,2026-09-25T01:42:28.173Z,
6ab5d18febbbc7b6b5fe8212,Gold Vault Roulette,10,Preto,Par,2026-09-24 22:42:39,2026-09-25T01:41:51.816Z,2026-09-25T01:42:39.183Z,4x50 8x50 12x50 16x50 17x50 18x150 20x50 28x50
6ab5d19bebbbc7b6b5fe8215,Auto Roulette,14,Vermelho,Par,2026-09-24 22:42:51,2026-09-25T01:42:12.656Z,2026-09-25T01:42:51.065Z,
6ab5d19debbbc7b6b5fe8217,Lightning Roulette,14,Vermelho,Par,2026-09-24 22:42:52,2026-09-25T01:42:08.430Z,2026-09-25T01:42:52.846Z,17x500 27x200 35x50
6ab5d1aaebbbc7b6b5fe821b,XXXtreme Lightning Roulette,22,Preto,Par,2026-09-24 22:43:06,2026-09-25T01:42:15.181Z,2026-09-25T01:43:06.079Z,10x50 29x100 35x100
6ab5d1ac938113e0387ad6fa,Red Door Roulette,0,Verde,None,2026-09-24 22:43:08,2026-09-25T01:42:12.050Z,2026-09-25T01:43:08.434Z,6x1 7x1 9x1 11x1 13x1 15x1 17x5 25x1 27x1 30x7 31x1
6ab5d1bcebbbc7b6b5fe821e,Immersive Roulette,8,Preto,Par,2026-09-24 22:43:23,2026-09-25T01:42:31.243Z,2026-09-25T01:43:23.832Z,
6ab5d1bfebbbc7b6b5fe8220,Gold Vault Roulette,22,Preto,Par,2026-09-24 22:43:27,2026-09-25T01:42:42.250Z,2026-09-25T01:43:27.665Z,1x50 3x100 7x150 8x50 13x50 17x50 25x100 27x50 30x100 35x50 36x50
6ab5d1c8ebbbc7b6b5fe8223,Auto Roulette,6,Preto,Par,2026-09-24 22:43:36,2026-09-25T01:42:54.120Z,2026-09-25T01:43:36.054Z,
6ab5d1cdebbbc7b6b5fe8224,Lightning Roulette,2,Preto,Par,2026-09-24 22:43:40,2026-09-25T01:42:55.979Z,2026-09-25T01:43:40.845Z,11x50 16x200 21x100
6ab5d1e2ebbbc7b6b5fe8227,XXXtreme Lightning Roulette,8,Preto,Par,2026-09-24 22:44:02,2026-09-25T01:43:09.164Z,2026-09-25T01:44:02.091Z,10x100 29x50 33x50
6ab5d1f3ebbbc7b6b5fe8228,Auto Roulette,33,Preto,Impar,2026-09-24 22:44:19,2026-09-25T01:43:39.139Z,2026-09-25T01:44:19.031Z,
6ab5d1f3ebbbc7b6b5fe8229,Immersive Roulette,5,Vermelho,Impar,2026-09-24 22:44:19,2026-09-25T01:43:26.898Z,2026-09-25T01:44:19.506Z,
6ab5d1f8ebbbc7b6b5fe822a,Lightning Roulette,29,Preto,Impar,2026-09-24 22:44:24,2026-09-25T01:43:43.952Z,2026-09-25T01:44:24.361Z,5x100 8x100
6ab5d215ebbbc7b6b5fe8231,XXXtreme Lightning Roulette,17,Preto,Impar,2026-09-24 22:44:53,2026-09-25T01:44:05.170Z,2026-09-25T01:44:53.090Z,3x600 7x700 11x600 26x1500 29x100 32x100 33x100
6ab5d21febbbc7b6b5fe8233,Gold Vault Roulette,29,Preto,Impar,2026-09-24 22:45:03,2026-09-25T01:44:17.259Z,2026-09-25T01:45:03.012Z,3x50 4x50 10x100 11x100 13x50 16x50 17x50 18x150 24x100 26x50 30x50 31x50 34x100
6ab5d220ebbbc7b6b5fe8234,Auto Roulette,11,Preto,Impar,2026-09-24 22:45:04,2026-09-25T01:44:22.122Z,2026-09-25T01:45:04.538Z,
6ab5d228ebbbc7b6b5fe8238,Immersive Roulette,2,Preto,Par,2026-09-24 22:45:11,2026-09-25T01:44:22.574Z,2026-09-25T01:45:11.991Z,
6ab5d22cebbbc7b6b5fe8239,Lightning Roulette,14,Vermelho,Par,2026-09-24 22:45:15,2026-09-25T01:44:27.481Z,2026-09-25T01:45:15.835Z,4x500 16x50 33x50
6ab5d241938113e0387ad703,Red Door Roulette,25,Vermelho,Impar,2026-09-24 22:45:37,2026-09-25T01:43:11.509Z,2026-09-25T01:45:37.541Z,1x1 2x1 6x1 7x5 10x1 12x1 15x1 17x1 18x1 20x2 22x1 25x1 26x1 28x1 32x1
6ab5d248ebbbc7b6b5fe823d,XXXtreme Lightning Roulette,4,Preto,Par,2026-09-24 22:45:44,2026-09-25T01:44:56.172Z,2026-09-25T01:45:44.097Z,3x600 11x100 17x100
6ab5d24febbbc7b6b5fe8240,Gold Vault Roulette,14,Vermelho,Par,2026-09-24 22:45:51,2026-09-25T01:45:06.091Z,2026-09-25T01:45:51.487Z,6x50 10x50 20x50 24x150 28x100
6ab5d250ebbbc7b6b5fe8241,Auto Roulette,34,Vermelho,Par,2026-09-24 22:45:52,2026-09-25T01:45:07.623Z,2026-09-25T01:45:52.034Z,
6ab5d25cebbbc7b6b5fe8243,Immersive Roulette,19,Vermelho,Impar,2026-09-24 22:46:04,2026-09-25T01:45:15.077Z,2026-09-25T01:46:04.453Z,
6ab5d25febbbc7b6b5fe8244,Lightning Roulette,0,Verde,None,2026-09-24 22:46:06,2026-09-25T01:45:18.962Z,2026-09-25T01:46:06.852Z,0x100 17x200 24x100
6ab5d279938113e0387ad706,Red Door Roulette,11,Preto,Impar,2026-09-24 22:46:32,2026-09-25T01:45:38.641Z,2026-09-25T01:46:32.950Z,6x1 9x1 19x1 25x3 28x1 31x1 34x1
6ab5d27eebbbc7b6b5fe824a,Auto Roulette,3,Vermelho,Impar,2026-09-24 22:46:38,2026-09-25T01:45:55.132Z,2026-09-25T01:46:38.039Z,
6ab5d27eebbbc7b6b5fe824b,XXXtreme Lightning Roulette,5,Vermelho,Impar,2026-09-24 22:46:38,2026-09-25T01:45:47.234Z,2026-09-25T01:46:38.110Z,1x200 3x100 14x50 20x100 21x50 22x100
6ab5d27febbbc7b6b5fe824c,Gold Vault Roulette,18,Vermelho,Par,2026-09-24 22:46:39,2026-09-25T01:45:54.568Z,2026-09-25T01:46:39.503Z,3x100 5x50 8x50 9x50 13x50 19x50 20x50 22x100 31x50 34x50
6ab5d295ebbbc7b6b5fe824e,Immersive Roulette,33,Preto,Impar,2026-09-24 22:47:00,2026-09-25T01:46:07.522Z,2026-09-25T01:47:00.913Z,
6ab5d297ebbbc7b6b5fe824f,Lightning Roulette,22,Preto,Par,2026-09-24 22:47:02,2026-09-25T01:46:09.961Z,2026-09-25T01:47:02.858Z,2x50 12x100 26x50 32x50
6ab5d2a6ebbbc7b6b5fe8255,Auto Roulette,2,Preto,Par,2026-09-24 22:47:18,2026-09-25T01:46:41.134Z,2026-09-25T01:47:18.030Z,
6ab5d2b0ebbbc7b6b5fe8256,Gold Vault Roulette,2,Preto,Par,2026-09-24 22:47:28,2026-09-25T01:46:42.565Z,2026-09-25T01:47:28.404Z,2x50 6x50 11x50 12x50 13x50 14x50 25x50 26x100 29x50 34x50
6ab5d2b1ebbbc7b6b5fe8257,XXXtreme Lightning Roulette,18,Vermelho,Par,2026-09-24 22:47:29,2026-09-25T01:46:41.198Z,2026-09-25T01:47:29.615Z,9x600 19x50 20x50
6ab5d2b2938113e0387ad70b,Red Door Roulette,15,Preto,Impar,2026-09-24 22:47:29,2026-09-25T01:46:36.038Z,2026-09-25T01:47:29.933Z,12x1 13x2 20x1 23x1 27x1
6ab5d2c4ebbbc7b6b5fe8259,Lightning Roulette,35,Preto,Impar,2026-09-24 22:47:48,2026-09-25T01:47:05.968Z,2026-09-25T01:47:48.350Z,2x50 35x500 36x100
6ab5d2c9ebbbc7b6b5fe825c,Immersive Roulette,7,Vermelho,Impar,2026-09-24 22:47:53,2026-09-25T01:47:03.988Z,2026-09-25T01:47:53.354Z,
6ab5d2ccebbbc7b6b5fe825e,Auto Roulette,28,Preto,Par,2026-09-24 22:47:56,2026-09-25T01:47:21.123Z,2026-09-25T01:47:56.028Z,
6ab5d2e1ebbbc7b6b5fe8262,Gold Vault Roulette,15,Preto,Impar,2026-09-24 22:48:17,2026-09-25T01:47:31.481Z,2026-09-25T01:48:17.283Z,0x50 4x100 9x50 11x50 12x50 13x100 20x50 30x50 32x50 36x50
6ab5d2e8ebbbc7b6b5fe8265,XXXtreme Lightning Roulette,22,Preto,Par,2026-09-24 22:48:24,2026-09-25T01:47:32.722Z,2026-09-25T01:48:24.109Z,10x100 21x100
6ab5d2f9ebbbc7b6b5fe826a,Auto Roulette,12,Vermelho,Par,2026-09-24 22:48:41,2026-09-25T01:47:59.090Z,2026-09-25T01:48:41.057Z,
6ab5d2faebbbc7b6b5fe826b,Lightning Roulette,6,Preto,Par,2026-09-24 22:48:42,2026-09-25T01:47:51.512Z,2026-09-25T01:48:42.357Z,16x100
6ab5d2feebbbc7b6b5fe826c,Immersive Roulette,12,Vermelho,Par,2026-09-24 22:48:46,2026-09-25T01:47:56.434Z,2026-09-25T01:48:46.221Z,
6ab5d312ebbbc7b6b5fe826e,Gold Vault Roulette,12,Vermelho,Par,2026-09-24 22:49:06,2026-09-25T01:48:20.375Z,2026-09-25T01:49:06.126Z,4x50 6x50 11x50 14x50 17x50 19x150 27x100 29x50
6ab5d31cebbbc7b6b5fe8271,XXXtreme Lightning Roulette,12,Vermelho,Par,2026-09-24 22:49:16,2026-09-25T01:48:27.198Z,2026-09-25T01:49:16.117Z,3x600 8x100 30x100
6ab5d325ebbbc7b6b5fe8273,Auto Roulette,3,Vermelho,Impar,2026-09-24 22:49:25,2026-09-25T01:48:44.200Z,2026-09-25T01:49:25.052Z,
6ab5d327ebbbc7b6b5fe8274,Lightning Roulette,20,Preto,Par,2026-09-24 22:49:27,2026-09-25T01:48:45.491Z,2026-09-25T01:49:27.342Z,8x50 24x100
6ab5d332ebbbc7b6b5fe8278,Immersive Roulette,26,Preto,Par,2026-09-24 22:49:38,2026-09-25T01:48:49.350Z,2026-09-25T01:49:38.702Z,
6ab5d342ebbbc7b6b5fe827b,Gold Vault Roulette,27,Vermelho,Impar,2026-09-24 22:49:54,2026-09-25T01:49:09.221Z,2026-09-25T01:49:54.177Z,0x50 1x50 9x100 23x50 25x50 31x100 34x50
6ab5d347938113e0387ad713,Red Door Roulette,34,Vermelho,Par,2026-09-24 22:49:58,2026-09-25T01:47:33.022Z,2026-09-25T01:49:58.936Z,1x3 2x1 3x1 10x3 13x1 31x1 34x1
6ab5d352ebbbc7b6b5fe827e,XXXtreme Lightning Roulette,22,Preto,Par,2026-09-24 22:50:10,2026-09-25T01:49:19.196Z,2026-09-25T01:50:10.128Z,7x50 9x100 10x200 11x1000 16x100 25x50 33x600
6ab5d354ebbbc7b6b5fe827f,Auto Roulette,26,Preto,Par,2026-09-24 22:50:12,2026-09-25T01:49:28.141Z,2026-09-25T01:50:12.039Z,
6ab5d356ebbbc7b6b5fe8280,Lightning Roulette,5,Vermelho,Impar,2026-09-24 22:50:14,2026-09-25T01:49:30.438Z,2026-09-25T01:50:14.360Z,23x50
6ab5d36aebbbc7b6b5fe8283,Immersive Roulette,1,Vermelho,Impar,2026-09-24 22:50:34,2026-09-25T01:49:41.817Z,2026-09-25T01:50:34.360Z,
6ab5d373ebbbc7b6b5fe8286,Gold Vault Roulette,10,Preto,Par,2026-09-24 22:50:43,2026-09-25T01:49:57.288Z,2026-09-25T01:50:43.056Z,2x50 5x50 6x50 7x50 11x50 12x50 13x50 18x50 26x50 29x50 33x50 34x50 35x50
6ab5d37febbbc7b6b5fe8289,Auto Roulette,24,Preto,Par,2026-09-24 22:50:55,2026-09-25T01:50:15.190Z,2026-09-25T01:50:55.049Z,
6ab5d380938113e0387ad716,Red Door Roulette,16,Vermelho,Par,2026-09-24 22:50:55,2026-09-25T01:50:00.034Z,2026-09-25T01:50:55.954Z,5x1 21x1 22x1 29x5 33x1 35x1
6ab5d386ebbbc7b6b5fe828c,Lightning Roulette,20,Preto,Par,2026-09-24 22:51:02,2026-09-25T01:50:17.452Z,2026-09-25T01:51:02.367Z,3x150 32x50
6ab5d387ebbbc7b6b5fe828e,XXXtreme Lightning Roulette,17,Preto,Impar,2026-09-24 22:51:03,2026-09-25T01:50:13.203Z,2026-09-25T01:51:03.632Z,0x50 5x50 20x600
6ab5d39febbbc7b6b5fe8291,Immersive Roulette,13,Preto,Impar,2026-09-24 22:51:26,2026-09-25T01:50:37.443Z,2026-09-25T01:51:26.844Z,
6ab5d3a3ebbbc7b6b5fe8292,Gold Vault Roulette,10,Preto,Par,2026-09-24 22:51:31,2026-09-25T01:50:46.136Z,2026-09-25T01:51:31.214Z,0x100 5x50 6x50 7x50 11x50 13x100 14x100 17x100 18x50 26x50 30x50
6ab5d3a8ebbbc7b6b5fe8293,Auto Roulette,2,Preto,Par,2026-09-24 22:51:36,2026-09-25T01:50:58.155Z,2026-09-25T01:51:36.551Z,
6ab5d3b6ebbbc7b6b5fe8297,Lightning Roulette,34,Vermelho,Par,2026-09-24 22:51:49,2026-09-25T01:51:05.487Z,2026-09-25T01:51:49.871Z,1x50 13x50 18x50
6ab5d3b7938113e0387ad718,Red Door Roulette,25,Vermelho,Impar,2026-09-24 22:51:51,2026-09-25T01:50:59.063Z,2026-09-25T01:51:51.448Z,0x1 7x1 13x1 22x1 35x5 36x1
6ab5d3bfebbbc7b6b5fe8299,XXXtreme Lightning Roulette,12,Vermelho,Par,2026-09-24 22:51:59,2026-09-25T01:51:06.727Z,2026-09-25T01:51:59.138Z,15x600 34x150 35x100
6ab5d3d4ebbbc7b6b5fe829c,Auto Roulette,19,Vermelho,Impar,2026-09-24 22:52:20,2026-09-25T01:51:39.657Z,2026-09-25T01:52:20.541Z,
6ab5d3d5ebbbc7b6b5fe829d,Immersive Roulette,35,Preto,Impar,2026-09-24 22:52:21,2026-09-25T01:51:29.940Z,2026-09-25T01:52:21.709Z,
6ab5d3d6ebbbc7b6b5fe829e,Gold Vault Roulette,14,Vermelho,Par,2026-09-24 22:52:22,2026-09-25T01:51:34.324Z,2026-09-25T01:52:22.519Z,14x150 17x100 18x100 22x50 23x50 24x50 26x50 27x150
6ab5d3e3ebbbc7b6b5fe82a2,Lightning Roulette,14,Vermelho,Par,2026-09-24 22:52:35,2026-09-25T01:51:52.974Z,2026-09-25T01:52:35.355Z,12x50
6ab5d3f4938113e0387ad71c,Red Door Roulette,4,Preto,Par,2026-09-24 22:52:52,2026-09-25T01:51:54.526Z,2026-09-25T01:52:52.441Z,3x3 9x1 10x1 14x1 16x1 19x1 24x1 31x1 34x1 36x1
6ab5d3f5ebbbc7b6b5fe82a4,XXXtreme Lightning Roulette,6,Preto,Par,2026-09-24 22:52:53,2026-09-25T01:52:02.230Z,2026-09-25T01:52:53.148Z,13x50 17x50 31x50
6ab5d3fdebbbc7b6b5fe82a5,Gold Vault Roulette,35,Preto,Impar,2026-09-24 22:53:01,2026-09-25T01:52:25.644Z,2026-09-25T01:53:01.713Z,0x50 4x50 11x50 20x50 24x50 30x500 31x100 36x50
6ab5d3ffebbbc7b6b5fe82a6,Auto Roulette,0,Verde,None,2026-09-24 22:53:03,2026-09-25T01:52:23.616Z,2026-09-25T01:53:03.559Z,
6ab5d409ebbbc7b6b5fe82a9,Immersive Roulette,1,Vermelho,Impar,2026-09-24 22:53:13,2026-09-25T01:52:24.810Z,2026-09-25T01:53:13.765Z,
6ab5d41aebbbc7b6b5fe82ac,Lightning Roulette,9,Vermelho,Impar,2026-09-24 22:53:29,2026-09-25T01:52:38.429Z,2026-09-25T01:53:29.854Z,11x150 20x50 25x200
6ab5d429ebbbc7b6b5fe82b0,Gold Vault Roulette,6,Preto,Par,2026-09-24 22:53:45,2026-09-25T01:53:04.798Z,2026-09-25T01:53:45.113Z,0x100 11x100 12x50 14x50 17x100 19x50 20x50 22x150
6ab5d42aebbbc7b6b5fe82b1,Auto Roulette,11,Preto,Impar,2026-09-24 22:53:46,2026-09-25T01:53:06.664Z,2026-09-25T01:53:46.032Z,
6ab5d42aebbbc7b6b5fe82b2,XXXtreme Lightning Roulette,17,Preto,Impar,2026-09-24 22:53:46,2026-09-25T01:52:56.231Z,2026-09-25T01:53:46.650Z,5x50 23x100
6ab5d42d938113e0387ad720,Red Door Roulette,7,Vermelho,Impar,2026-09-24 22:53:49,2026-09-25T01:52:55.532Z,2026-09-25T01:53:49.444Z,0x1 4x1 10x1 19x1 26x3 29x1 32x1 33x1 34x1
6ab5d43eebbbc7b6b5fe82b5,Immersive Roulette,27,Vermelho,Impar,2026-09-24 22:54:06,2026-09-25T01:53:16.820Z,2026-09-25T01:54:06.219Z,
6ab5d448ebbbc7b6b5fe82b8,Lightning Roulette,24,Preto,Par,2026-09-24 22:54:16,2026-09-25T01:53:32.946Z,2026-09-25T01:54:16.350Z,11x100 25x100 27x100
6ab5d454ebbbc7b6b5fe82bb,Gold Vault Roulette,12,Vermelho,Par,2026-09-24 22:54:28,2026-09-25T01:53:48.210Z,2026-09-25T01:54:28.358Z,7x100 9x50 12x50 13x50 16x50 22x50 23x50 24x100 25x100 32x50 34x50 35x150
6ab5d455ebbbc7b6b5fe82bd,Auto Roulette,32,Vermelho,Par,2026-09-24 22:54:29,2026-09-25T01:53:49.091Z,2026-09-25T01:54:29.546Z,
6ab5d45aebbbc7b6b5fe82be,XXXtreme Lightning Roulette,21,Vermelho,Impar,2026-09-24 22:54:34,2026-09-25T01:53:49.720Z,2026-09-25T01:54:34.651Z,31x100
6ab5d467938113e0387ad723,Red Door Roulette,2,Preto,Par,2026-09-24 22:54:46,2026-09-25T01:53:52.574Z,2026-09-25T01:54:46.944Z,1x1 6x1 28x1 30x1 36x1
6ab5d488e5d5050dad7d49bd,Immersive Roulette,2,Preto,Par,2026-09-24 22:54:56,2026-09-25T01:54:09.274Z,2026-09-25T01:54:56.710Z,
6ab5d488b2134fd8cd207d6d,Lightning Roulette,14,Vermelho,Par,2026-09-24 22:55:05,2026-09-25T01:54:19.461Z,2026-09-25T01:55:05.357Z,13x50 21x200 29x200
6ab5d489e5d5050dad7d49be,Auto Roulette,2,Preto,Par,2026-09-24 22:55:11,2026-09-25T01:54:32.654Z,2026-09-25T01:55:11.037Z,
6ab5d489e5d5050dad7d49bf,Gold Vault Roulette,19,Vermelho,Impar,2026-09-24 22:55:11,2026-09-25T01:54:31.423Z,2026-09-25T01:55:11.201Z,4x50 5x50 6x50 12x50 14x100 23x100 29x50 30x100
6ab5d48cb2134fd8cd207d6f,XXXtreme Lightning Roulette,5,Vermelho,Impar,2026-09-24 22:55:23,2026-09-25T01:54:37.733Z,2026-09-25T01:55:23.647Z,24x50 25x50 36x500 4x100
6ab5d4a2938113e0387ad727,Red Door Roulette,31,Preto,Impar,2026-09-24 22:55:45,2026-09-25T01:54:50.069Z,2026-09-25T01:55:45.953Z,2x3 15x1 18x1 26x1
6ab5d4b61577cf28e8a3db17,Lightning Roulette,35,Preto,Impar,2026-09-24 22:55:52,2026-09-25T01:55:08.479Z,2026-09-25T01:55:52.348Z,13x50 17x100 20x50
6ab5d4b61577cf28e8a3db18,Auto Roulette,19,Vermelho,Impar,2026-09-24 22:55:54,2026-09-25T01:55:14.113Z,2026-09-25T01:55:54.547Z,
6ab5d4b61577cf28e8a3db19,Immersive Roulette,8,Preto,Par,2026-09-24 22:55:58,2026-09-25T01:54:59.800Z,2026-09-25T01:55:58.381Z,
6ab5d4c11577cf28e8a3db1b,XXXtreme Lightning Roulette,16,Vermelho,Par,2026-09-24 22:56:17,2026-09-25T01:55:26.741Z,2026-09-25T01:56:17.659Z,6x50 17x400 29x100
6ab5d4d41577cf28e8a3db20,Auto Roulette,13,Preto,Impar,2026-09-24 22:56:36,2026-09-25T01:55:57.625Z,2026-09-25T01:56:36.033Z,
6ab5d4d91577cf28e8a3db21,Lightning Roulette,19,Vermelho,Impar,2026-09-24 22:56:41,2026-09-25T01:55:55.449Z,2026-09-25T01:56:41.356Z,10x50 16x150 34x50
6ab5d4e11577cf28e8a3db23,Immersive Roulette,26,Preto,Par,2026-09-24 22:56:49,2026-09-25T01:56:01.458Z,2026-09-25T01:56:49.258Z,
6ab5d4fb938113e0387ad731,XXXtreme Lightning Roulette,30,Vermelho,Par,2026-09-24 22:57:14,2026-09-25T01:56:20.753Z,2026-09-25T01:57:14.163Z,20x50 22x100
6ab5d5001577cf28e8a3db26,Gold Vault Roulette,30,Vermelho,Par,2026-09-24 22:57:20,2026-09-25T01:56:40.835Z,2026-09-25T01:57:20.649Z,10x50 13x50 17x50 20x50 25x50 27x50 32x50 35x50
6ab5d5011577cf28e8a3db27,Auto Roulette,5,Vermelho,Impar,2026-09-24 22:57:21,2026-09-25T01:56:39.093Z,2026-09-25T01:57:21.536Z,
6ab5d50a1577cf28e8a3db28,Lightning Roulette,19,Vermelho,Impar,2026-09-24 22:57:29,2026-09-25T01:56:44.467Z,2026-09-25T01:57:29.862Z,3x50 5x100 21x100
6ab5d5111577cf28e8a3db29,Immersive Roulette,2,Preto,Par,2026-09-24 22:57:36,2026-09-25T01:56:52.322Z,2026-09-25T01:57:36.894Z,
6ab5d52d1577cf28e8a3db2e,Gold Vault Roulette,9,Vermelho,Impar,2026-09-24 22:58:04,2026-09-25T01:57:23.753Z,2026-09-25T01:58:04.722Z,14x50 17x50 32x100 33x50 34x50 35x100
6ab5d5311577cf28e8a3db2f,Auto Roulette,1,Vermelho,Impar,2026-09-24 22:58:09,2026-09-25T01:57:24.633Z,2026-09-25T01:58:09.529Z,
6ab5d533938113e0387ad739,XXXtreme Lightning Roulette,9,Vermelho,Impar,2026-09-24 22:58:10,2026-09-25T01:57:17.275Z,2026-09-25T01:58:10.164Z,10x100 15x50 25x50 28x50
6ab5d535b2134fd8cd207d7a,Red Door Roulette,5,Vermelho,Impar,2026-09-24 22:58:12,2026-09-25T01:55:49.014Z,2026-09-25T01:58:12.132Z,34x1 12x1 23x1 4x1 5x1 10x1 32x1 1x1 17x1 18x1 15x1 9x7
6ab5d5391577cf28e8a3db31,Lightning Roulette,14,Vermelho,Par,2026-09-24 22:58:16,2026-09-25T01:57:32.957Z,2026-09-25T01:58:16.862Z,17x100 27x50 36x200
6ab5d5431577cf28e8a3db34,Immersive Roulette,7,Vermelho,Impar,2026-09-24 22:58:26,2026-09-25T01:57:39.988Z,2026-09-25T01:58:26.961Z,
6ab5d5591577cf28e8a3db38,Gold Vault Roulette,7,Vermelho,Impar,2026-09-24 22:58:49,2026-09-25T01:58:07.814Z,2026-09-25T01:58:49.625Z,7x50 10x50 11x50 12x50 19x50 20x50 21x100 23x50 24x50
6ab5d55f1577cf28e8a3db39,Auto Roulette,13,Preto,Impar,2026-09-24 22:58:55,2026-09-25T01:58:12.611Z,2026-09-25T01:58:55.532Z,
6ab5d5681577cf28e8a3db3d,XXXtreme Lightning Roulette,13,Preto,Impar,2026-09-24 22:59:04,2026-09-25T01:58:13.261Z,2026-09-25T01:59:04.683Z,3x100 22x100 27x600
6ab5d56b1577cf28e8a3db3e,Lightning Roulette,15,Preto,Impar,2026-09-24 22:59:06,2026-09-25T01:58:19.978Z,2026-09-25T01:59:06.849Z,2x50 5x100 21x50
6ab5d574938113e0387ad73f,Red Door Roulette,15,Preto,Impar,2026-09-24 22:59:15,2026-09-25T01:58:20.372Z,2026-09-25T01:59:15.956Z,18x1 22x1 23x1 28x1 33x1 35x1
6ab5d5851577cf28e8a3db40,Gold Vault Roulette,6,Preto,Par,2026-09-24 22:59:32,2026-09-25T01:58:52.716Z,2026-09-25T01:59:32.864Z,17x50 21x50 27x50 29x50 33x50 34x100
6ab5d5871577cf28e8a3db41,Auto Roulette,28,Preto,Par,2026-09-24 22:59:35,2026-09-25T01:58:58.596Z,2026-09-25T01:59:35.535Z,
6ab5d5971577cf28e8a3db44,Lightning Roulette,14,Vermelho,Par,2026-09-24 22:59:50,2026-09-25T01:59:09.949Z,2026-09-25T01:59:50.858Z,6x50 33x100
6ab5d5981577cf28e8a3db45,XXXtreme Lightning Roulette,14,Vermelho,Par,2026-09-24 22:59:52,2026-09-25T01:59:07.759Z,2026-09-25T01:59:52.686Z,0x600 1x100 2x50 8x100 12x600 30x150
6ab5d5a71577cf28e8a3db48,Immersive Roulette,10,Preto,Par,2026-09-24 23:00:07,2026-09-25T01:59:20.485Z,2026-09-25T02:00:07.475Z,
6ab5d5ac938113e0387ad745,Red Door Roulette,0,Verde,None,2026-09-24 23:00:12,2026-09-25T01:59:19.044Z,2026-09-25T02:00:12.450Z,2x1 7x1 8x1 9x1 19x1 23x1
6ab5d5af1577cf28e8a3db4a,Gold Vault Roulette,26,Preto,Par,2026-09-24 23:00:14,2026-09-25T01:59:35.952Z,2026-09-25T02:00:14.924Z,4x150 5x50 9x50 10x150 13x50 14x100 24x150 25x50 35x100 36x50
6ab5d5b01577cf28e8a3db4b,Auto Roulette,29,Preto,Impar,2026-09-24 23:00:16,2026-09-25T01:59:38.619Z,2026-09-25T02:00:16.534Z,
6ab5d5c81577cf28e8a3db4d,Lightning Roulette,22,Preto,Par,2026-09-24 23:00:40,2026-09-25T01:59:53.979Z,2026-09-25T02:00:40.370Z,27x100 31x100 36x150
6ab5d5cb1577cf28e8a3db4e,XXXtreme Lightning Roulette,21,Vermelho,Impar,2026-09-24 23:00:43,2026-09-25T01:59:55.756Z,2026-09-25T02:00:43.696Z,7x500 20x500 21x200
6ab5d5da1577cf28e8a3db50,Immersive Roulette,13,Preto,Impar,2026-09-24 23:00:57,2026-09-25T02:00:10.540Z,2026-09-25T02:00:57.964Z,
6ab5d5e01577cf28e8a3db52,Auto Roulette (Evolution),20,Preto,Par,2026-09-24 23:01:04,2026-09-25T02:00:19.616Z,2026-09-25T02:01:04.039Z,
6ab5d5f91577cf28e8a3db58,Lightning Roulette,20,Preto,Par,2026-09-24 23:01:28,2026-09-25T02:00:43.474Z,2026-09-25T02:01:28.877Z,3x50 15x100 36x50
6ab5d6001577cf28e8a3db5a,XXXtreme Lightning Roulette,31,Preto,Impar,2026-09-24 23:01:36,2026-09-25T02:00:46.784Z,2026-09-25T02:01:36.266Z,3x100
6ab5d60d1577cf28e8a3db5d,Immersive Roulette,14,Vermelho,Par,2026-09-24 23:01:49,2026-09-25T02:01:01.054Z,2026-09-25T02:01:49.629Z,
6ab5d62a1577cf28e8a3db62,Lightning Roulette,28,Preto,Par,2026-09-24 23:02:17,2026-09-25T02:01:31.982Z,2026-09-25T02:02:17.853Z,11x150 20x100 35x150
6ab5d6381577cf28e8a3db67,Auto Roulette (Evolution),17,Preto,Impar,2026-09-24 23:02:32,2026-09-25T02:01:49.638Z,2026-09-25T02:02:32.040Z,
6ab5d6381577cf28e8a3db66,XXXtreme Lightning Roulette,20,Preto,Par,2026-09-24 23:02:32,2026-09-25T02:01:39.396Z,2026-09-25T02:02:32.201Z,11x100 14x100 27x50 28x200 34x500 35x100
6ab5d6411577cf28e8a3db6a,Immersive Roulette,9,Vermelho,Impar,2026-09-24 23:02:41,2026-09-25T02:01:52.689Z,2026-09-25T02:02:41.275Z,
6ab5d65a1577cf28e8a3db70,Lightning Roulette,30,Vermelho,Par,2026-09-24 23:03:06,2026-09-25T02:02:20.955Z,2026-09-25T02:03:06.365Z,8x50 9x200 34x100
6ab5d6621577cf28e8a3db71,Auto Roulette (Evolution),32,Vermelho,Par,2026-09-24 23:03:14,2026-09-25T02:02:35.139Z,2026-09-25T02:03:14.046Z,
6ab5d6701577cf28e8a3db74,XXXtreme Lightning Roulette,31,Preto,Impar,2026-09-24 23:03:28,2026-09-25T02:02:35.296Z,2026-09-25T02:03:28.707Z,4x100
6ab5d6781577cf28e8a3db76,Immersive Roulette,21,Vermelho,Impar,2026-09-24 23:03:36,2026-09-25T02:02:44.374Z,2026-09-25T02:03:36.162Z,
6ab5d68d1577cf28e8a3db78,Lightning Roulette,30,Vermelho,Par,2026-09-24 23:03:57,2026-09-25T02:03:09.459Z,2026-09-25T02:03:57.361Z,7x50 16x50
6ab5d6901577cf28e8a3db79,Auto Roulette (Evolution),3,Vermelho,Impar,2026-09-24 23:04:00,2026-09-25T02:03:17.136Z,2026-09-25T02:04:00.531Z,
6ab5d6a31577cf28e8a3db7d,XXXtreme Lightning Roulette,11,Preto,Impar,2026-09-24 23:04:19,2026-09-25T02:03:31.793Z,2026-09-25T02:04:19.210Z,15x200 25x100
6ab5d6a91577cf28e8a3db7f,Immersive Roulette,26,Preto,Par,2026-09-24 23:04:25,2026-09-25T02:03:39.246Z,2026-09-25T02:04:25.450Z,
6ab5d6be1577cf28e8a3db84,Lightning Roulette,14,Vermelho,Par,2026-09-24 23:04:46,2026-09-25T02:04:00.478Z,2026-09-25T02:04:46.370Z,6x100 28x100 36x50
6ab5d6bf1577cf28e8a3db85,Auto Roulette (Evolution),10,Preto,Par,2026-09-24 23:04:47,2026-09-25T02:04:03.592Z,2026-09-25T02:04:47.527Z,
6ab5d6d71577cf28e8a3db88,XXXtreme Lightning Roulette,10,Preto,Par,2026-09-24 23:05:11,2026-09-25T02:04:22.304Z,2026-09-25T02:05:11.214Z,16x100 27x50
6ab5d6e01577cf28e8a3db8a,Immersive Roulette,36,Vermelho,Par,2026-09-24 23:05:19,2026-09-25T02:04:28.525Z,2026-09-25T02:05:19.925Z,
6ab5d6ec1577cf28e8a3db8d,Lightning Roulette,34,Vermelho,Par,2026-09-24 23:05:32,2026-09-25T02:04:49.465Z,2026-09-25T02:05:32.354Z,1x100 5x100
6ab5d6ee1577cf28e8a3db8e,Auto Roulette (Evolution),4,Preto,Par,2026-09-24 23:05:34,2026-09-25T02:04:50.636Z,2026-09-25T02:05:34.022Z,
6ab5d7081577cf28e8a3db90,XXXtreme Lightning Roulette,34,Vermelho,Par,2026-09-24 23:06:00,2026-09-25T02:05:14.312Z,2026-09-25T02:06:00.219Z,1x100 13x50 27x50
6ab5d7151577cf28e8a3db95,Immersive Roulette,7,Vermelho,Impar,2026-09-24 23:06:13,2026-09-25T02:05:22.991Z,2026-09-25T02:06:13.586Z,
6ab5d71b1577cf28e8a3db96,Auto Roulette (Evolution),8,Preto,Par,2026-09-24 23:06:18,2026-09-25T02:05:37.084Z,2026-09-25T02:06:18.530Z,
6ab5d71c1577cf28e8a3db97,Lightning Roulette,17,Preto,Impar,2026-09-24 23:06:19,2026-09-25T02:05:35.477Z,2026-09-25T02:06:19.861Z,4x50 17x400 21x100
6ab5d73c1577cf28e8a3db9c,XXXtreme Lightning Roulette,22,Preto,Par,2026-09-24 23:06:52,2026-09-25T02:06:03.305Z,2026-09-25T02:06:52.732Z,0x100 3x50 9x50 22x100 24x100 30x400
6ab5d7481577cf28e8a3db9d,Immersive Roulette,18,Vermelho,Par,2026-09-24 23:07:04,2026-09-25T02:06:16.647Z,2026-09-25T02:07:04.062Z,
6ab5d74a1577cf28e8a3db9e,Auto Roulette (Evolution),18,Vermelho,Par,2026-09-24 23:07:06,2026-09-25T02:06:21.634Z,2026-09-25T02:07:06.551Z,
6ab5d74f938113e0387ad770,Lightning Roulette,22,Preto,Par,2026-09-24 23:07:09,2026-09-25T02:06:22.945Z,2026-09-25T02:07:09.858Z,11x50 28x50 4x200
6ab5d7741577cf28e8a3dba1,Auto Roulette (Evolution),22,Preto,Par,2026-09-24 23:07:48,2026-09-25T02:07:09.632Z,2026-09-25T02:07:48.523Z,
6ab5d7781577cf28e8a3dba2,XXXtreme Lightning Roulette,0,Verde,,2026-09-24 23:07:52,2026-09-25T02:06:55.826Z,2026-09-25T02:07:52.727Z,14x400 16x100 33x600
6ab5d77c1577cf28e8a3dba4,Immersive Roulette,1,Vermelho,Impar,2026-09-24 23:07:55,2026-09-25T02:07:07.118Z,2026-09-25T02:07:55.720Z,
6ab5d77d938113e0387ad775,Lightning Roulette,30,Vermelho,Par,2026-09-24 23:07:56,2026-09-25T02:07:12.975Z,2026-09-25T02:07:56.356Z,3x100 33x50 7x100
6ab5d79f1577cf28e8a3dba9,Auto Roulette (Evolution),18,Vermelho,Par,2026-09-24 23:08:31,2026-09-25T02:07:51.628Z,2026-09-25T02:08:31.528Z,
6ab5d7a91577cf28e8a3dbac,Lightning Roulette,36,Vermelho,Par,2026-09-24 23:08:41,2026-09-25T02:07:59.502Z,2026-09-25T02:08:41.354Z,2x200 28x100 35x100
6ab5d7af1577cf28e8a3dbae,XXXtreme Lightning Roulette,20,Preto,Par,2026-09-24 23:08:47,2026-09-25T02:07:55.825Z,2026-09-25T02:08:47.739Z,8x100 13x50 34x100
6ab5d7b41577cf28e8a3dbb0,Immersive Roulette,25,Vermelho,Impar,2026-09-24 23:08:52,2026-09-25T02:07:58.775Z,2026-09-25T02:08:52.193Z,
6ab5d7ca1577cf28e8a3dbb4,Auto Roulette (Evolution),15,Preto,Impar,2026-09-24 23:09:14,2026-09-25T02:08:34.629Z,2026-09-25T02:09:14.027Z,
6ab5d7d81577cf28e8a3dbb8,Lightning Roulette,22,Preto,Par,2026-09-24 23:09:28,2026-09-25T02:08:44.424Z,2026-09-25T02:09:28.370Z,8x500 13x100 18x100
6ab5d7e51577cf28e8a3dbbc,XXXtreme Lightning Roulette,18,Vermelho,Par,2026-09-24 23:09:41,2026-09-25T02:08:50.816Z,2026-09-25T02:09:41.741Z,15x100 19x100 20x50 32x50
6ab5d7ea1577cf28e8a3dbbe,Immersive Roulette,25,Vermelho,Impar,2026-09-24 23:09:46,2026-09-25T02:08:55.276Z,2026-09-25T02:09:46.286Z,
6ab5d7f61577cf28e8a3dbbf,Auto Roulette (Evolution),30,Vermelho,Par,2026-09-24 23:09:58,2026-09-25T02:09:17.113Z,2026-09-25T02:09:58.039Z,
6ab5d8071577cf28e8a3dbc3,Lightning Roulette,5,Vermelho,Impar,2026-09-24 23:10:15,2026-09-25T02:09:31.479Z,2026-09-25T02:10:15.366Z,22x100 30x50
6ab5d81b1577cf28e8a3dbc6,XXXtreme Lightning Roulette,22,Preto,Par,2026-09-24 23:10:35,2026-09-25T02:09:44.826Z,2026-09-25T02:10:35.240Z,0x200 21x50 23x100 29x50 30x100 35x50
6ab5d81c1577cf28e8a3dbc7,Immersive Roulette,24,Preto,Par,2026-09-24 23:10:36,2026-09-25T02:09:49.360Z,2026-09-25T02:10:36.740Z,
6ab5d8211577cf28e8a3dbc8,Auto Roulette (Evolution),12,Vermelho,Par,2026-09-24 23:10:41,2026-09-25T02:10:01.122Z,2026-09-25T02:10:41.539Z,
6ab5d8391577cf28e8a3dbcf,Lightning Roulette,15,Preto,Impar,2026-09-24 23:11:04,2026-09-25T02:10:18.485Z,2026-09-25T02:11:04.876Z,1x50 12x50 22x100
6ab5d84f1577cf28e8a3dbd4,Auto Roulette (Evolution),32,Vermelho,Par,2026-09-24 23:11:27,2026-09-25T02:10:44.656Z,2026-09-25T02:11:27.534Z,
6ab5d8541577cf28e8a3dbd6,XXXtreme Lightning Roulette,30,Vermelho,Par,2026-09-24 23:11:31,2026-09-25T02:10:38.323Z,2026-09-25T02:11:31.756Z,0x150 8x50 11x100 13x100 24x50 26x600 32x150
6ab5d8681577cf28e8a3dbda,Lightning Roulette,17,Preto,Impar,2026-09-24 23:11:51,2026-09-25T02:11:07.988Z,2026-09-25T02:11:51.857Z,17x100 22x300
6ab5d87b1577cf28e8a3dbdd,Auto Roulette (Evolution),1,Vermelho,Impar,2026-09-24 23:12:11,2026-09-25T02:11:30.597Z,2026-09-25T02:12:11.028Z,
6ab5d8871577cf28e8a3dbe0,Immersive Roulette,30,Vermelho,Par,2026-09-24 23:12:23,2026-09-25T02:11:36.312Z,2026-09-25T02:12:23.690Z,
6ab5d88c1577cf28e8a3dbe1,XXXtreme Lightning Roulette,14,Vermelho,Par,2026-09-24 23:12:28,2026-09-25T02:11:34.845Z,2026-09-25T02:12:28.259Z,0x100 7x100 31x700
6ab5d89d1577cf28e8a3dbe5,Lightning Roulette,11,Preto,Impar,2026-09-24 23:12:44,2026-09-25T02:11:54.968Z,2026-09-25T02:12:44.866Z,3x100 7x100 24x200
6ab5d8aa1577cf28e8a3dbe9,Auto Roulette (Evolution),7,Vermelho,Impar,2026-09-24 23:12:58,2026-09-25T02:12:14.123Z,2026-09-25T02:12:58.535Z,
6ab5d8bb1577cf28e8a3dbed,Immersive Roulette,5,Vermelho,Impar,2026-09-24 23:13:14,2026-09-25T02:12:26.764Z,2026-09-25T02:13:14.946Z,
6ab5d8c11577cf28e8a3dbee,XXXtreme Lightning Roulette,18,Vermelho,Par,2026-09-24 23:13:21,2026-09-25T02:12:31.351Z,2026-09-25T02:13:21.267Z,19x100 26x600 34x50
6ab5d8cb1577cf28e8a3dbef,Lightning Roulette,29,Preto,Impar,2026-09-24 23:13:30,2026-09-25T02:12:47.958Z,2026-09-25T02:13:30.874Z,17x50 19x50 32x200
6ab5d8d61577cf28e8a3dbf1,Auto Roulette (Evolution),25,Vermelho,Impar,2026-09-24 23:13:42,2026-09-25T02:13:01.627Z,2026-09-25T02:13:42.528Z,
6ab5d8f21577cf28e8a3dbf5,Immersive Roulette,9,Vermelho,Impar,2026-09-24 23:14:09,2026-09-25T02:13:18.001Z,2026-09-25T02:14:09.816Z,
6ab5d8f61577cf28e8a3dbf7,XXXtreme Lightning Roulette,12,Vermelho,Par,2026-09-24 23:14:14,2026-09-25T02:13:24.362Z,2026-09-25T02:14:14.766Z,2x50 17x100 27x100 30x200 32x100 34x100
6ab5d8fb1577cf28e8a3dbf8,Lightning Roulette,15,Preto,Impar,2026-09-24 23:14:18,2026-09-25T02:13:33.970Z,2026-09-25T02:14:18.877Z,19x50 26x50 34x400
6ab5d9001577cf28e8a3dbfb,Auto Roulette (Evolution),34,Vermelho,Par,2026-09-24 23:14:24,2026-09-25T02:13:45.610Z,2026-09-25T02:14:24.084Z,
6ab5d9281577cf28e8a3dc01,Immersive Roulette,6,Preto,Par,2026-09-24 23:15:04,2026-09-25T02:14:12.871Z,2026-09-25T02:15:04.695Z,
6ab5d92a1577cf28e8a3dc02,Auto Roulette (Evolution),16,Vermelho,Par,2026-09-24 23:15:06,2026-09-25T02:14:27.176Z,2026-09-25T02:15:06.525Z,
6ab5d92c1577cf28e8a3dc04,Lightning Roulette,34,Vermelho,Par,2026-09-24 23:15:08,2026-09-25T02:14:22.013Z,2026-09-25T02:15:08.363Z,3x100 10x50 26x100
6ab5d92d1577cf28e8a3dc05,XXXtreme Lightning Roulette,8,Preto,Par,2026-09-24 23:15:09,2026-09-25T02:14:17.846Z,2026-09-25T02:15:09.269Z,11x100 24x100
6ab5d95a1577cf28e8a3dc0f,Auto Roulette (Evolution),1,Vermelho,Impar,2026-09-24 23:15:54,2026-09-25T02:15:09.614Z,2026-09-25T02:15:54.033Z,
6ab5d95d1577cf28e8a3dc11,Lightning Roulette,24,Preto,Par,2026-09-24 23:15:57,2026-09-25T02:15:11.470Z,2026-09-25T02:15:57.370Z,7x50 29x100 31x100
6ab5d95f1577cf28e8a3dc12,Immersive Roulette,9,Vermelho,Impar,2026-09-24 23:15:59,2026-09-25T02:15:07.758Z,2026-09-25T02:15:59.544Z,
6ab5d9651577cf28e8a3dc13,XXXtreme Lightning Roulette,28,Preto,Par,2026-09-24 23:16:05,2026-09-25T02:15:12.364Z,2026-09-25T02:16:05.277Z,1x50 12x700 14x100 19x50 20x100 23x50 31x100 35x100
pp-18133988011,Auto Mega Roulette (Pragmatic),0,Verde,,2026-09-24 23:16:27,,2026-09-25T02:16:27.000Z,15x50 25x50 33x200
6ab5d9841577cf28e8a3dc1b,Auto Roulette (Evolution),16,Vermelho,Par,2026-09-24 23:16:36,2026-09-25T02:15:57.104Z,2026-09-25T02:16:36.525Z,
6ab5d98c1577cf28e8a3dc1d,Lightning Roulette,1,Vermelho,Impar,2026-09-24 23:16:44,2026-09-25T02:16:00.506Z,2026-09-25T02:16:44.371Z,6x200 15x100 19x500
6ab5d9911577cf28e8a3dc1f,Immersive Roulette,11,Preto,Impar,2026-09-24 23:16:49,2026-09-25T02:16:02.610Z,2026-09-25T02:16:49.614Z,
6ab5d99d1577cf28e8a3dc23,XXXtreme Lightning Roulette,22,Preto,Par,2026-09-24 23:17:01,2026-09-25T02:16:08.351Z,2026-09-25T02:17:01.280Z,0x100 6x100 25x400 26x100 28x50 29x50 32x100 33x100
pp-18133989611,Auto Mega Roulette (Pragmatic),0,Verde,,2026-09-24 23:17:12,,2026-09-25T02:17:12.000Z,10x50 24x50
6ab5d9b31577cf28e8a3dc28,Auto Roulette (Evolution),1,Vermelho,Impar,2026-09-24 23:17:23,2026-09-25T02:16:39.622Z,2026-09-25T02:17:23.530Z,
6ab5d9b81577cf28e8a3dc29,Lightning Roulette,14,Vermelho,Par,2026-09-24 23:17:27,2026-09-25T02:16:47.491Z,2026-09-25T02:17:27.907Z,23x100 30x50 36x100
6ab5d9c41577cf28e8a3dc2c,Immersive Roulette,9,Vermelho,Impar,2026-09-24 23:17:40,2026-09-25T02:16:52.679Z,2026-09-25T02:17:40.477Z,
6ab5d9d41577cf28e8a3dc30,XXXtreme Lightning Roulette,4,Preto,Par,2026-09-24 23:17:55,2026-09-25T02:17:04.371Z,2026-09-25T02:17:55.793Z,5x700 25x50 35x100
pp-18133991811,Auto Mega Roulette (Pragmatic),12,Vermelho,Par,2026-09-24 23:17:57,,2026-09-25T02:17:57.000Z,15x150 24x100 26x50
pp-18133992111,Auto Roulette (Pragmatic),2,Preto,Par,2026-09-24 23:17:58,,2026-09-25T02:17:58.000Z,
6ab5d9e01577cf28e8a3dc32,Auto Roulette (Evolution),9,Vermelho,Impar,2026-09-24 23:18:08,2026-09-25T02:17:26.612Z,2026-09-25T02:18:08.044Z,
6ab5d9e61577cf28e8a3dc33,Lightning Roulette,33,Preto,Impar,2026-09-24 23:18:14,2026-09-25T02:17:31.041Z,2026-09-25T02:18:14.360Z,32x50 36x300
6ab5d9f71577cf28e8a3dc34,Immersive Roulette,12,Vermelho,Par,2026-09-24 23:18:31,2026-09-25T02:17:43.558Z,2026-09-25T02:18:31.021Z,
pp-18133993711,Auto Mega Roulette (Pragmatic),30,Vermelho,Par,2026-09-24 23:18:37,,2026-09-25T02:18:37.000Z,2x150 18x200 23x100
pp-18133993911,Auto Roulette (Pragmatic),12,Vermelho,Par,2026-09-24 23:18:40,,2026-09-25T02:18:40.000Z,
6ab5da071577cf28e8a3dc39,XXXtreme Lightning Roulette,14,Vermelho,Par,2026-09-24 23:18:47,2026-09-25T02:17:58.880Z,2026-09-25T02:18:47.294Z,11x50 15x100 29x50
6ab5da111577cf28e8a3dc3a,Auto Roulette (Evolution),13,Preto,Impar,2026-09-24 23:18:57,2026-09-25T02:18:11.122Z,2026-09-25T02:18:57.029Z,
6ab5da161577cf28e8a3dc3c,Lightning Roulette,20,Preto,Par,2026-09-24 23:19:02,2026-09-25T02:18:17.477Z,2026-09-25T02:19:02.368Z,29x50 35x100
pp-18133995511,Auto Roulette (Pragmatic),21,Vermelho,Impar,2026-09-24 23:19:19,,2026-09-25T02:19:19.000Z,
pp-18133995411,Auto Mega Roulette (Pragmatic),15,Preto,Impar,2026-09-24 23:19:21,,2026-09-25T02:19:21.000Z,0x50 4x350 6x200
6ab5da2a1577cf28e8a3dc3f,Immersive Roulette,27,Vermelho,Impar,2026-09-24 23:19:22,2026-09-25T02:18:34.102Z,2026-09-25T02:19:22.222Z,
pp-18133996411,Speed Auto Roulette (Pragmatic),3,Vermelho,Impar,2026-09-24 23:19:35,,2026-09-25T02:19:35.000Z,
6ab5da381577cf28e8a3dc42,XXXtreme Lightning Roulette,15,Preto,Impar,2026-09-24 23:19:36,2026-09-25T02:18:50.377Z,2026-09-25T02:19:36.298Z,7x100 15x300
6ab5da3f1577cf28e8a3dc44,Auto Roulette (Evolution),32,Vermelho,Par,2026-09-24 23:19:43,2026-09-25T02:19:00.133Z,2026-09-25T02:19:43.046Z,
6ab5da441577cf28e8a3dc46,Lightning Roulette,33,Preto,Impar,2026-09-24 23:19:48,2026-09-25T02:19:05.482Z,2026-09-25T02:19:48.377Z,10x50 11x100 14x150
pp-18133997311,Auto Roulette (Pragmatic),31,Preto,Impar,2026-09-24 23:19:58,,2026-09-25T02:19:58.000Z,
pp-18133997411,Auto Mega Roulette (Pragmatic),16,Vermelho,Par,2026-09-24 23:20:04,,2026-09-25T02:20:04.000Z,3x100 22x150 24x150 25x100 26x200
pp-18133997911,Speed Auto Roulette (Pragmatic),20,Preto,Par,2026-09-24 23:20:09,,2026-09-25T02:20:09.000Z,
6ab5da5b1577cf28e8a3dc4c,Immersive Roulette,13,Preto,Impar,2026-09-24 23:20:11,2026-09-25T02:19:25.284Z,2026-09-25T02:20:11.092Z,
6ab5da681577cf28e8a3dc4d,Auto Roulette (Evolution),9,Vermelho,Impar,2026-09-24 23:20:24,2026-09-25T02:19:46.120Z,2026-09-25T02:20:24.026Z,
6ab5da721577cf28e8a3dc51,XXXtreme Lightning Roulette,15,Preto,Impar,2026-09-24 23:20:33,2026-09-25T02:19:39.391Z,2026-09-25T02:20:33.803Z,13x100 31x100
6ab5da771577cf28e8a3dc54,Lightning Roulette,3,Vermelho,Impar,2026-09-24 23:20:39,2026-09-25T02:19:51.475Z,2026-09-25T02:20:39.374Z,6x50 36x300
pp-18133999311,Speed Auto Roulette (Pragmatic),13,Preto,Impar,2026-09-24 23:20:41,,2026-09-25T02:20:41.000Z,
pp-18133999011,Auto Roulette (Pragmatic),16,Vermelho,Par,2026-09-24 23:20:42,,2026-09-25T02:20:42.000Z,
pp-18133999111,Auto Mega Roulette (Pragmatic),19,Vermelho,Impar,2026-09-24 23:20:48,,2026-09-25T02:20:48.000Z,2x50 11x100 23x150
6ab5da911577cf28e8a3dc57,Immersive Roulette,3,Vermelho,Impar,2026-09-24 23:21:05,2026-09-25T02:20:14.172Z,2026-09-25T02:21:05.184Z,
6ab5da911577cf28e8a3dc58,Auto Roulette (Evolution),18,Vermelho,Par,2026-09-24 23:21:05,2026-09-25T02:20:27.127Z,2026-09-25T02:21:05.532Z,
pp-18134000711,Speed Auto Roulette (Pragmatic),27,Vermelho,Impar,2026-09-24 23:21:14,,2026-09-25T02:21:14.000Z,
pp-18134000811,Auto Roulette (Pragmatic),20,Preto,Par,2026-09-24 23:21:20,,2026-09-25T02:21:20.000Z,
6ab5daa61577cf28e8a3dc5e,Lightning Roulette,11,Preto,Impar,2026-09-24 23:21:26,2026-09-25T02:20:42.466Z,2026-09-25T02:21:26.358Z,24x50 29x100
6ab5daa91577cf28e8a3dc60,XXXtreme Lightning Roulette,22,Preto,Par,2026-09-24 23:21:28,2026-09-25T02:20:36.881Z,2026-09-25T02:21:28.808Z,2x50 3x100 8x50 16x100 17x500 22x100 34x100
pp-18134001111,Auto Mega Roulette (Pragmatic),17,Preto,Impar,2026-09-24 23:21:30,,2026-09-25T02:21:30.000Z,22x50 27x100 36x200
6ab5dabb1577cf28e8a3dc61,Auto Roulette (Evolution),17,Preto,Impar,2026-09-24 23:21:46,2026-09-25T02:21:08.611Z,2026-09-25T02:21:46.523Z,
pp-18134002411,Speed Auto Roulette (Pragmatic),15,Preto,Impar,2026-09-24 23:21:48,,2026-09-25T02:21:48.000Z,
6ab5dac61577cf28e8a3dc62,Immersive Roulette,19,Vermelho,Impar,2026-09-24 23:21:58,2026-09-25T02:21:08.254Z,2026-09-25T02:21:58.422Z,
pp-18134002511,Auto Roulette (Pragmatic),32,Vermelho,Par,2026-09-24 23:21:59,,2026-09-25T02:21:59.000Z,
pp-18134002911,Auto Mega Roulette (Pragmatic),35,Preto,Impar,2026-09-24 23:22:12,,2026-09-25T02:22:12.000Z,17x50 20x100 28x150 29x200
6ab5dad41577cf28e8a3dc67,Lightning Roulette,35,Preto,Impar,2026-09-24 23:22:12,2026-09-25T02:21:29.484Z,2026-09-25T02:22:12.371Z,5x100 22x100 24x100
pp-18134003911,Speed Auto Roulette (Pragmatic),15,Preto,Impar,2026-09-24 23:22:23,,2026-09-25T02:22:23.000Z,
6ab5dadf1577cf28e8a3dc69,XXXtreme Lightning Roulette,26,Preto,Par,2026-09-24 23:22:23,2026-09-25T02:21:31.905Z,2026-09-25T02:22:23.315Z,9x50 27x50 32x100
6ab5dae61577cf28e8a3dc6b,Auto Roulette (Evolution),34,Vermelho,Par,2026-09-24 23:22:30,2026-09-25T02:21:49.605Z,2026-09-25T02:22:30.022Z,
pp-18134004211,Auto Roulette (Pragmatic),4,Preto,Par,2026-09-24 23:22:38,,2026-09-25T02:22:38.000Z,
6ab5dafd1577cf28e8a3dc71,Immersive Roulette,35,Preto,Impar,2026-09-24 23:22:53,2026-09-25T02:22:01.477Z,2026-09-25T02:22:53.682Z,
pp-18134004611,Auto Mega Roulette (Pragmatic),29,Preto,Impar,2026-09-24 23:22:55,,2026-09-25T02:22:55.000Z,4x200 11x50
pp-18134005411,Speed Auto Roulette (Pragmatic),17,Preto,Impar,2026-09-24 23:22:56,,2026-09-25T02:22:56.000Z,
6ab5db061577cf28e8a3dc72,Lightning Roulette,28,Preto,Par,2026-09-24 23:23:02,2026-09-25T02:22:15.436Z,2026-09-25T02:23:02.370Z,25x100 28x300 34x100
6ab5db121577cf28e8a3dc75,Auto Roulette (Evolution),30,Vermelho,Par,2026-09-24 23:23:14,2026-09-25T02:22:33.125Z,2026-09-25T02:23:14.523Z,
pp-18134005811,Auto Roulette (Pragmatic),24,Preto,Par,2026-09-24 23:23:16,,2026-09-25T02:23:16.000Z,
6ab5db181577cf28e8a3dc76,XXXtreme Lightning Roulette,29,Preto,Impar,2026-09-24 23:23:19,2026-09-25T02:22:26.388Z,2026-09-25T02:23:19.823Z,4x600 15x500 31x100
pp-18134006311,Speed Auto Roulette (Pragmatic),9,Vermelho,Impar,2026-09-24 23:23:28,,2026-09-25T02:23:28.000Z,
pp-18134006411,Auto Mega Roulette (Pragmatic),6,Preto,Par,2026-09-24 23:23:39,,2026-09-25T02:23:39.000Z,1x100 8x200
6ab5db351577cf28e8a3dc7b,Immersive Roulette,3,Vermelho,Impar,2026-09-24 23:23:48,2026-09-25T02:22:56.761Z,2026-09-25T02:23:48.975Z,
6ab5db361577cf28e8a3dc7c,Lightning Roulette,28,Preto,Par,2026-09-24 23:23:50,2026-09-25T02:23:05.488Z,2026-09-25T02:23:50.378Z,9x100 31x50
pp-18134007511,Auto Roulette (Pragmatic),1,Vermelho,Impar,2026-09-24 23:23:54,,2026-09-25T02:23:54.000Z,
6ab5db411577cf28e8a3dc7f,Auto Roulette (Evolution),33,Preto,Impar,2026-09-24 23:24:01,2026-09-25T02:23:17.618Z,2026-09-25T02:24:01.032Z,
pp-18134007811,Speed Auto Roulette (Pragmatic),14,Vermelho,Par,2026-09-24 23:24:02,,2026-09-25T02:24:02.000Z,
6ab5db4e1577cf28e8a3dc83,XXXtreme Lightning Roulette,36,Vermelho,Par,2026-09-24 23:24:13,2026-09-25T02:23:22.918Z,2026-09-25T02:24:13.828Z,8x50 11x100
pp-18134008811,Auto Mega Roulette (Pragmatic),8,Preto,Par,2026-09-24 23:24:29,,2026-09-25T02:24:29.000Z,3x50 13x200
pp-18134009211,Auto Roulette (Pragmatic),7,Vermelho,Impar,2026-09-24 23:24:35,,2026-09-25T02:24:35.000Z,
6ab5db631577cf28e8a3dc85,Lightning Roulette,10,Preto,Par,2026-09-24 23:24:35,2026-09-25T02:23:53.457Z,2026-09-25T02:24:35.367Z,7x100 10x100
pp-18134009511,Speed Auto Roulette (Pragmatic),10,Preto,Par,2026-09-24 23:24:36,,2026-09-25T02:24:36.000Z,
6ab5db6b1577cf28e8a3dc86,Immersive Roulette,15,Preto,Impar,2026-09-24 23:24:43,2026-09-25T02:23:52.043Z,2026-09-25T02:24:43.428Z,
6ab5db701577cf28e8a3dc88,Auto Roulette (Evolution),33,Preto,Impar,2026-09-24 23:24:48,2026-09-25T02:24:04.118Z,2026-09-25T02:24:48.528Z,
6ab5db821577cf28e8a3dc8c,XXXtreme Lightning Roulette,9,Vermelho,Impar,2026-09-24 23:25:06,2026-09-25T02:24:16.921Z,2026-09-25T02:25:06.335Z,1x100 9x50 10x100 19x50 25x100 28x50 29x100
pp-18134010911,Speed Auto Roulette (Pragmatic),16,Vermelho,Par,2026-09-24 23:25:08,,2026-09-25T02:25:08.000Z,
pp-18134010511,Auto Mega Roulette (Pragmatic),34,Vermelho,Par,2026-09-24 23:25:14,,2026-09-25T02:25:14.000Z,8x100 26x50 36x100
pp-18134011011,Auto Roulette (Pragmatic),3,Vermelho,Impar,2026-09-24 23:25:16,,2026-09-25T02:25:16.000Z,
6ab5db951577cf28e8a3dc8e,Lightning Roulette,36,Vermelho,Par,2026-09-24 23:25:25,2026-09-25T02:24:38.481Z,2026-09-25T02:25:25.375Z,0x150 31x50
6ab5db9d1577cf28e8a3dc90,Auto Roulette (Evolution),10,Preto,Par,2026-09-24 23:25:33,2026-09-25T02:24:51.629Z,2026-09-25T02:25:33.032Z,
pp-18134012311,Speed Auto Roulette (Pragmatic),3,Vermelho,Impar,2026-09-24 23:25:42,,2026-09-25T02:25:42.000Z,
6ab5dba81577cf28e8a3dc93,Immersive Roulette,8,Preto,Par,2026-09-24 23:25:43,2026-09-25T02:24:46.483Z,2026-09-25T02:25:43.910Z,
pp-18134012811,Auto Roulette (Pragmatic),2,Preto,Par,2026-09-24 23:25:56,,2026-09-25T02:25:56.000Z,
pp-18134012611,Auto Mega Roulette (Pragmatic),12,Vermelho,Par,2026-09-24 23:25:58,,2026-09-25T02:25:58.000Z,9x50 26x150 29x100
6ab5dbc0938113e0387ad7ed,XXXtreme Lightning Roulette,23,Vermelho,Impar,2026-09-24 23:26:07,2026-09-25T02:25:09.425Z,2026-09-25T02:26:07.331Z,25x700 27x150 33x50
6ab5dbc51577cf28e8a3dc99,Lightning Roulette,22,Preto,Par,2026-09-24 23:26:12,2026-09-25T02:25:28.469Z,2026-09-25T02:26:12.881Z,19x200 25x100 30x100
pp-18134013711,Speed Auto Roulette (Pragmatic),22,Preto,Par,2026-09-24 23:26:16,,2026-09-25T02:26:16.000Z,
6ab5dbcb1577cf28e8a3dc9c,Auto Roulette (Evolution),35,Preto,Impar,2026-09-24 23:26:19,2026-09-25T02:25:36.112Z,2026-09-25T02:26:19.533Z,
6ab5dbdc1577cf28e8a3dc9d,Immersive Roulette,20,Preto,Par,2026-09-24 23:26:36,2026-09-25T02:25:46.996Z,2026-09-25T02:26:36.366Z,
pp-18134014311,Auto Roulette (Pragmatic),19,Vermelho,Impar,2026-09-24 23:26:37,,2026-09-25T02:26:37.000Z,
pp-18134014511,Auto Mega Roulette (Pragmatic),11,Preto,Impar,2026-09-24 23:26:43,,2026-09-25T02:26:43.000Z,13x100 16x100 32x50
pp-18134015211,Speed Auto Roulette (Pragmatic),2,Preto,Par,2026-09-24 23:26:48,,2026-09-25T02:26:48.000Z,
6ab5dbf3938113e0387ad7f3,XXXtreme Lightning Roulette,27,Vermelho,Impar,2026-09-24 23:26:58,2026-09-25T02:26:10.461Z,2026-09-25T02:26:58.335Z,13x100 15x100 2x400 21x50
6ab5dbf51577cf28e8a3dca3,Lightning Roulette,35,Preto,Impar,2026-09-24 23:27:01,2026-09-25T02:26:15.967Z,2026-09-25T02:27:01.406Z,11x50 30x100 31x100
6ab5dbf71577cf28e8a3dca4,Auto Roulette (Evolution),35,Preto,Impar,2026-09-24 23:27:03,2026-09-25T02:26:22.631Z,2026-09-25T02:27:03.031Z,
pp-18134016011,Auto Roulette (Pragmatic),28,Preto,Par,2026-09-24 23:27:13,,2026-09-25T02:27:13.000Z,
pp-18134016311,Speed Auto Roulette (Pragmatic),33,Preto,Impar,2026-09-24 23:27:24,,2026-09-25T02:27:24.000Z,
pp-18134016211,Auto Mega Roulette (Pragmatic),25,Vermelho,Impar,2026-09-24 23:27:27,,2026-09-25T02:27:27.000Z,2x100 12x100
6ab5dc0f1577cf28e8a3dca7,Immersive Roulette,30,Vermelho,Par,2026-09-24 23:27:27,2026-09-25T02:26:39.424Z,2026-09-25T02:27:27.637Z,
6ab5dc221577cf28e8a3dcab,Lightning Roulette,14,Vermelho,Par,2026-09-24 23:27:46,2026-09-25T02:27:04.561Z,2026-09-25T02:27:46.378Z,5x50 30x50
6ab5dc231577cf28e8a3dcac,Auto Roulette (Evolution),29,Preto,Impar,2026-09-24 23:27:47,2026-09-25T02:27:06.118Z,2026-09-25T02:27:47.532Z,
6ab5dc291577cf28e8a3dcae,XXXtreme Lightning Roulette,26,Preto,Par,2026-09-24 23:27:53,2026-09-25T02:27:01.433Z,2026-09-25T02:27:53.343Z,3x100 12x150
pp-18134017611,Auto Roulette (Pragmatic),4,Preto,Par,2026-09-24 23:27:57,,2026-09-25T02:27:57.000Z,
pp-18134017811,Speed Auto Roulette (Pragmatic),36,Vermelho,Par,2026-09-24 23:27:58,,2026-09-25T02:27:58.000Z,
pp-18134018311,Auto Mega Roulette (Pragmatic),18,Vermelho,Par,2026-09-24 23:28:12,,2026-09-25T02:28:12.000Z,8x400 24x100 36x50
6ab5dc411577cf28e8a3dcb2,Immersive Roulette,22,Preto,Par,2026-09-24 23:28:17,2026-09-25T02:27:30.717Z,2026-09-25T02:28:17.298Z,
6ab5dc4e1577cf28e8a3dcb4,Auto Roulette (Evolution),26,Preto,Par,2026-09-24 23:28:30,2026-09-25T02:27:50.662Z,2026-09-25T02:28:30.535Z,
6ab5dc4f1577cf28e8a3dcb5,Lightning Roulette,33,Preto,Impar,2026-09-24 23:28:30,2026-09-25T02:27:49.451Z,2026-09-25T02:28:30.873Z,11x200 27x100 31x150
pp-18134019411,Speed Auto Roulette (Pragmatic),27,Vermelho,Impar,2026-09-24 23:28:34,,2026-09-25T02:28:34.000Z,
pp-18134019611,Auto Roulette (Pragmatic),25,Vermelho,Impar,2026-09-24 23:28:38,,2026-09-25T02:28:38.000Z,
6ab5dc5d1577cf28e8a3dcb6,XXXtreme Lightning Roulette,26,Preto,Par,2026-09-24 23:28:44,2026-09-25T02:27:56.434Z,2026-09-25T02:28:44.858Z,25x50 26x100
pp-18134020211,Auto Mega Roulette (Pragmatic),8,Preto,Par,2026-09-24 23:28:55,,2026-09-25T02:28:55.000Z,21x50 28x50 35x100
pp-18134021111,Speed Auto Roulette (Pragmatic),14,Vermelho,Par,2026-09-24 23:29:07,,2026-09-25T02:29:07.000Z,
6ab5dc771577cf28e8a3dcb9,Immersive Roulette,25,Vermelho,Impar,2026-09-24 23:29:10,2026-09-25T02:28:20.384Z,2026-09-25T02:29:10.960Z,
6ab5dc791577cf28e8a3dcbb,Auto Roulette (Evolution),26,Preto,Par,2026-09-24 23:29:13,2026-09-25T02:28:33.640Z,2026-09-25T02:29:13.525Z,
pp-18134021211,Auto Roulette (Pragmatic),14,Vermelho,Par,2026-09-24 23:29:16,,2026-09-25T02:29:16.000Z,
6ab5dc7e1577cf28e8a3dcbc,Lightning Roulette,22,Preto,Par,2026-09-24 23:29:18,2026-09-25T02:28:33.968Z,2026-09-25T02:29:18.384Z,15x50 20x50
6ab5dc92938113e0387ad805,XXXtreme Lightning Roulette,16,Vermelho,Par,2026-09-24 23:29:37,2026-09-25T02:28:47.944Z,2026-09-25T02:29:37.350Z,16x100 2x100 30x100
pp-18134022111,Auto Mega Roulette (Pragmatic),7,Vermelho,Impar,2026-09-24 23:29:39,,2026-09-25T02:29:39.000Z,13x150 15x100 34x200
pp-18134022711,Speed Auto Roulette (Pragmatic),30,Vermelho,Par,2026-09-24 23:29:43,,2026-09-25T02:29:43.000Z,
pp-18134023011,Auto Roulette (Pragmatic),21,Vermelho,Impar,2026-09-24 23:29:53,,2026-09-25T02:29:53.000Z,
6ab5dca71577cf28e8a3dcc2,Auto Roulette (Evolution),5,Vermelho,Impar,2026-09-24 23:29:59,2026-09-25T02:29:16.597Z,2026-09-25T02:29:59.529Z,
6ab5dcac1577cf28e8a3dcc3,Lightning Roulette,17,Preto,Impar,2026-09-24 23:30:04,2026-09-25T02:29:21.499Z,2026-09-25T02:30:04.370Z,9x100 14x200 23x50
6ab5dcad1577cf28e8a3dcc5,Immersive Roulette,4,Preto,Par,2026-09-24 23:30:05,2026-09-25T02:29:14.024Z,2026-09-25T02:30:05.038Z,
pp-18134024311,Speed Auto Roulette (Pragmatic),26,Preto,Par,2026-09-24 23:30:16,,2026-09-25T02:30:16.000Z,
pp-18134024011,Auto Mega Roulette (Pragmatic),12,Vermelho,Par,2026-09-24 23:30:22,,2026-09-25T02:30:22.000Z,14x100 21x150
pp-18134024711,Auto Roulette (Pragmatic),35,Preto,Impar,2026-09-24 23:30:32,,2026-09-25T02:30:32.000Z,
